Date,Region,Product,Quantity,UnitPrice,StoreLocation,CustomerType,Discount,Salesperson,TotalPrice,PaymentMethod,Promotion,Returned,OrderID,CustomerName,ShippingCost,OrderDate,DeliveryDate,RegionManager,DeliveryDays,CalcRevenue,Year,Month,Quarter,YearMonth,NetRevenue,GrossProfit,DiscountBucket
2023-02-23,East,Laptop,14,163.6,Store B,Wholesale,0.0,Eva,2290.4,Online,FREESHIP,0,REG100000,Cust 6583,43.34,2023-02-23,2023-02-27,Eric,4,2290.4,2023,2,1,2023-02,2290.4,2247.06,No Discount
2024-12-19,South,Phone,1,544.01,Store A,Retail,0.0,Alice,544.01,Gift Card,SAVE10,0,REG100001,Cust 2144,5.3,2024-12-19,2024-12-28,Sophie,9,544.01,2024,12,4,2024-12,544.01,538.71,No Discount
2023-05-10,North,Desk,14,346.18,Store B,Wholesale,0.1,Alice,4361.868,Online,WINTER15,0,REG100002,Cust 5998,20.46,2023-05-10,2023-05-19,Ryan,9,4361.868,2023,5,2,2023-05,4361.868,4341.408,Mid (6–10%)
2025-02-26,Central,Chair,18,384.82,Store A,Wholesale,0.15,Frank,5887.746,Gift Card,FREESHIP,0,REG100003,Cust 7136,27.95,2025-02-26,2025-03-02,Cameron,4,5887.746,2025,2,1,2025-02,5887.746,5859.796,High (11–15%)
2023-06-24,East,Desk,18,237.76,Store C,Retail,0.0,Carlos,4279.68,Online,SAVE10,0,REG100004,Cust 6506,5.73,2023-06-24,2023-06-27,Eric,3,4279.68,2023,6,2,2023-06,4279.68,4273.950000000001,No Discount
2024-02-20,Central,Monitor,2,385.09,Store D,Wholesale,0.15,Diana,654.6529999999999,Credit Card,None,0,REG100005,Cust 3909,11.92,2024-02-20,2024-03-01,Cameron,10,654.6529999999999,2024,2,1,2024-02,654.6529999999999,642.733,High (11–15%)
2023-01-11,South,Chair,7,17.5,Store C,Retail,0.1,Alice,110.25,Debit Card,WINTER15,0,REG100006,Cust 7887,5.02,2023-01-11,2023-01-14,Sophie,3,110.25,2023,1,1,2023-01,110.25,105.23,Mid (6–10%)
2023-01-09,Central,Chair,3,330.22,Store C,Wholesale,0.15,Carlos,842.061,Cash,None,0,REG100007,Cust 5301,48.01,2023-01-09,2023-01-11,Cameron,2,842.061,2023,1,1,2023-01,842.061,794.051,High (11–15%)
2024-10-16,South,Chair,3,432.04,Store D,Wholesale,0.05,Bob,1231.314,Debit Card,FREESHIP,1,REG100008,Cust 2284,42.11,2024-10-16,2024-10-18,Sophie,2,1231.314,2024,10,4,2024-10,0.0,-42.11,Low (1–5%)
2025-03-05,West,Desk,5,323.28,Store D,Retail,0.1,Frank,1454.76,Gift Card,SAVE10,0,REG100009,Cust 3732,41.1,2025-03-05,2025-03-13,Wendy,8,1454.76,2025,3,1,2025-03,1454.76,1413.66,Mid (6–10%)
2024-04-10,North,Desk,15,523.29,Store B,Wholesale,0.15,Eva,6671.947499999999,Debit Card,None,0,REG100010,Cust 1462,12.14,2024-04-10,2024-04-17,Ryan,7,6671.947499999999,2024,4,2,2024-04,6671.947499999999,6659.807499999999,High (11–15%)
2024-07-12,East,Phone,19,207.35,Store D,Retail,0.1,Eva,3545.685,Gift Card,None,1,REG100011,Cust 4330,44.89,2024-07-12,2024-07-18,Eric,6,3545.685,2024,7,3,2024-07,0.0,-44.89,Mid (6–10%)
2023-07-21,Central,Phone,1,120.53,Store B,Retail,0.05,Diana,114.5035,Cash,WINTER15,0,REG100012,Cust 2372,20.35,2023-07-21,2023-07-31,Cameron,10,114.5035,2023,7,3,2023-07,114.5035,94.15350000000001,Low (1–5%)
2025-01-18,West,Tablet,1,157.83,Store A,Wholesale,0.15,Carlos,134.1555,Debit Card,None,0,REG100013,Cust 4672,42.82,2025-01-18,2025-01-22,Wendy,4,134.15550000000002,2025,1,1,2025-01,134.1555,91.3355,High (11–15%)
2024-12-08,North,Desk,15,220.3,Store B,Retail,0.15,Diana,2808.825,Debit Card,None,0,REG100014,Cust 4548,39.66,2024-12-08,2024-12-15,Ryan,7,2808.825,2024,12,4,2024-12,2808.825,2769.165,High (11–15%)
2025-05-11,West,Chair,17,162.96,Store A,Wholesale,0.05,Eva,2631.804,Gift Card,FREESHIP,0,REG100015,Cust 7037,8.11,2025-05-11,2025-05-17,Wendy,6,2631.804,2025,5,2,2025-05,2631.804,2623.694,Low (1–5%)
2023-02-26,West,Laptop,19,236.11,Store D,Wholesale,0.0,Bob,4486.09,Online,WINTER15,0,REG100016,Cust 4975,34.11,2023-02-26,2023-03-04,Wendy,6,4486.09,2023,2,1,2023-02,4486.09,4451.9800000000005,No Discount
2024-05-28,Central,Desk,11,573.14,Store D,Retail,0.05,Diana,5989.313,Cash,SAVE10,0,REG100017,Cust 8014,34.71,2024-05-28,2024-06-01,Cameron,4,5989.313,2024,5,2,2024-05,5989.313,5954.603,Low (1–5%)
2023-11-30,East,Phone,20,519.04,Store B,Retail,0.15,Carlos,8823.679999999998,Gift Card,FREESHIP,0,REG100018,Cust 1228,19.43,2023-11-30,2023-12-08,Eric,8,8823.679999999998,2023,11,4,2023-11,8823.679999999998,8804.249999999998,High (11–15%)
2023-06-22,West,Desk,14,30.83,Store B,Retail,0.0,Carlos,431.62,Online,WINTER15,1,REG100019,Cust 4247,7.1,2023-06-22,2023-07-02,Wendy,10,431.62,2023,6,2,2023-06,0.0,-7.1,No Discount
2025-06-05,West,Phone,10,319.05,Store D,Wholesale,0.0,Diana,3190.5,Online,None,0,REG100020,Cust 4199,28.43,2025-06-05,2025-06-08,Wendy,3,3190.5,2025,6,2,2025-06,3190.5,3162.07,No Discount
2023-03-03,Central,Chair,14,312.79,Store A,Retail,0.05,Bob,4160.107,Online,None,1,REG100021,Cust 4186,46.83,2023-03-03,2023-03-08,Cameron,5,4160.107,2023,3,1,2023-03,0.0,-46.83,Low (1–5%)
2024-02-18,North,Laptop,14,395.45,Store C,Retail,0.0,Carlos,5536.3,Cash,FREESHIP,1,REG100022,Cust 8137,36.45,2024-02-18,2024-02-22,Ryan,4,5536.3,2024,2,1,2024-02,0.0,-36.45,No Discount
2023-08-06,Central,Laptop,12,472.72,Store D,Retail,0.15,Diana,4821.744000000001,Credit Card,None,0,REG100023,Cust 4638,27.97,2023-08-06,2023-08-14,Cameron,8,4821.744000000001,2023,8,3,2023-08,4821.744000000001,4793.774,High (11–15%)
2024-05-23,North,Desk,5,288.01,Store A,Wholesale,0.0,Eva,1440.05,Credit Card,FREESHIP,0,REG100024,Cust 8538,46.69,2024-05-23,2024-05-30,Ryan,7,1440.05,2024,5,2,2024-05,1440.05,1393.36,No Discount
2023-10-23,East,Phone,13,562.29,Store D,Retail,0.0,Diana,7309.77,Gift Card,SAVE10,0,REG100025,Cust 6322,38.13,2023-10-23,2023-10-28,Eric,5,7309.7699999999995,2023,10,4,2023-10,7309.77,7271.64,No Discount
2025-06-16,West,Phone,1,101.73,Store D,Retail,0.0,Frank,101.73,Debit Card,WINTER15,0,REG100026,Cust 2609,11.59,2025-06-16,2025-06-25,Wendy,9,101.73,2025,6,2,2025-06,101.73,90.14,No Discount
2023-03-03,North,Phone,4,279.49,Store B,Retail,0.0,Diana,1117.96,Credit Card,FREESHIP,0,REG100027,Cust 6880,24.78,2023-03-03,2023-03-08,Ryan,5,1117.96,2023,3,1,2023-03,1117.96,1093.18,No Discount
2024-11-18,South,Laptop,1,178.55,Store A,Retail,0.15,Carlos,151.7675,Debit Card,SAVE10,1,REG100028,Cust 1997,7.61,2024-11-18,2024-11-21,Sophie,3,151.7675,2024,11,4,2024-11,0.0,-7.61,High (11–15%)
2023-05-09,Central,Tablet,1,472.07,Store A,Wholesale,0.1,Carlos,424.863,Online,FREESHIP,0,REG100029,Cust 7072,33.17,2023-05-09,2023-05-17,Cameron,8,424.863,2023,5,2,2023-05,424.863,391.693,Mid (6–10%)
2024-12-07,North,Tablet,12,306.29,Store D,Retail,0.0,Frank,3675.48,Debit Card,SAVE10,0,REG100030,Cust 7201,37.38,2024-12-07,2024-12-14,Ryan,7,3675.4800000000005,2024,12,4,2024-12,3675.48,3638.1,No Discount
2024-02-13,North,Phone,7,434.77,Store C,Retail,0.15,Frank,2586.8815,Online,SAVE10,0,REG100031,Cust 9923,12.35,2024-02-13,2024-02-15,Ryan,2,2586.8815,2024,2,1,2024-02,2586.8815,2574.5315,High (11–15%)
2025-03-09,South,Desk,6,64.98,Store C,Retail,0.0,Carlos,389.88,Debit Card,WINTER15,0,REG100032,Cust 2205,21.25,2025-03-09,2025-03-15,Sophie,6,389.88,2025,3,1,2025-03,389.88,368.63,No Discount
2023-04-05,Central,Desk,17,476.49,Store D,Retail,0.0,Alice,8100.33,Gift Card,None,0,REG100033,Cust 6403,17.91,2023-04-05,2023-04-11,Cameron,6,8100.33,2023,4,2,2023-04,8100.33,8082.42,No Discount
2025-05-08,North,Monitor,4,559.72,Store D,Retail,0.15,Diana,1903.048,Online,SAVE10,0,REG100034,Cust 3953,41.91,2025-05-08,2025-05-12,Ryan,4,1903.048,2025,5,2,2025-05,1903.048,1861.138,High (11–15%)
2023-09-03,North,Tablet,14,82.14,Store C,Retail,0.0,Alice,1149.96,Credit Card,None,0,REG100035,Cust 7902,12.57,2023-09-03,2023-09-11,Ryan,8,1149.96,2023,9,3,2023-09,1149.96,1137.39,No Discount
2025-03-21,Central,Chair,9,343.21,Store A,Retail,0.05,Carlos,2934.4455,Debit Card,FREESHIP,0,REG100036,Cust 9968,40.29,2025-03-21,2025-03-28,Cameron,7,2934.4455,2025,3,1,2025-03,2934.4455,2894.1555,Low (1–5%)
2025-06-20,South,Chair,7,301.01,Store B,Retail,0.15,Diana,1791.0095,Cash,SAVE10,1,REG100037,Cust 3787,34.97,2025-06-20,2025-06-30,Sophie,10,1791.0094999999997,2025,6,2,2025-06,0.0,-34.97,High (11–15%)
2024-02-15,Central,Printer,14,428.13,Store C,Retail,0.1,Bob,5394.438,Cash,None,1,REG100038,Cust 2469,24.77,2024-02-15,2024-02-25,Cameron,10,5394.438,2024,2,1,2024-02,0.0,-24.77,Mid (6–10%)
2023-06-09,Central,Laptop,2,503.28,Store D,Retail,0.15,Alice,855.5759999999999,Gift Card,None,0,REG100039,Cust 6468,34.79,2023-06-09,2023-06-17,Cameron,8,855.5759999999999,2023,6,2,2023-06,855.5759999999999,820.786,High (11–15%)
2023-08-10,South,Printer,5,470.32,Store A,Retail,0.1,Eva,2116.44,Debit Card,SAVE10,0,REG100040,Cust 5312,17.77,2023-08-10,2023-08-14,Sophie,4,2116.44,2023,8,3,2023-08,2116.44,2098.67,Mid (6–10%)
2024-06-16,Central,Printer,20,65.17,Store C,Wholesale,0.05,Eva,1238.23,Gift Card,FREESHIP,0,REG100041,Cust 1482,21.72,2024-06-16,2024-06-25,Cameron,9,1238.23,2024,6,2,2024-06,1238.23,1216.51,Low (1–5%)
2023-07-23,South,Laptop,12,36.17,Store A,Retail,0.0,Eva,434.04,Online,WINTER15,0,REG100042,Cust 7903,34.85,2023-07-23,2023-07-26,Sophie,3,434.04,2023,7,3,2023-07,434.04,399.19,No Discount
2023-05-20,Central,Printer,4,459.31,Store D,Wholesale,0.15,Carlos,1561.654,Gift Card,WINTER15,1,REG100043,Cust 9605,27.39,2023-05-20,2023-05-27,Cameron,7,1561.654,2023,5,2,2023-05,0.0,-27.39,High (11–15%)
2023-06-30,South,Laptop,2,416.06,Store D,Retail,0.05,Eva,790.514,Debit Card,SAVE10,0,REG100044,Cust 3298,11.62,2023-06-30,2023-07-04,Sophie,4,790.514,2023,6,2,2023-06,790.514,778.894,Low (1–5%)
2024-06-04,South,Tablet,16,302.58,Store D,Retail,0.0,Alice,4841.28,Online,WINTER15,1,REG100045,Cust 5533,20.76,2024-06-04,2024-06-14,Sophie,10,4841.28,2024,6,2,2024-06,0.0,-20.76,No Discount
2025-02-03,West,Chair,11,33.13,Store A,Retail,0.15,Frank,309.7655,Online,FREESHIP,0,REG100046,Cust 6362,24.95,2025-02-03,2025-02-05,Wendy,2,309.7655,2025,2,1,2025-02,309.7655,284.8155,High (11–15%)
2024-01-09,East,Tablet,8,582.52,Store D,Retail,0.15,Frank,3961.136,Gift Card,WINTER15,0,REG100047,Cust 4826,6.47,2024-01-09,2024-01-13,Eric,4,3961.136,2024,1,1,2024-01,3961.136,3954.666,High (11–15%)
2024-03-14,North,Desk,5,165.15,Store A,Retail,0.1,Eva,743.1750000000001,Gift Card,None,0,REG100048,Cust 2171,20.57,2024-03-14,2024-03-16,Ryan,2,743.1750000000001,2024,3,1,2024-03,743.1750000000001,722.605,Mid (6–10%)
2024-09-06,West,Monitor,14,242.82,Store D,Wholesale,0.15,Alice,2889.558,Cash,WINTER15,1,REG100049,Cust 4005,20.71,2024-09-06,2024-09-13,Wendy,7,2889.558,2024,9,3,2024-09,0.0,-20.71,High (11–15%)
2023-03-17,East,Monitor,13,65.99,Store A,Wholesale,0.1,Frank,772.083,Cash,WINTER15,0,REG100050,Cust 7032,12.87,2023-03-17,2023-03-20,Eric,3,772.083,2023,3,1,2023-03,772.083,759.213,Mid (6–10%)
2025-01-17,West,Chair,2,251.69,Store C,Wholesale,0.0,Alice,503.38,Debit Card,FREESHIP,0,REG100051,Cust 7167,42.49,2025-01-17,2025-01-24,Wendy,7,503.38,2025,1,1,2025-01,503.38,460.89,No Discount
2024-09-12,South,Laptop,1,269.41,Store B,Wholesale,0.1,Eva,242.469,Cash,WINTER15,1,REG100052,Cust 5702,19.22,2024-09-12,2024-09-18,Sophie,6,242.46900000000002,2024,9,3,2024-09,0.0,-19.22,Mid (6–10%)
2024-01-05,South,Monitor,2,371.3,Store B,Wholesale,0.05,Bob,705.47,Credit Card,SAVE10,0,REG100053,Cust 4944,36.51,2024-01-05,2024-01-15,Sophie,10,705.47,2024,1,1,2024-01,705.47,668.96,Low (1–5%)
2024-04-19,West,Tablet,11,288.24,Store A,Wholesale,0.15,Diana,2695.044,Online,None,0,REG100054,Cust 8149,37.39,2024-04-19,2024-04-25,Wendy,6,2695.0440000000003,2024,4,2,2024-04,2695.044,2657.654,High (11–15%)
2025-06-11,Central,Tablet,11,232.75,Store D,Wholesale,0.05,Eva,2432.2375,Credit Card,SAVE10,0,REG100055,Cust 3638,36.33,2025-06-11,2025-06-21,Cameron,10,2432.2374999999997,2025,6,2,2025-06,2432.2375,2395.9075000000003,Low (1–5%)
2025-03-06,East,Phone,17,146.28,Store B,Retail,0.15,Carlos,2113.746,Cash,SAVE10,0,REG100056,Cust 9973,7.84,2025-03-06,2025-03-15,Eric,9,2113.746,2025,3,1,2025-03,2113.746,2105.906,High (11–15%)
2023-05-24,East,Chair,5,100.38,Store C,Retail,0.1,Eva,451.71,Gift Card,WINTER15,1,REG100057,Cust 4214,18.35,2023-05-24,2023-05-26,Eric,2,451.71,2023,5,2,2023-05,0.0,-18.35,Mid (6–10%)
2023-01-27,South,Phone,11,375.48,Store B,Retail,0.05,Bob,3923.766000000001,Debit Card,WINTER15,0,REG100058,Cust 2647,15.95,2023-01-27,2023-02-03,Sophie,7,3923.7660000000005,2023,1,1,2023-01,3923.766000000001,3907.816000000001,Low (1–5%)
2024-03-21,South,Laptop,18,316.89,Store B,Wholesale,0.05,Bob,5418.819,Cash,FREESHIP,0,REG100059,Cust 3552,15.69,2024-03-21,2024-03-27,Sophie,6,5418.8189999999995,2024,3,1,2024-03,5418.819,5403.129000000001,Low (1–5%)
2025-01-25,West,Laptop,20,295.06,Store D,Retail,0.15,Frank,5016.02,Online,SAVE10,1,REG100060,Cust 3354,13.66,2025-01-25,2025-01-31,Wendy,6,5016.0199999999995,2025,1,1,2025-01,0.0,-13.66,High (11–15%)
2023-06-12,Central,Phone,8,301.68,Store D,Retail,0.0,Eva,2413.44,Cash,SAVE10,0,REG100061,Cust 3903,36.54,2023-06-12,2023-06-21,Cameron,9,2413.44,2023,6,2,2023-06,2413.44,2376.9,No Discount
2025-03-22,Central,Chair,3,475.39,Store B,Retail,0.1,Alice,1283.553,Gift Card,None,0,REG100062,Cust 5358,15.62,2025-03-22,2025-03-26,Cameron,4,1283.553,2025,3,1,2025-03,1283.553,1267.9330000000002,Mid (6–10%)
2024-02-24,Central,Desk,16,47.25,Store D,Retail,0.15,Bob,642.6,Debit Card,FREESHIP,0,REG100063,Cust 8144,29.5,2024-02-24,2024-02-27,Cameron,3,642.6,2024,2,1,2024-02,642.6,613.1,High (11–15%)
2023-12-09,South,Chair,15,511.17,Store B,Wholesale,0.0,Frank,7667.55,Online,FREESHIP,0,REG100064,Cust 6747,21.77,2023-12-09,2023-12-12,Sophie,3,7667.55,2023,12,4,2023-12,7667.55,7645.78,No Discount
2023-10-01,Central,Monitor,3,66.58,Store B,Retail,0.1,Frank,179.766,Debit Card,FREESHIP,0,REG100065,Cust 8330,22.43,2023-10-01,2023-10-05,Cameron,4,179.76600000000002,2023,10,4,2023-10,179.766,157.33599999999998,Mid (6–10%)
2023-07-31,West,Tablet,5,490.52,Store D,Wholesale,0.05,Frank,2329.97,Online,None,0,REG100066,Cust 7186,12.24,2023-07-31,2023-08-07,Wendy,7,2329.97,2023,7,3,2023-07,2329.97,2317.73,Low (1–5%)
2024-12-24,South,Chair,8,405.96,Store A,Wholesale,0.05,Carlos,3085.296,Credit Card,WINTER15,0,REG100067,Cust 8287,41.27,2024-12-24,2024-12-31,Sophie,7,3085.296,2024,12,4,2024-12,3085.296,3044.026,Low (1–5%)
2024-11-15,North,Phone,1,159.41,Store B,Retail,0.1,Bob,143.469,Credit Card,FREESHIP,0,REG100068,Cust 3986,35.14,2024-11-15,2024-11-19,Ryan,4,143.469,2024,11,4,2024-11,143.469,108.329,Mid (6–10%)
2025-03-13,West,Monitor,16,38.49,Store C,Retail,0.15,Carlos,523.464,Debit Card,SAVE10,0,REG100069,Cust 3213,8.38,2025-03-13,2025-03-22,Wendy,9,523.464,2025,3,1,2025-03,523.464,515.0840000000001,High (11–15%)
2024-03-03,East,Tablet,15,328.36,Store D,Retail,0.15,Alice,4186.59,Gift Card,WINTER15,0,REG100070,Cust 1907,15.76,2024-03-03,2024-03-12,Eric,9,4186.59,2024,3,1,2024-03,4186.59,4170.83,High (11–15%)
2023-02-11,Central,Tablet,20,548.01,Store A,Wholesale,0.1,Eva,9864.18,Credit Card,WINTER15,1,REG100071,Cust 4639,5.89,2023-02-11,2023-02-14,Cameron,3,9864.18,2023,2,1,2023-02,0.0,-5.89,Mid (6–10%)
2023-10-26,South,Desk,13,484.45,Store B,Wholesale,0.05,Carlos,5982.9575,Gift Card,WINTER15,1,REG100072,Cust 4153,6.57,2023-10-26,2023-11-05,Sophie,10,5982.9574999999995,2023,10,4,2023-10,0.0,-6.57,Low (1–5%)
2023-10-21,South,Monitor,13,195.84,Store A,Wholesale,0.05,Alice,2418.624,Credit Card,None,0,REG100073,Cust 7096,33.52,2023-10-21,2023-10-28,Sophie,7,2418.624,2023,10,4,2023-10,2418.624,2385.104,Low (1–5%)
2024-01-14,Central,Tablet,19,29.94,Store D,Retail,0.15,Diana,483.531,Debit Card,FREESHIP,0,REG100074,Cust 3806,33.59,2024-01-14,2024-01-20,Cameron,6,483.531,2024,1,1,2024-01,483.531,449.94100000000003,High (11–15%)
2023-07-27,Central,Desk,10,553.91,Store D,Wholesale,0.1,Eva,4985.19,Online,None,0,REG100075,Cust 9345,31.3,2023-07-27,2023-07-31,Cameron,4,4985.19,2023,7,3,2023-07,4985.19,4953.889999999999,Mid (6–10%)
2024-10-23,South,Phone,14,445.52,Store B,Retail,0.1,Bob,5613.552,Online,SAVE10,0,REG100076,Cust 4456,14.41,2024-10-23,2024-10-25,Sophie,2,5613.552,2024,10,4,2024-10,5613.552,5599.142,Mid (6–10%)
2023-09-26,South,Chair,5,551.58,Store B,Retail,0.15,Alice,2344.215,Online,WINTER15,1,REG100077,Cust 1089,7.87,2023-09-26,2023-10-01,Sophie,5,2344.215,2023,9,3,2023-09,0.0,-7.87,High (11–15%)
2023-12-16,East,Phone,13,241.4,Store D,Retail,0.0,Carlos,3138.2,Gift Card,SAVE10,0,REG100078,Cust 7230,49.05,2023-12-16,2023-12-20,Eric,4,3138.2000000000003,2023,12,4,2023-12,3138.2,3089.1499999999996,No Discount
2024-01-02,Central,Printer,19,351.93,Store A,Wholesale,0.0,Alice,6686.67,Credit Card,None,0,REG100079,Cust 6597,39.98,2024-01-02,2024-01-05,Cameron,3,6686.67,2024,1,1,2024-01,6686.67,6646.6900000000005,No Discount
2024-02-16,North,Phone,4,83.75,Store A,Retail,0.05,Alice,318.25,Debit Card,SAVE10,1,REG100080,Cust 4108,38.82,2024-02-16,2024-02-25,Ryan,9,318.25,2024,2,1,2024-02,0.0,-38.82,Low (1–5%)
2024-05-03,East,Monitor,5,416.95,Store A,Wholesale,0.15,Frank,1772.0375,Online,None,1,REG100081,Cust 2883,24.03,2024-05-03,2024-05-12,Eric,9,1772.0375,2024,5,2,2024-05,0.0,-24.03,High (11–15%)
2023-05-27,West,Monitor,18,142.43,Store C,Retail,0.05,Bob,2435.553,Credit Card,SAVE10,1,REG100082,Cust 5018,12.38,2023-05-27,2023-06-02,Wendy,6,2435.553,2023,5,2,2023-05,0.0,-12.38,Low (1–5%)
2023-01-05,East,Desk,12,582.52,Store A,Wholesale,0.0,Bob,6990.24,Credit Card,FREESHIP,0,REG100083,Cust 1231,41.16,2023-01-05,2023-01-11,Eric,6,6990.24,2023,1,1,2023-01,6990.24,6949.08,No Discount
2025-05-21,East,Chair,20,129.56,Store A,Retail,0.15,Diana,2202.52,Online,WINTER15,0,REG100084,Cust 2209,40.21,2025-05-21,2025-05-23,Eric,2,2202.52,2025,5,2,2025-05,2202.52,2162.31,High (11–15%)
2023-07-21,Central,Tablet,17,431.82,Store B,Retail,0.0,Eva,7340.94,Gift Card,FREESHIP,1,REG100085,Cust 6684,37.75,2023-07-21,2023-07-25,Cameron,4,7340.94,2023,7,3,2023-07,0.0,-37.75,No Discount
2025-05-25,East,Laptop,15,15.85,Store C,Retail,0.0,Bob,237.75,Debit Card,WINTER15,0,REG100086,Cust 5289,23.49,2025-05-25,2025-06-03,Eric,9,237.75,2025,5,2,2025-05,237.75,214.26,No Discount
2024-11-16,South,Tablet,20,548.34,Store B,Retail,0.1,Bob,9870.12,Gift Card,WINTER15,0,REG100087,Cust 9159,33.47,2024-11-16,2024-11-22,Sophie,6,9870.12,2024,11,4,2024-11,9870.12,9836.650000000001,Mid (6–10%)
2023-11-19,North,Laptop,16,525.83,Store C,Wholesale,0.05,Frank,7992.616,Online,None,0,REG100088,Cust 4844,36.47,2023-11-19,2023-11-25,Ryan,6,7992.616,2023,11,4,2023-11,7992.616,7956.146,Low (1–5%)
2025-01-12,Central,Laptop,15,411.38,Store A,Wholesale,0.05,Bob,5862.165,Online,SAVE10,0,REG100089,Cust 3273,48.51,2025-01-12,2025-01-21,Cameron,9,5862.165,2025,1,1,2025-01,5862.165,5813.655,Low (1–5%)
2023-03-29,North,Monitor,19,559.95,Store A,Wholesale,0.1,Carlos,9575.145,Credit Card,WINTER15,0,REG100090,Cust 8160,18.3,2023-03-29,2023-04-03,Ryan,5,9575.145,2023,3,1,2023-03,9575.145,9556.845000000001,Mid (6–10%)
2025-03-01,North,Desk,8,179.9,Store C,Retail,0.05,Carlos,1367.24,Online,SAVE10,0,REG100091,Cust 4439,14.8,2025-03-01,2025-03-05,Ryan,4,1367.24,2025,3,1,2025-03,1367.24,1352.44,Low (1–5%)
2023-10-18,North,Chair,12,494.15,Store B,Wholesale,0.15,Diana,5040.329999999999,Online,SAVE10,1,REG100092,Cust 1127,18.05,2023-10-18,2023-10-20,Ryan,2,5040.329999999999,2023,10,4,2023-10,0.0,-18.05,High (11–15%)
2025-04-13,East,Desk,10,462.99,Store C,Wholesale,0.0,Bob,4629.9,Credit Card,WINTER15,0,REG100093,Cust 4696,5.01,2025-04-13,2025-04-15,Eric,2,4629.9,2025,4,2,2025-04,4629.9,4624.889999999999,No Discount
2025-05-13,Central,Laptop,7,460.24,Store A,Retail,0.05,Alice,3060.596,Cash,SAVE10,1,REG100094,Cust 3014,11.54,2025-05-13,2025-05-23,Cameron,10,3060.596,2025,5,2,2025-05,0.0,-11.54,Low (1–5%)
2024-04-21,West,Printer,17,309.52,Store B,Wholesale,0.05,Eva,4998.748,Online,FREESHIP,0,REG100095,Cust 2539,6.11,2024-04-21,2024-04-27,Wendy,6,4998.748,2024,4,2,2024-04,4998.748,4992.638,Low (1–5%)
2025-01-31,Central,Monitor,1,323.83,Store B,Wholesale,0.05,Eva,307.6385,Credit Card,WINTER15,0,REG100096,Cust 3916,27.48,2025-01-31,2025-02-08,Cameron,8,307.63849999999996,2025,1,1,2025-01,307.6385,280.1585,Low (1–5%)
2025-03-14,Central,Chair,10,503.07,Store C,Retail,0.0,Bob,5030.7,Credit Card,FREESHIP,0,REG100097,Cust 6329,44.61,2025-03-14,2025-03-19,Cameron,5,5030.7,2025,3,1,2025-03,5030.7,4986.09,No Discount
2024-05-26,West,Laptop,20,491.68,Store D,Wholesale,0.15,Alice,8358.56,Online,SAVE10,1,REG100098,Cust 4384,43.46,2024-05-26,2024-05-29,Wendy,3,8358.56,2024,5,2,2024-05,0.0,-43.46,High (11–15%)
2023-07-22,North,Phone,17,468.45,Store A,Retail,0.05,Carlos,7565.4675,Credit Card,FREESHIP,0,REG100099,Cust 7756,17.88,2023-07-22,2023-07-26,Ryan,4,7565.4675,2023,7,3,2023-07,7565.4675,7547.5875,Low (1–5%)
2024-03-21,North,Laptop,11,401.76,Store D,Retail,0.15,Frank,3756.456,Gift Card,SAVE10,0,REG100100,Cust 6086,48.03,2024-03-21,2024-03-30,Ryan,9,3756.4559999999997,2024,3,1,2024-03,3756.456,3708.426,High (11–15%)
2023-04-05,West,Printer,3,221.0,Store B,Wholesale,0.0,Frank,663.0,Cash,FREESHIP,0,REG100101,Cust 3845,32.31,2023-04-05,2023-04-08,Wendy,3,663.0,2023,4,2,2023-04,663.0,630.69,No Discount
2024-08-26,East,Monitor,6,188.45,Store C,Wholesale,0.05,Alice,1074.165,Gift Card,None,0,REG100102,Cust 9996,6.77,2024-08-26,2024-09-01,Eric,6,1074.1649999999997,2024,8,3,2024-08,1074.165,1067.395,Low (1–5%)
2024-07-07,North,Desk,3,566.2,Store D,Retail,0.0,Bob,1698.6,Gift Card,FREESHIP,1,REG100103,Cust 1711,28.97,2024-07-07,2024-07-17,Ryan,10,1698.6000000000001,2024,7,3,2024-07,0.0,-28.97,No Discount
2023-09-29,East,Monitor,14,167.09,Store D,Retail,0.05,Alice,2222.297,Gift Card,SAVE10,1,REG100104,Cust 4522,47.05,2023-09-29,2023-10-08,Eric,9,2222.297,2023,9,3,2023-09,0.0,-47.05,Low (1–5%)
2023-10-04,West,Monitor,16,36.16,Store C,Wholesale,0.1,Carlos,520.704,Debit Card,FREESHIP,0,REG100105,Cust 4233,26.64,2023-10-04,2023-10-11,Wendy,7,520.704,2023,10,4,2023-10,520.704,494.06399999999996,Mid (6–10%)
2025-06-09,Central,Printer,2,73.94,Store B,Wholesale,0.05,Carlos,140.486,Debit Card,SAVE10,0,REG100106,Cust 4121,28.05,2025-06-09,2025-06-16,Cameron,7,140.486,2025,6,2,2025-06,140.486,112.43599999999999,Low (1–5%)
2025-06-12,East,Printer,16,459.49,Store A,Wholesale,0.1,Eva,6616.656,Online,SAVE10,0,REG100107,Cust 9092,26.99,2025-06-12,2025-06-14,Eric,2,6616.656,2025,6,2,2025-06,6616.656,6589.666,Mid (6–10%)
2024-06-29,East,Chair,3,168.05,Store A,Retail,0.0,Carlos,504.15,Cash,None,1,REG100108,Cust 9090,21.08,2024-06-29,2024-07-06,Eric,7,504.15000000000003,2024,6,2,2024-06,0.0,-21.08,No Discount
2024-03-23,North,Printer,14,37.54,Store B,Retail,0.15,Alice,446.7259999999999,Credit Card,None,1,REG100109,Cust 1983,49.6,2024-03-23,2024-04-02,Ryan,10,446.72599999999994,2024,3,1,2024-03,0.0,-49.6,High (11–15%)
2024-07-14,South,Tablet,4,151.16,Store B,Wholesale,0.0,Alice,604.64,Gift Card,SAVE10,1,REG100110,Cust 8834,41.4,2024-07-14,2024-07-21,Sophie,7,604.64,2024,7,3,2024-07,0.0,-41.4,No Discount
2024-03-15,South,Tablet,17,78.58,Store A,Wholesale,0.1,Bob,1202.274,Gift Card,WINTER15,0,REG100111,Cust 9780,8.02,2024-03-15,2024-03-25,Sophie,10,1202.274,2024,3,1,2024-03,1202.274,1194.254,Mid (6–10%)
2025-04-19,Central,Chair,15,37.33,Store B,Retail,0.05,Carlos,531.9524999999999,Cash,None,1,REG100112,Cust 1293,43.69,2025-04-19,2025-04-24,Cameron,5,531.9524999999999,2025,4,2,2025-04,0.0,-43.69,Low (1–5%)
2024-02-15,West,Tablet,18,537.02,Store A,Wholesale,0.15,Carlos,8216.406,Debit Card,SAVE10,0,REG100113,Cust 3173,23.94,2024-02-15,2024-02-20,Wendy,5,8216.406,2024,2,1,2024-02,8216.406,8192.466,High (11–15%)
2024-01-25,East,Desk,5,215.6,Store C,Wholesale,0.0,Frank,1078.0,Online,WINTER15,0,REG100114,Cust 8641,28.36,2024-01-25,2024-02-04,Eric,10,1078.0,2024,1,1,2024-01,1078.0,1049.64,No Discount
2025-04-15,Central,Laptop,18,209.5,Store D,Wholesale,0.0,Carlos,3771.0,Credit Card,FREESHIP,0,REG100115,Cust 7656,38.23,2025-04-15,2025-04-23,Cameron,8,3771.0,2025,4,2,2025-04,3771.0,3732.77,No Discount
2025-04-15,Central,Chair,8,348.98,Store A,Retail,0.1,Frank,2512.656,Online,FREESHIP,0,REG100116,Cust 5523,19.17,2025-04-15,2025-04-20,Cameron,5,2512.6560000000004,2025,4,2,2025-04,2512.656,2493.486,Mid (6–10%)
2024-08-11,West,Printer,2,289.14,Store C,Retail,0.05,Diana,549.366,Online,SAVE10,0,REG100117,Cust 2015,5.13,2024-08-11,2024-08-13,Wendy,2,549.366,2024,8,3,2024-08,549.366,544.236,Low (1–5%)
2023-12-01,South,Desk,5,396.93,Store B,Wholesale,0.0,Diana,1984.65,Credit Card,FREESHIP,0,REG100118,Cust 6895,48.63,2023-12-01,2023-12-08,Sophie,7,1984.65,2023,12,4,2023-12,1984.65,1936.02,No Discount
2023-08-06,Central,Laptop,10,508.57,Store D,Retail,0.05,Bob,4831.415,Online,SAVE10,0,REG100119,Cust 1797,9.35,2023-08-06,2023-08-11,Cameron,5,4831.415,2023,8,3,2023-08,4831.415,4822.065,Low (1–5%)
2024-01-24,Central,Laptop,11,259.61,Store C,Wholesale,0.1,Carlos,2570.139,Cash,FREESHIP,0,REG100120,Cust 9969,13.73,2024-01-24,2024-01-31,Cameron,7,2570.139,2024,1,1,2024-01,2570.139,2556.409,Mid (6–10%)
2024-03-07,Central,Chair,9,313.29,Store D,Retail,0.0,Carlos,2819.61,Online,FREESHIP,0,REG100121,Cust 1815,14.04,2024-03-07,2024-03-13,Cameron,6,2819.61,2024,3,1,2024-03,2819.61,2805.57,No Discount
2024-01-22,South,Tablet,5,106.57,Store C,Wholesale,0.1,Carlos,479.5649999999999,Debit Card,SAVE10,1,REG100122,Cust 7773,25.24,2024-01-22,2024-01-28,Sophie,6,479.56499999999994,2024,1,1,2024-01,0.0,-25.24,Mid (6–10%)
2023-02-23,East,Printer,1,109.0,Store B,Retail,0.15,Frank,92.64999999999999,Cash,WINTER15,1,REG100123,Cust 1499,8.03,2023-02-23,2023-02-27,Eric,4,92.64999999999999,2023,2,1,2023-02,0.0,-8.03,High (11–15%)
2023-06-14,North,Tablet,8,323.8,Store B,Retail,0.0,Diana,2590.4,Cash,SAVE10,1,REG100124,Cust 3809,35.23,2023-06-14,2023-06-22,Ryan,8,2590.4,2023,6,2,2023-06,0.0,-35.23,No Discount
2025-05-13,North,Laptop,16,384.32,Store A,Retail,0.05,Frank,5841.664,Cash,FREESHIP,0,REG100125,Cust 7824,21.5,2025-05-13,2025-05-15,Ryan,2,5841.664,2025,5,2,2025-05,5841.664,5820.164,Low (1–5%)
2024-07-30,Central,Printer,16,163.86,Store C,Retail,0.15,Diana,2228.496,Gift Card,FREESHIP,0,REG100126,Cust 7258,37.95,2024-07-30,2024-08-06,Cameron,7,2228.496,2024,7,3,2024-07,2228.496,2190.5460000000003,High (11–15%)
2024-07-18,East,Tablet,5,23.41,Store B,Wholesale,0.0,Frank,117.05,Credit Card,WINTER15,0,REG100127,Cust 1151,26.44,2024-07-18,2024-07-27,Eric,9,117.05,2024,7,3,2024-07,117.05,90.61,No Discount
2024-08-26,East,Printer,20,488.9,Store C,Wholesale,0.15,Eva,8311.3,Gift Card,FREESHIP,0,REG100128,Cust 6486,21.77,2024-08-26,2024-09-01,Eric,6,8311.3,2024,8,3,2024-08,8311.3,8289.529999999999,High (11–15%)
2025-06-08,West,Tablet,7,452.56,Store A,Wholesale,0.05,Frank,3009.524,Gift Card,FREESHIP,0,REG100129,Cust 4034,46.97,2025-06-08,2025-06-15,Wendy,7,3009.524,2025,6,2,2025-06,3009.524,2962.554,Low (1–5%)
2025-05-16,North,Desk,11,465.24,Store A,Wholesale,0.0,Carlos,5117.64,Debit Card,None,1,REG100130,Cust 9794,17.59,2025-05-16,2025-05-23,Ryan,7,5117.64,2025,5,2,2025-05,0.0,-17.59,No Discount
2024-07-18,East,Phone,14,442.65,Store B,Retail,0.0,Eva,6197.099999999999,Gift Card,SAVE10,0,REG100131,Cust 2414,28.76,2024-07-18,2024-07-24,Eric,6,6197.099999999999,2024,7,3,2024-07,6197.099999999999,6168.339999999999,No Discount
2023-09-17,West,Laptop,12,469.44,Store B,Wholesale,0.0,Bob,5633.28,Online,FREESHIP,0,REG100132,Cust 9024,33.3,2023-09-17,2023-09-26,Wendy,9,5633.28,2023,9,3,2023-09,5633.28,5599.98,No Discount
2023-03-13,East,Monitor,14,248.77,Store C,Wholesale,0.05,Bob,3308.641,Debit Card,FREESHIP,1,REG100133,Cust 2663,21.76,2023-03-13,2023-03-19,Eric,6,3308.641,2023,3,1,2023-03,0.0,-21.76,Low (1–5%)
2023-03-29,South,Chair,4,565.29,Store D,Wholesale,0.05,Alice,2148.102,Cash,None,0,REG100134,Cust 2293,27.04,2023-03-29,2023-04-03,Sophie,5,2148.102,2023,3,1,2023-03,2148.102,2121.062,Low (1–5%)
2023-07-14,Central,Desk,12,244.8,Store B,Wholesale,0.05,Frank,2790.72,Online,FREESHIP,0,REG100135,Cust 8963,44.75,2023-07-14,2023-07-23,Cameron,9,2790.7200000000003,2023,7,3,2023-07,2790.72,2745.97,Low (1–5%)
2024-03-22,West,Laptop,13,290.93,Store C,Retail,0.05,Diana,3592.9855,Credit Card,FREESHIP,0,REG100136,Cust 9238,26.09,2024-03-22,2024-03-31,Wendy,9,3592.9855,2024,3,1,2024-03,3592.9855,3566.8954999999996,Low (1–5%)
2024-05-14,Central,Laptop,11,229.49,Store C,Retail,0.1,Bob,2271.951,Cash,None,0,REG100137,Cust 1390,35.39,2024-05-14,2024-05-17,Cameron,3,2271.9510000000005,2024,5,2,2024-05,2271.951,2236.561,Mid (6–10%)
2023-05-30,Central,Monitor,2,427.36,Store A,Wholesale,0.05,Diana,811.984,Online,SAVE10,0,REG100138,Cust 8548,19.42,2023-05-30,2023-06-02,Cameron,3,811.984,2023,5,2,2023-05,811.984,792.5640000000001,Low (1–5%)
2023-03-19,North,Phone,2,443.51,Store C,Wholesale,0.05,Alice,842.669,Cash,None,0,REG100139,Cust 2919,13.65,2023-03-19,2023-03-22,Ryan,3,842.669,2023,3,1,2023-03,842.669,829.019,Low (1–5%)
2023-08-09,Central,Desk,13,280.63,Store B,Wholesale,0.15,Alice,3100.9615,Credit Card,SAVE10,0,REG100140,Cust 5847,10.14,2023-08-09,2023-08-14,Cameron,5,3100.9615,2023,8,3,2023-08,3100.9615,3090.8215,High (11–15%)
2024-10-13,North,Chair,13,416.66,Store B,Wholesale,0.15,Bob,4604.093,Credit Card,WINTER15,0,REG100141,Cust 5711,21.74,2024-10-13,2024-10-20,Ryan,7,4604.093,2024,10,4,2024-10,4604.093,4582.353,High (11–15%)
2025-02-17,East,Chair,11,589.48,Store B,Retail,0.0,Alice,6484.280000000001,Online,WINTER15,0,REG100142,Cust 5461,49.93,2025-02-17,2025-02-25,Eric,8,6484.280000000001,2025,2,1,2025-02,6484.280000000001,6434.35,No Discount
2025-06-11,North,Phone,18,152.84,Store C,Retail,0.15,Diana,2338.452,Debit Card,FREESHIP,1,REG100143,Cust 8905,20.3,2025-06-11,2025-06-20,Ryan,9,2338.4519999999998,2025,6,2,2025-06,0.0,-20.3,High (11–15%)
2024-04-29,Central,Tablet,4,163.66,Store B,Retail,0.0,Bob,654.64,Gift Card,WINTER15,1,REG100144,Cust 9618,31.8,2024-04-29,2024-05-01,Cameron,2,654.64,2024,4,2,2024-04,0.0,-31.8,No Discount
2023-03-18,West,Laptop,19,484.25,Store C,Wholesale,0.15,Bob,7820.6375,Debit Card,FREESHIP,1,REG100145,Cust 5203,29.51,2023-03-18,2023-03-20,Wendy,2,7820.6375,2023,3,1,2023-03,0.0,-29.51,High (11–15%)
2024-12-21,North,Chair,9,380.4,Store B,Retail,0.1,Carlos,3081.24,Credit Card,None,0,REG100146,Cust 1732,31.0,2024-12-21,2024-12-27,Ryan,6,3081.24,2024,12,4,2024-12,3081.24,3050.24,Mid (6–10%)
2023-04-23,West,Chair,17,332.38,Store A,Retail,0.1,Frank,5085.414,Credit Card,SAVE10,1,REG100147,Cust 4734,33.81,2023-04-23,2023-05-02,Wendy,9,5085.414,2023,4,2,2023-04,0.0,-33.81,Mid (6–10%)
2025-05-11,Central,Chair,15,210.94,Store C,Wholesale,0.05,Frank,3005.895,Online,SAVE10,0,REG100148,Cust 5895,10.91,2025-05-11,2025-05-21,Cameron,10,3005.895,2025,5,2,2025-05,3005.895,2994.985,Low (1–5%)
2024-03-03,South,Phone,9,382.8,Store D,Wholesale,0.0,Eva,3445.2,Cash,None,0,REG100149,Cust 9691,47.94,2024-03-03,2024-03-05,Sophie,2,3445.2000000000003,2024,3,1,2024-03,3445.2,3397.2599999999998,No Discount
2025-01-20,North,Monitor,3,386.29,Store C,Retail,0.15,Carlos,985.0395000000001,Credit Card,FREESHIP,0,REG100150,Cust 5406,32.45,2025-01-20,2025-01-30,Ryan,10,985.0395000000001,2025,1,1,2025-01,985.0395000000001,952.5895,High (11–15%)
2025-03-22,North,Tablet,5,225.99,Store C,Retail,0.0,Eva,1129.95,Online,SAVE10,1,REG100151,Cust 5750,10.88,2025-03-22,2025-03-30,Ryan,8,1129.95,2025,3,1,2025-03,0.0,-10.88,No Discount
2025-03-28,South,Printer,20,312.56,Store D,Retail,0.15,Frank,5313.52,Gift Card,WINTER15,0,REG100152,Cust 6506,47.39,2025-03-28,2025-03-30,Sophie,2,5313.5199999999995,2025,3,1,2025-03,5313.52,5266.13,High (11–15%)
2025-02-17,North,Phone,13,433.77,Store C,Wholesale,0.05,Frank,5357.0595,Cash,FREESHIP,0,REG100153,Cust 8280,17.61,2025-02-17,2025-02-21,Ryan,4,5357.0595,2025,2,1,2025-02,5357.0595,5339.449500000001,Low (1–5%)
2024-11-08,South,Tablet,20,159.33,Store A,Wholesale,0.0,Eva,3186.6,Online,FREESHIP,0,REG100154,Cust 4358,26.32,2024-11-08,2024-11-11,Sophie,3,3186.6000000000004,2024,11,4,2024-11,3186.6,3160.2799999999997,No Discount
2024-03-17,South,Phone,18,32.23,Store B,Retail,0.05,Bob,551.1329999999999,Credit Card,FREESHIP,0,REG100155,Cust 3588,6.04,2024-03-17,2024-03-21,Sophie,4,551.1329999999999,2024,3,1,2024-03,551.1329999999999,545.093,Low (1–5%)
2023-08-29,South,Monitor,3,527.77,Store C,Retail,0.1,Bob,1424.979,Cash,FREESHIP,0,REG100156,Cust 4539,48.66,2023-08-29,2023-09-01,Sophie,3,1424.979,2023,8,3,2023-08,1424.979,1376.319,Mid (6–10%)
2023-06-22,South,Chair,14,291.09,Store A,Retail,0.0,Carlos,4075.26,Cash,None,0,REG100157,Cust 7067,39.98,2023-06-22,2023-06-30,Sophie,8,4075.2599999999998,2023,6,2,2023-06,4075.26,4035.28,No Discount
2024-02-24,South,Phone,8,350.12,Store C,Retail,0.0,Alice,2800.96,Gift Card,FREESHIP,1,REG100158,Cust 7720,31.65,2024-02-24,2024-03-01,Sophie,6,2800.96,2024,2,1,2024-02,0.0,-31.65,No Discount
2024-04-10,North,Phone,10,195.26,Store D,Retail,0.05,Alice,1854.97,Credit Card,WINTER15,0,REG100159,Cust 5668,46.91,2024-04-10,2024-04-15,Ryan,5,1854.9699999999998,2024,4,2,2024-04,1854.97,1808.06,Low (1–5%)
2023-05-14,South,Monitor,13,291.1,Store A,Wholesale,0.0,Alice,3784.3,Online,FREESHIP,0,REG100160,Cust 8367,7.66,2023-05-14,2023-05-19,Sophie,5,3784.3,2023,5,2,2023-05,3784.3,3776.6400000000003,No Discount
2023-03-11,South,Monitor,6,93.92,Store B,Wholesale,0.15,Eva,478.992,Credit Card,FREESHIP,0,REG100161,Cust 4438,11.0,2023-03-11,2023-03-18,Sophie,7,478.99199999999996,2023,3,1,2023-03,478.992,467.992,High (11–15%)
2024-08-24,Central,Printer,5,15.92,Store D,Retail,0.0,Eva,79.6,Credit Card,None,1,REG100162,Cust 3481,8.66,2024-08-24,2024-08-26,Cameron,2,79.6,2024,8,3,2024-08,0.0,-8.66,No Discount
2024-02-23,South,Monitor,16,120.22,Store D,Retail,0.15,Bob,1634.992,Cash,SAVE10,0,REG100163,Cust 1489,8.42,2024-02-23,2024-03-01,Sophie,7,1634.992,2024,2,1,2024-02,1634.992,1626.572,High (11–15%)
2024-01-30,North,Monitor,11,118.8,Store A,Retail,0.05,Eva,1241.46,Online,SAVE10,0,REG100164,Cust 6649,39.32,2024-01-30,2024-02-06,Ryan,7,1241.4599999999998,2024,1,1,2024-01,1241.46,1202.14,Low (1–5%)
2024-01-23,East,Tablet,10,92.45,Store C,Wholesale,0.1,Frank,832.0500000000001,Cash,WINTER15,1,REG100165,Cust 6114,42.61,2024-01-23,2024-01-29,Eric,6,832.0500000000001,2024,1,1,2024-01,0.0,-42.61,Mid (6–10%)
2023-01-05,North,Laptop,19,463.51,Store B,Retail,0.0,Bob,8806.69,Cash,FREESHIP,0,REG100166,Cust 9589,49.38,2023-01-05,2023-01-08,Ryan,3,8806.69,2023,1,1,2023-01,8806.69,8757.310000000001,No Discount
2023-12-21,North,Desk,7,284.7,Store D,Wholesale,0.05,Bob,1893.255,Gift Card,None,0,REG100167,Cust 8184,5.36,2023-12-21,2023-12-30,Ryan,9,1893.2549999999999,2023,12,4,2023-12,1893.255,1887.8950000000002,Low (1–5%)
2023-05-25,West,Laptop,20,343.25,Store C,Wholesale,0.05,Alice,6521.75,Debit Card,FREESHIP,0,REG100168,Cust 2490,28.77,2023-05-25,2023-06-02,Wendy,8,6521.75,2023,5,2,2023-05,6521.75,6492.98,Low (1–5%)
2025-06-30,Central,Chair,6,95.24,Store D,Wholesale,0.15,Diana,485.7239999999999,Gift Card,FREESHIP,0,REG100169,Cust 1647,18.72,2025-06-30,2025-07-08,Cameron,8,485.72399999999993,2025,6,2,2025-06,485.7239999999999,467.0039999999999,High (11–15%)
2025-02-12,West,Desk,13,104.8,Store B,Retail,0.05,Diana,1294.28,Credit Card,WINTER15,0,REG100170,Cust 2017,7.79,2025-02-12,2025-02-19,Wendy,7,1294.2799999999997,2025,2,1,2025-02,1294.28,1286.49,Low (1–5%)
2024-01-03,West,Tablet,12,164.31,Store B,Wholesale,0.1,Eva,1774.548,Cash,None,1,REG100171,Cust 3446,38.9,2024-01-03,2024-01-07,Wendy,4,1774.548,2024,1,1,2024-01,0.0,-38.9,Mid (6–10%)
2023-02-03,South,Tablet,10,325.18,Store C,Wholesale,0.1,Alice,2926.62,Cash,WINTER15,0,REG100172,Cust 4877,47.39,2023-02-03,2023-02-13,Sophie,10,2926.6200000000003,2023,2,1,2023-02,2926.62,2879.23,Mid (6–10%)
2024-03-01,East,Monitor,17,542.82,Store A,Wholesale,0.0,Alice,9227.94,Debit Card,WINTER15,1,REG100173,Cust 9112,7.13,2024-03-01,2024-03-08,Eric,7,9227.94,2024,3,1,2024-03,0.0,-7.13,No Discount
2023-05-24,North,Tablet,14,207.48,Store C,Wholesale,0.05,Eva,2759.483999999999,Online,None,0,REG100174,Cust 8172,5.7,2023-05-24,2023-06-02,Ryan,9,2759.4839999999995,2023,5,2,2023-05,2759.483999999999,2753.783999999999,Low (1–5%)
2025-06-22,North,Printer,17,527.88,Store D,Retail,0.05,Bob,8525.261999999999,Cash,WINTER15,0,REG100175,Cust 4597,21.32,2025-06-22,2025-06-28,Ryan,6,8525.261999999999,2025,6,2,2025-06,8525.261999999999,8503.942,Low (1–5%)
2023-04-10,North,Chair,11,71.21,Store B,Retail,0.05,Diana,744.1444999999999,Online,None,1,REG100176,Cust 3690,44.2,2023-04-10,2023-04-14,Ryan,4,744.1444999999999,2023,4,2,2023-04,0.0,-44.2,Low (1–5%)
2025-03-04,Central,Printer,8,486.07,Store B,Retail,0.0,Carlos,3888.56,Debit Card,FREESHIP,0,REG100177,Cust 2893,10.68,2025-03-04,2025-03-10,Cameron,6,3888.56,2025,3,1,2025-03,3888.56,3877.88,No Discount
2024-07-11,East,Laptop,6,555.03,Store C,Retail,0.1,Frank,2997.162,Credit Card,None,1,REG100178,Cust 5602,23.69,2024-07-11,2024-07-20,Eric,9,2997.162,2024,7,3,2024-07,0.0,-23.69,Mid (6–10%)
2024-08-17,East,Desk,13,421.08,Store B,Wholesale,0.0,Bob,5474.04,Cash,None,0,REG100179,Cust 5616,24.51,2024-08-17,2024-08-20,Eric,3,5474.04,2024,8,3,2024-08,5474.04,5449.53,No Discount
2025-06-30,North,Laptop,16,76.17,Store D,Wholesale,0.1,Alice,1096.848,Cash,WINTER15,0,REG100180,Cust 1312,41.88,2025-06-30,2025-07-09,Ryan,9,1096.848,2025,6,2,2025-06,1096.848,1054.9679999999998,Mid (6–10%)
2024-11-06,South,Printer,3,503.55,Store C,Wholesale,0.1,Bob,1359.585,Credit Card,WINTER15,0,REG100181,Cust 6315,37.49,2024-11-06,2024-11-13,Sophie,7,1359.585,2024,11,4,2024-11,1359.585,1322.095,Mid (6–10%)
2025-04-01,East,Tablet,5,31.56,Store D,Retail,0.0,Diana,157.8,Online,SAVE10,1,REG100182,Cust 1224,29.56,2025-04-01,2025-04-04,Eric,3,157.79999999999998,2025,4,2,2025-04,0.0,-29.56,No Discount
2024-07-01,West,Laptop,16,72.92,Store C,Wholesale,0.05,Frank,1108.384,Cash,FREESHIP,0,REG100183,Cust 7182,5.7,2024-07-01,2024-07-06,Wendy,5,1108.384,2024,7,3,2024-07,1108.384,1102.684,Low (1–5%)
2023-12-09,West,Printer,18,421.93,Store D,Retail,0.05,Bob,7215.003,Gift Card,WINTER15,0,REG100184,Cust 7901,23.42,2023-12-09,2023-12-18,Wendy,9,7215.003,2023,12,4,2023-12,7215.003,7191.583,Low (1–5%)
2023-06-27,North,Desk,15,478.41,Store B,Retail,0.1,Carlos,6458.535000000001,Debit Card,FREESHIP,0,REG100185,Cust 1736,35.63,2023-06-27,2023-06-30,Ryan,3,6458.535000000001,2023,6,2,2023-06,6458.535000000001,6422.905000000001,Mid (6–10%)
2023-07-14,South,Chair,9,501.74,Store D,Retail,0.0,Bob,4515.66,Online,SAVE10,1,REG100186,Cust 7795,39.74,2023-07-14,2023-07-17,Sophie,3,4515.66,2023,7,3,2023-07,0.0,-39.74,No Discount
2023-02-08,South,Tablet,7,247.53,Store C,Wholesale,0.15,Alice,1472.8035,Gift Card,FREESHIP,0,REG100187,Cust 2471,13.63,2023-02-08,2023-02-16,Sophie,8,1472.8035,2023,2,1,2023-02,1472.8035,1459.1734999999999,High (11–15%)
2024-06-28,West,Tablet,6,176.51,Store C,Wholesale,0.15,Carlos,900.2009999999999,Debit Card,FREESHIP,1,REG100188,Cust 3068,31.02,2024-06-28,2024-07-07,Wendy,9,900.2009999999999,2024,6,2,2024-06,0.0,-31.02,High (11–15%)
2024-04-15,West,Laptop,2,143.43,Store D,Wholesale,0.0,Bob,286.86,Credit Card,None,0,REG100189,Cust 3848,36.94,2024-04-15,2024-04-22,Wendy,7,286.86,2024,4,2,2024-04,286.86,249.92000000000002,No Discount
2023-11-27,East,Monitor,12,538.5,Store C,Wholesale,0.05,Alice,6138.9,Cash,SAVE10,0,REG100190,Cust 7777,18.54,2023-11-27,2023-12-06,Eric,9,6138.9,2023,11,4,2023-11,6138.9,6120.36,Low (1–5%)
2025-03-27,East,Printer,5,87.17,Store D,Wholesale,0.0,Carlos,435.85,Debit Card,None,0,REG100191,Cust 6613,13.01,2025-03-27,2025-03-29,Eric,2,435.85,2025,3,1,2025-03,435.85,422.84000000000003,No Discount
2023-08-06,South,Monitor,7,498.32,Store B,Wholesale,0.1,Alice,3139.416,Credit Card,WINTER15,1,REG100192,Cust 2326,27.65,2023-08-06,2023-08-10,Sophie,4,3139.4159999999997,2023,8,3,2023-08,0.0,-27.65,Mid (6–10%)
2024-12-13,South,Printer,15,57.14,Store B,Wholesale,0.15,Carlos,728.535,Debit Card,FREESHIP,0,REG100193,Cust 8304,7.02,2024-12-13,2024-12-22,Sophie,9,728.535,2024,12,4,2024-12,728.535,721.515,High (11–15%)
2025-01-17,Central,Tablet,18,124.18,Store B,Wholesale,0.15,Carlos,1899.954,Debit Card,SAVE10,0,REG100194,Cust 3630,45.77,2025-01-17,2025-01-26,Cameron,9,1899.9540000000002,2025,1,1,2025-01,1899.954,1854.184,High (11–15%)
2023-11-26,West,Desk,12,107.45,Store C,Retail,0.1,Bob,1160.46,Online,FREESHIP,0,REG100195,Cust 8617,18.17,2023-11-26,2023-12-02,Wendy,6,1160.46,2023,11,4,2023-11,1160.46,1142.29,Mid (6–10%)
2023-02-14,East,Chair,8,411.26,Store A,Retail,0.1,Frank,2961.072,Gift Card,WINTER15,0,REG100196,Cust 3530,28.57,2023-02-14,2023-02-18,Eric,4,2961.072,2023,2,1,2023-02,2961.072,2932.502,Mid (6–10%)
2025-02-02,Central,Printer,7,248.1,Store C,Retail,0.0,Diana,1736.7,Cash,WINTER15,0,REG100197,Cust 3884,31.8,2025-02-02,2025-02-06,Cameron,4,1736.7,2025,2,1,2025-02,1736.7,1704.9,No Discount
2023-04-11,West,Printer,3,486.52,Store B,Wholesale,0.1,Carlos,1313.604,Gift Card,None,0,REG100198,Cust 5739,16.5,2023-04-11,2023-04-20,Wendy,9,1313.604,2023,4,2,2023-04,1313.604,1297.104,Mid (6–10%)
2024-07-08,North,Monitor,18,415.04,Store C,Wholesale,0.1,Eva,6723.648,Cash,WINTER15,0,REG100199,Cust 9707,33.58,2024-07-08,2024-07-13,Ryan,5,6723.648,2024,7,3,2024-07,6723.648,6690.068,Mid (6–10%)
2023-02-08,Central,Printer,19,165.38,Store B,Wholesale,0.15,Alice,2670.887,Online,None,0,REG100200,Cust 9288,25.2,2023-02-08,2023-02-14,Cameron,6,2670.8869999999997,2023,2,1,2023-02,2670.887,2645.6870000000004,High (11–15%)
2024-04-09,West,Desk,2,117.47,Store C,Wholesale,0.0,Eva,234.94,Credit Card,FREESHIP,0,REG100201,Cust 1216,6.58,2024-04-09,2024-04-16,Wendy,7,234.94,2024,4,2,2024-04,234.94,228.35999999999999,No Discount
2023-08-14,Central,Printer,9,461.79,Store C,Wholesale,0.15,Frank,3532.6935,Gift Card,None,0,REG100202,Cust 2489,47.81,2023-08-14,2023-08-18,Cameron,4,3532.6935000000003,2023,8,3,2023-08,3532.6935,3484.8835,High (11–15%)
2024-09-02,West,Tablet,19,208.72,Store D,Retail,0.05,Frank,3767.396,Credit Card,FREESHIP,0,REG100203,Cust 7171,38.41,2024-09-02,2024-09-06,Wendy,4,3767.3959999999997,2024,9,3,2024-09,3767.396,3728.9860000000003,Low (1–5%)
2025-06-29,Central,Monitor,16,278.13,Store A,Wholesale,0.15,Alice,3782.568,Cash,SAVE10,0,REG100204,Cust 9125,24.29,2025-06-29,2025-07-04,Cameron,5,3782.5679999999998,2025,6,2,2025-06,3782.568,3758.2780000000002,High (11–15%)
2025-04-02,West,Laptop,2,580.19,Store B,Wholesale,0.05,Diana,1102.361,Debit Card,WINTER15,0,REG100205,Cust 9697,7.33,2025-04-02,2025-04-08,Wendy,6,1102.361,2025,4,2,2025-04,1102.361,1095.0310000000002,Low (1–5%)
2023-04-27,Central,Tablet,8,536.43,Store B,Retail,0.0,Carlos,4291.44,Cash,None,1,REG100206,Cust 8171,14.58,2023-04-27,2023-05-07,Cameron,10,4291.44,2023,4,2,2023-04,0.0,-14.58,No Discount
2024-08-07,East,Phone,1,94.33,Store A,Wholesale,0.0,Carlos,94.33,Online,None,0,REG100207,Cust 2004,49.17,2024-08-07,2024-08-17,Eric,10,94.33,2024,8,3,2024-08,94.33,45.16,No Discount
2023-04-15,West,Laptop,16,489.94,Store C,Retail,0.1,Frank,7055.136,Cash,SAVE10,0,REG100208,Cust 4214,9.69,2023-04-15,2023-04-25,Wendy,10,7055.136,2023,4,2,2023-04,7055.136,7045.446000000001,Mid (6–10%)
2023-08-12,South,Desk,4,551.71,Store A,Retail,0.05,Eva,2096.498,Gift Card,None,1,REG100209,Cust 9837,26.32,2023-08-12,2023-08-15,Sophie,3,2096.498,2023,8,3,2023-08,0.0,-26.32,Low (1–5%)
2023-06-19,West,Printer,17,595.57,Store D,Retail,0.15,Bob,8605.9865,Credit Card,WINTER15,0,REG100210,Cust 2082,9.73,2023-06-19,2023-06-28,Wendy,9,8605.9865,2023,6,2,2023-06,8605.9865,8596.256500000001,High (11–15%)
2023-12-29,East,Printer,1,180.12,Store A,Wholesale,0.1,Eva,162.108,Debit Card,None,0,REG100211,Cust 3001,27.07,2023-12-29,2024-01-07,Eric,9,162.108,2023,12,4,2023-12,162.108,135.038,Mid (6–10%)
2023-03-26,East,Desk,12,301.5,Store D,Retail,0.15,Bob,3075.3,Credit Card,FREESHIP,1,REG100212,Cust 6161,43.67,2023-03-26,2023-03-30,Eric,4,3075.2999999999997,2023,3,1,2023-03,0.0,-43.67,High (11–15%)
2023-09-01,South,Phone,20,273.55,Store D,Retail,0.15,Frank,4650.349999999999,Debit Card,None,0,REG100213,Cust 5220,14.76,2023-09-01,2023-09-07,Sophie,6,4650.349999999999,2023,9,3,2023-09,4650.349999999999,4635.589999999999,High (11–15%)
2024-08-05,West,Tablet,6,187.06,Store B,Wholesale,0.1,Frank,1010.124,Debit Card,FREESHIP,0,REG100214,Cust 3386,11.03,2024-08-05,2024-08-13,Wendy,8,1010.1240000000001,2024,8,3,2024-08,1010.124,999.094,Mid (6–10%)
2025-01-23,North,Chair,16,562.52,Store D,Retail,0.0,Frank,9000.32,Gift Card,None,0,REG100215,Cust 1591,18.23,2025-01-23,2025-01-27,Ryan,4,9000.32,2025,1,1,2025-01,9000.32,8982.09,No Discount
2023-05-16,East,Tablet,4,85.16,Store D,Wholesale,0.1,Carlos,306.576,Credit Card,None,0,REG100216,Cust 3434,38.51,2023-05-16,2023-05-23,Eric,7,306.576,2023,5,2,2023-05,306.576,268.06600000000003,Mid (6–10%)
2023-02-14,North,Tablet,12,451.51,Store B,Wholesale,0.15,Carlos,4605.402,Online,WINTER15,0,REG100217,Cust 1501,9.54,2023-02-14,2023-02-22,Ryan,8,4605.402,2023,2,1,2023-02,4605.402,4595.862,High (11–15%)
2024-06-03,Central,Tablet,1,259.87,Store D,Retail,0.15,Eva,220.8895,Gift Card,FREESHIP,0,REG100218,Cust 9683,19.2,2024-06-03,2024-06-12,Cameron,9,220.8895,2024,6,2,2024-06,220.8895,201.6895,High (11–15%)
2023-11-08,Central,Tablet,20,268.25,Store D,Retail,0.05,Diana,5096.75,Cash,FREESHIP,0,REG100219,Cust 5416,20.96,2023-11-08,2023-11-15,Cameron,7,5096.75,2023,11,4,2023-11,5096.75,5075.79,Low (1–5%)
2023-01-24,West,Phone,10,266.13,Store B,Wholesale,0.0,Diana,2661.3,Gift Card,WINTER15,0,REG100220,Cust 2153,21.01,2023-01-24,2023-01-26,Wendy,2,2661.3,2023,1,1,2023-01,2661.3,2640.29,No Discount
2025-03-20,West,Laptop,18,493.06,Store D,Wholesale,0.05,Diana,8431.326,Cash,WINTER15,1,REG100221,Cust 3572,46.87,2025-03-20,2025-03-28,Wendy,8,8431.326,2025,3,1,2025-03,0.0,-46.87,Low (1–5%)
2024-02-22,West,Monitor,4,36.82,Store C,Wholesale,0.05,Frank,139.916,Credit Card,WINTER15,1,REG100222,Cust 6372,24.86,2024-02-22,2024-03-01,Wendy,8,139.916,2024,2,1,2024-02,0.0,-24.86,Low (1–5%)
2025-04-02,North,Printer,12,413.45,Store D,Retail,0.15,Bob,4217.19,Cash,FREESHIP,0,REG100223,Cust 6109,23.25,2025-04-02,2025-04-10,Ryan,8,4217.19,2025,4,2,2025-04,4217.19,4193.94,High (11–15%)
2025-06-12,North,Chair,19,446.25,Store B,Retail,0.1,Eva,7630.875,Gift Card,None,0,REG100224,Cust 5234,14.88,2025-06-12,2025-06-18,Ryan,6,7630.875,2025,6,2,2025-06,7630.875,7615.995,Mid (6–10%)
2023-05-13,East,Laptop,7,82.77,Store D,Wholesale,0.15,Frank,492.4815,Debit Card,SAVE10,1,REG100225,Cust 5530,15.66,2023-05-13,2023-05-17,Eric,4,492.4815,2023,5,2,2023-05,0.0,-15.66,High (11–15%)
2023-03-25,South,Desk,17,339.88,Store A,Retail,0.0,Alice,5777.96,Cash,None,0,REG100226,Cust 5398,44.86,2023-03-25,2023-03-28,Sophie,3,5777.96,2023,3,1,2023-03,5777.96,5733.1,No Discount
2024-11-22,South,Printer,19,364.32,Store B,Retail,0.15,Frank,5883.768,Debit Card,None,1,REG100227,Cust 3247,39.76,2024-11-22,2024-11-25,Sophie,3,5883.768,2024,11,4,2024-11,0.0,-39.76,High (11–15%)
2023-07-07,East,Tablet,3,71.91,Store B,Wholesale,0.0,Alice,215.73,Gift Card,WINTER15,1,REG100228,Cust 7137,46.25,2023-07-07,2023-07-17,Eric,10,215.73,2023,7,3,2023-07,0.0,-46.25,No Discount
2024-10-05,East,Tablet,20,576.3,Store D,Wholesale,0.05,Eva,10949.7,Credit Card,None,0,REG100229,Cust 4627,25.22,2024-10-05,2024-10-09,Eric,4,10949.699999999999,2024,10,4,2024-10,10949.7,10924.480000000001,Low (1–5%)
2024-03-31,West,Laptop,7,120.6,Store B,Wholesale,0.0,Diana,844.1999999999999,Online,WINTER15,0,REG100230,Cust 4878,43.8,2024-03-31,2024-04-08,Wendy,8,844.1999999999999,2024,3,1,2024-03,844.1999999999999,800.4,No Discount
2025-04-01,West,Printer,8,96.19,Store A,Wholesale,0.05,Carlos,731.044,Debit Card,SAVE10,0,REG100231,Cust 2779,34.07,2025-04-01,2025-04-04,Wendy,3,731.044,2025,4,2,2025-04,731.044,696.9739999999999,Low (1–5%)
2023-08-23,West,Printer,14,471.17,Store A,Wholesale,0.05,Carlos,6266.561,Gift Card,FREESHIP,0,REG100232,Cust 8606,26.38,2023-08-23,2023-08-26,Wendy,3,6266.561,2023,8,3,2023-08,6266.561,6240.181,Low (1–5%)
2024-08-14,South,Phone,20,14.33,Store D,Wholesale,0.1,Carlos,257.9400000000001,Debit Card,None,0,REG100233,Cust 9599,6.22,2024-08-14,2024-08-21,Sophie,7,257.94000000000005,2024,8,3,2024-08,257.9400000000001,251.7200000000001,Mid (6–10%)
2025-02-14,Central,Tablet,18,499.61,Store B,Retail,0.15,Alice,7644.032999999999,Debit Card,None,0,REG100234,Cust 4500,9.64,2025-02-14,2025-02-19,Cameron,5,7644.032999999999,2025,2,1,2025-02,7644.032999999999,7634.392999999999,High (11–15%)
2023-11-11,West,Monitor,14,16.33,Store B,Wholesale,0.1,Diana,205.758,Debit Card,WINTER15,0,REG100235,Cust 4173,22.72,2023-11-11,2023-11-16,Wendy,5,205.75799999999998,2023,11,4,2023-11,205.758,183.038,Mid (6–10%)
2024-04-01,Central,Desk,17,480.62,Store C,Wholesale,0.15,Carlos,6944.959,Online,FREESHIP,0,REG100236,Cust 7607,37.09,2024-04-01,2024-04-09,Cameron,8,6944.959,2024,4,2,2024-04,6944.959,6907.869,High (11–15%)
2024-06-13,South,Chair,5,555.84,Store C,Retail,0.05,Diana,2640.24,Credit Card,None,0,REG100237,Cust 4768,29.4,2024-06-13,2024-06-20,Sophie,7,2640.2400000000002,2024,6,2,2024-06,2640.24,2610.8399999999997,Low (1–5%)
2023-11-28,North,Chair,18,174.03,Store B,Wholesale,0.1,Frank,2819.286,Online,SAVE10,0,REG100238,Cust 5746,32.19,2023-11-28,2023-12-03,Ryan,5,2819.286,2023,11,4,2023-11,2819.286,2787.096,Mid (6–10%)
2024-11-11,Central,Desk,11,286.05,Store A,Retail,0.1,Bob,2831.895,Debit Card,None,1,REG100239,Cust 3002,8.59,2024-11-11,2024-11-16,Cameron,5,2831.8950000000004,2024,11,4,2024-11,0.0,-8.59,Mid (6–10%)
2024-11-04,North,Desk,16,40.73,Store D,Retail,0.0,Alice,651.68,Credit Card,None,0,REG100240,Cust 3237,24.72,2024-11-04,2024-11-08,Ryan,4,651.68,2024,11,4,2024-11,651.68,626.9599999999999,No Discount
2023-01-01,Central,Chair,11,468.22,Store D,Retail,0.0,Carlos,5150.42,Debit Card,WINTER15,0,REG100241,Cust 6437,19.92,2023-01-01,2023-01-11,Cameron,10,5150.42,2023,1,1,2023-01,5150.42,5130.5,No Discount
2025-01-18,North,Tablet,1,411.54,Store C,Retail,0.1,Eva,370.386,Gift Card,WINTER15,0,REG100242,Cust 8806,7.46,2025-01-18,2025-01-20,Ryan,2,370.386,2025,1,1,2025-01,370.386,362.92600000000004,Mid (6–10%)
2023-05-02,Central,Printer,13,134.2,Store A,Wholesale,0.05,Eva,1657.37,Credit Card,WINTER15,0,REG100243,Cust 8678,9.6,2023-05-02,2023-05-10,Cameron,8,1657.37,2023,5,2,2023-05,1657.37,1647.77,Low (1–5%)
2025-05-27,West,Printer,10,351.23,Store B,Retail,0.15,Frank,2985.455,Online,None,0,REG100244,Cust 9649,42.74,2025-05-27,2025-06-02,Wendy,6,2985.455,2025,5,2,2025-05,2985.455,2942.715,High (11–15%)
2024-12-27,South,Monitor,14,551.14,Store C,Wholesale,0.1,Diana,6944.364,Online,FREESHIP,1,REG100245,Cust 1960,12.35,2024-12-27,2025-01-05,Sophie,9,6944.3640000000005,2024,12,4,2024-12,0.0,-12.35,Mid (6–10%)
2025-03-18,West,Chair,2,131.13,Store B,Retail,0.1,Eva,236.034,Debit Card,None,0,REG100246,Cust 3910,14.74,2025-03-18,2025-03-24,Wendy,6,236.034,2025,3,1,2025-03,236.034,221.29399999999998,Mid (6–10%)
2024-03-24,East,Laptop,6,595.11,Store C,Wholesale,0.0,Diana,3570.66,Cash,SAVE10,1,REG100247,Cust 4944,28.92,2024-03-24,2024-03-31,Eric,7,3570.66,2024,3,1,2024-03,0.0,-28.92,No Discount
2024-12-26,East,Laptop,6,516.66,Store C,Wholesale,0.05,Bob,2944.962,Online,None,1,REG100248,Cust 9618,5.15,2024-12-26,2025-01-03,Eric,8,2944.962,2024,12,4,2024-12,0.0,-5.15,Low (1–5%)
2023-01-11,North,Desk,6,202.57,Store D,Retail,0.05,Eva,1154.649,Gift Card,FREESHIP,0,REG100249,Cust 2279,24.39,2023-01-11,2023-01-14,Ryan,3,1154.6490000000001,2023,1,1,2023-01,1154.649,1130.2589999999998,Low (1–5%)
2025-06-01,South,Laptop,13,306.16,Store A,Wholesale,0.15,Frank,3383.068,Cash,SAVE10,0,REG100250,Cust 4689,25.16,2025-06-01,2025-06-10,Sophie,9,3383.068,2025,6,2,2025-06,3383.068,3357.9080000000004,High (11–15%)
2024-09-26,East,Desk,11,472.74,Store D,Retail,0.15,Carlos,4420.119000000001,Credit Card,None,1,REG100251,Cust 7381,16.8,2024-09-26,2024-10-01,Eric,5,4420.119000000001,2024,9,3,2024-09,0.0,-16.8,High (11–15%)
2024-08-10,East,Phone,20,337.37,Store C,Retail,0.1,Diana,6072.66,Gift Card,None,0,REG100252,Cust 2724,43.17,2024-08-10,2024-08-17,Eric,7,6072.66,2024,8,3,2024-08,6072.66,6029.49,Mid (6–10%)
2025-03-02,South,Phone,12,34.24,Store C,Retail,0.1,Frank,369.792,Cash,None,0,REG100253,Cust 2823,17.64,2025-03-02,2025-03-10,Sophie,8,369.79200000000003,2025,3,1,2025-03,369.792,352.152,Mid (6–10%)
2023-02-21,East,Tablet,4,477.05,Store B,Wholesale,0.0,Carlos,1908.2,Credit Card,WINTER15,0,REG100254,Cust 9402,45.54,2023-02-21,2023-03-02,Eric,9,1908.2,2023,2,1,2023-02,1908.2,1862.66,No Discount
2024-11-20,East,Laptop,6,562.93,Store C,Retail,0.0,Alice,3377.58,Credit Card,WINTER15,0,REG100255,Cust 6561,43.73,2024-11-20,2024-11-27,Eric,7,3377.58,2024,11,4,2024-11,3377.58,3333.85,No Discount
2023-08-26,East,Chair,20,18.29,Store B,Retail,0.0,Diana,365.8,Debit Card,FREESHIP,1,REG100256,Cust 3116,35.37,2023-08-26,2023-08-29,Eric,3,365.79999999999995,2023,8,3,2023-08,0.0,-35.37,No Discount
2024-01-01,South,Monitor,7,208.86,Store B,Retail,0.0,Frank,1462.02,Cash,FREESHIP,0,REG100257,Cust 1015,20.64,2024-01-01,2024-01-08,Sophie,7,1462.02,2024,1,1,2024-01,1462.02,1441.3799999999999,No Discount
2024-11-24,South,Printer,12,330.36,Store D,Retail,0.05,Diana,3766.104,Cash,WINTER15,0,REG100258,Cust 1207,48.33,2024-11-24,2024-11-30,Sophie,6,3766.104,2024,11,4,2024-11,3766.104,3717.774,Low (1–5%)
2024-08-25,South,Tablet,7,50.26,Store C,Retail,0.15,Diana,299.047,Cash,None,0,REG100259,Cust 2501,17.12,2024-08-25,2024-09-01,Sophie,7,299.04699999999997,2024,8,3,2024-08,299.047,281.927,High (11–15%)
2023-06-10,South,Laptop,2,374.59,Store C,Wholesale,0.15,Carlos,636.803,Online,SAVE10,0,REG100260,Cust 2330,34.64,2023-06-10,2023-06-18,Sophie,8,636.803,2023,6,2,2023-06,636.803,602.163,High (11–15%)
2024-12-18,North,Printer,7,467.6,Store A,Retail,0.1,Carlos,2945.88,Debit Card,None,0,REG100261,Cust 7436,15.64,2024-12-18,2024-12-26,Ryan,8,2945.88,2024,12,4,2024-12,2945.88,2930.2400000000002,Mid (6–10%)
2023-08-28,East,Chair,3,376.24,Store A,Retail,0.05,Frank,1072.284,Debit Card,FREESHIP,1,REG100262,Cust 2762,6.15,2023-08-28,2023-09-01,Eric,4,1072.2839999999999,2023,8,3,2023-08,0.0,-6.15,Low (1–5%)
2023-01-22,West,Phone,13,140.49,Store A,Retail,0.0,Eva,1826.37,Debit Card,SAVE10,0,REG100263,Cust 3599,17.69,2023-01-22,2023-01-31,Wendy,9,1826.3700000000001,2023,1,1,2023-01,1826.37,1808.6799999999998,No Discount
2023-02-07,North,Monitor,3,506.33,Store B,Retail,0.15,Frank,1291.1415,Debit Card,FREESHIP,0,REG100264,Cust 4127,25.71,2023-02-07,2023-02-14,Ryan,7,1291.1415,2023,2,1,2023-02,1291.1415,1265.4315,High (11–15%)
2023-11-22,South,Monitor,8,138.73,Store A,Wholesale,0.05,Frank,1054.348,Online,WINTER15,1,REG100265,Cust 6855,48.51,2023-11-22,2023-11-29,Sophie,7,1054.348,2023,11,4,2023-11,0.0,-48.51,Low (1–5%)
2023-01-25,West,Desk,6,134.53,Store C,Retail,0.15,Carlos,686.1030000000001,Debit Card,FREESHIP,1,REG100266,Cust 7017,33.5,2023-01-25,2023-01-29,Wendy,4,686.1030000000001,2023,1,1,2023-01,0.0,-33.5,High (11–15%)
2025-03-05,South,Tablet,18,375.96,Store D,Wholesale,0.05,Diana,6428.915999999999,Debit Card,SAVE10,0,REG100267,Cust 6957,26.78,2025-03-05,2025-03-09,Sophie,4,6428.915999999999,2025,3,1,2025-03,6428.915999999999,6402.1359999999995,Low (1–5%)
2023-02-02,North,Printer,10,538.47,Store D,Retail,0.1,Bob,4846.23,Gift Card,WINTER15,1,REG100268,Cust 9822,17.25,2023-02-02,2023-02-12,Ryan,10,4846.2300000000005,2023,2,1,2023-02,0.0,-17.25,Mid (6–10%)
2023-05-24,North,Tablet,15,505.44,Store A,Wholesale,0.1,Alice,6823.440000000001,Online,SAVE10,0,REG100269,Cust 7425,37.5,2023-05-24,2023-06-01,Ryan,8,6823.4400000000005,2023,5,2,2023-05,6823.440000000001,6785.940000000001,Mid (6–10%)
2024-05-30,South,Printer,4,312.09,Store C,Wholesale,0.15,Diana,1061.106,Debit Card,SAVE10,1,REG100270,Cust 6468,17.99,2024-05-30,2024-06-06,Sophie,7,1061.106,2024,5,2,2024-05,0.0,-17.99,High (11–15%)
2024-01-23,West,Desk,15,579.58,Store C,Retail,0.15,Eva,7389.645,Credit Card,None,0,REG100271,Cust 8897,31.22,2024-01-23,2024-01-31,Wendy,8,7389.645,2024,1,1,2024-01,7389.645,7358.425,High (11–15%)
2023-02-06,North,Chair,10,217.43,Store A,Retail,0.15,Bob,1848.155,Credit Card,FREESHIP,0,REG100272,Cust 9816,33.14,2023-02-06,2023-02-15,Ryan,9,1848.1550000000002,2023,2,1,2023-02,1848.155,1815.0149999999999,High (11–15%)
2024-07-15,West,Phone,15,476.15,Store B,Wholesale,0.05,Carlos,6785.1375,Online,SAVE10,0,REG100273,Cust 8227,24.48,2024-07-15,2024-07-19,Wendy,4,6785.1375,2024,7,3,2024-07,6785.1375,6760.6575,Low (1–5%)
2025-03-06,East,Chair,5,89.03,Store C,Wholesale,0.1,Frank,400.635,Debit Card,WINTER15,0,REG100274,Cust 4990,22.42,2025-03-06,2025-03-16,Eric,10,400.635,2025,3,1,2025-03,400.635,378.215,Mid (6–10%)
2023-07-29,Central,Phone,17,6.88,Store A,Retail,0.1,Frank,105.264,Gift Card,None,0,REG100275,Cust 5834,42.37,2023-07-29,2023-08-08,Cameron,10,105.264,2023,7,3,2023-07,105.264,62.894,Mid (6–10%)
2023-07-26,North,Printer,6,355.26,Store D,Retail,0.1,Bob,1918.404,Online,WINTER15,0,REG100276,Cust 7330,30.49,2023-07-26,2023-07-29,Ryan,3,1918.404,2023,7,3,2023-07,1918.404,1887.914,Mid (6–10%)
2024-04-10,West,Tablet,8,294.76,Store C,Retail,0.1,Diana,2122.272,Online,SAVE10,0,REG100277,Cust 5273,36.04,2024-04-10,2024-04-13,Wendy,3,2122.272,2024,4,2,2024-04,2122.272,2086.232,Mid (6–10%)
2025-01-24,North,Desk,16,60.69,Store A,Wholesale,0.0,Carlos,971.04,Credit Card,WINTER15,0,REG100278,Cust 6138,7.03,2025-01-24,2025-01-27,Ryan,3,971.04,2025,1,1,2025-01,971.04,964.01,No Discount
2025-04-27,West,Laptop,2,559.63,Store B,Wholesale,0.1,Diana,1007.334,Credit Card,WINTER15,1,REG100279,Cust 2084,42.34,2025-04-27,2025-05-03,Wendy,6,1007.3340000000001,2025,4,2,2025-04,0.0,-42.34,Mid (6–10%)
2025-02-20,East,Phone,4,232.66,Store B,Wholesale,0.1,Frank,837.576,Online,WINTER15,0,REG100280,Cust 2799,11.88,2025-02-20,2025-02-23,Eric,3,837.576,2025,2,1,2025-02,837.576,825.696,Mid (6–10%)
2023-09-14,North,Printer,10,230.87,Store A,Retail,0.15,Bob,1962.395,Debit Card,SAVE10,0,REG100281,Cust 5234,28.33,2023-09-14,2023-09-19,Ryan,5,1962.3949999999998,2023,9,3,2023-09,1962.395,1934.065,High (11–15%)
2024-04-17,West,Tablet,7,353.9,Store C,Wholesale,0.15,Alice,2105.705,Debit Card,SAVE10,1,REG100282,Cust 3051,15.74,2024-04-17,2024-04-27,Wendy,10,2105.705,2024,4,2,2024-04,0.0,-15.74,High (11–15%)
2024-11-14,Central,Tablet,12,561.07,Store A,Retail,0.0,Alice,6732.84,Gift Card,None,0,REG100283,Cust 5456,35.02,2024-11-14,2024-11-18,Cameron,4,6732.84,2024,11,4,2024-11,6732.84,6697.82,No Discount
2024-07-25,North,Chair,15,247.21,Store D,Wholesale,0.1,Bob,3337.335,Gift Card,None,0,REG100284,Cust 6029,45.42,2024-07-25,2024-07-27,Ryan,2,3337.335,2024,7,3,2024-07,3337.335,3291.915,Mid (6–10%)
2024-08-05,East,Phone,19,271.22,Store A,Wholesale,0.1,Alice,4637.862,Credit Card,WINTER15,0,REG100285,Cust 4002,35.33,2024-08-05,2024-08-15,Eric,10,4637.862,2024,8,3,2024-08,4637.862,4602.532,Mid (6–10%)
2025-01-23,West,Laptop,6,532.54,Store A,Wholesale,0.0,Diana,3195.24,Debit Card,None,1,REG100286,Cust 5830,25.09,2025-01-23,2025-02-02,Wendy,10,3195.24,2025,1,1,2025-01,0.0,-25.09,No Discount
2025-04-27,West,Printer,16,329.54,Store A,Wholesale,0.15,Bob,4481.744000000001,Debit Card,FREESHIP,1,REG100287,Cust 8088,39.39,2025-04-27,2025-05-03,Wendy,6,4481.744000000001,2025,4,2,2025-04,0.0,-39.39,High (11–15%)
2024-09-20,South,Phone,6,170.1,Store A,Retail,0.0,Eva,1020.6,Gift Card,FREESHIP,0,REG100288,Cust 6455,38.61,2024-09-20,2024-09-23,Sophie,3,1020.5999999999999,2024,9,3,2024-09,1020.6,981.99,No Discount
2023-09-08,West,Laptop,19,212.83,Store D,Wholesale,0.15,Carlos,3437.2045,Online,WINTER15,0,REG100289,Cust 4117,42.88,2023-09-08,2023-09-15,Wendy,7,3437.2045000000003,2023,9,3,2023-09,3437.2045,3394.3244999999997,High (11–15%)
2025-04-20,South,Laptop,5,578.92,Store A,Wholesale,0.0,Bob,2894.6,Credit Card,None,1,REG100290,Cust 1385,44.09,2025-04-20,2025-04-28,Sophie,8,2894.6,2025,4,2,2025-04,0.0,-44.09,No Discount
2024-06-20,North,Phone,3,456.92,Store C,Retail,0.1,Frank,1233.684,Gift Card,FREESHIP,0,REG100291,Cust 5185,17.57,2024-06-20,2024-06-27,Ryan,7,1233.684,2024,6,2,2024-06,1233.684,1216.114,Mid (6–10%)
2023-01-11,East,Tablet,12,521.53,Store D,Retail,0.0,Eva,6258.36,Credit Card,SAVE10,1,REG100292,Cust 8704,49.59,2023-01-11,2023-01-20,Eric,9,6258.36,2023,1,1,2023-01,0.0,-49.59,No Discount
2023-07-04,North,Desk,17,468.19,Store D,Retail,0.05,Diana,7561.268499999999,Cash,None,0,REG100293,Cust 3528,13.84,2023-07-04,2023-07-07,Ryan,3,7561.268499999999,2023,7,3,2023-07,7561.268499999999,7547.428499999999,Low (1–5%)
2025-03-08,Central,Monitor,9,8.81,Store D,Retail,0.15,Alice,67.3965,Online,SAVE10,0,REG100294,Cust 3907,42.7,2025-03-08,2025-03-18,Cameron,10,67.3965,2025,3,1,2025-03,67.3965,24.6965,High (11–15%)
2025-02-10,South,Chair,6,521.1,Store A,Wholesale,0.15,Frank,2657.61,Cash,None,0,REG100295,Cust 9005,31.14,2025-02-10,2025-02-12,Sophie,2,2657.61,2025,2,1,2025-02,2657.61,2626.4700000000003,High (11–15%)
2025-03-17,West,Monitor,10,289.91,Store C,Retail,0.1,Diana,2609.190000000001,Cash,SAVE10,0,REG100296,Cust 3635,32.96,2025-03-17,2025-03-21,Wendy,4,2609.1900000000005,2025,3,1,2025-03,2609.190000000001,2576.230000000001,Mid (6–10%)
2023-11-09,East,Printer,3,142.27,Store D,Retail,0.05,Bob,405.4695,Online,SAVE10,0,REG100297,Cust 2122,32.8,2023-11-09,2023-11-15,Eric,6,405.46950000000004,2023,11,4,2023-11,405.4695,372.66949999999997,Low (1–5%)
2023-11-30,Central,Printer,15,354.09,Store B,Retail,0.05,Carlos,5045.782499999999,Online,None,1,REG100298,Cust 4467,25.3,2023-11-30,2023-12-08,Cameron,8,5045.782499999999,2023,11,4,2023-11,0.0,-25.3,Low (1–5%)
2024-08-15,South,Tablet,20,358.57,Store B,Wholesale,0.0,Alice,7171.4,Debit Card,FREESHIP,1,REG100299,Cust 6146,21.11,2024-08-15,2024-08-20,Sophie,5,7171.4,2024,8,3,2024-08,0.0,-21.11,No Discount
2023-03-21,West,Tablet,16,33.18,Store C,Retail,0.05,Eva,504.336,Online,SAVE10,0,REG100300,Cust 4001,22.94,2023-03-21,2023-03-26,Wendy,5,504.33599999999996,2023,3,1,2023-03,504.336,481.396,Low (1–5%)
2023-10-26,West,Monitor,2,124.4,Store B,Retail,0.0,Eva,248.8,Online,None,0,REG100301,Cust 3365,37.05,2023-10-26,2023-10-31,Wendy,5,248.8,2023,10,4,2023-10,248.8,211.75,No Discount
2023-11-03,West,Phone,12,17.76,Store D,Retail,0.1,Carlos,191.808,Online,FREESHIP,0,REG100302,Cust 2194,12.18,2023-11-03,2023-11-11,Wendy,8,191.80800000000002,2023,11,4,2023-11,191.808,179.628,Mid (6–10%)
2025-01-30,North,Chair,16,345.53,Store C,Retail,0.15,Frank,4699.208,Gift Card,SAVE10,0,REG100303,Cust 7942,13.43,2025-01-30,2025-02-05,Ryan,6,4699.208,2025,1,1,2025-01,4699.208,4685.777999999999,High (11–15%)
2024-01-25,West,Laptop,13,453.48,Store A,Wholesale,0.05,Alice,5600.477999999999,Gift Card,SAVE10,0,REG100304,Cust 8451,46.28,2024-01-25,2024-02-03,Wendy,9,5600.477999999999,2024,1,1,2024-01,5600.477999999999,5554.197999999999,Low (1–5%)
2025-03-29,South,Laptop,10,277.74,Store B,Retail,0.15,Carlos,2360.79,Gift Card,SAVE10,1,REG100305,Cust 4238,35.02,2025-03-29,2025-04-02,Sophie,4,2360.79,2025,3,1,2025-03,0.0,-35.02,High (11–15%)
2024-11-02,Central,Chair,16,89.76,Store A,Wholesale,0.0,Alice,1436.16,Debit Card,WINTER15,1,REG100306,Cust 2529,44.69,2024-11-02,2024-11-09,Cameron,7,1436.16,2024,11,4,2024-11,0.0,-44.69,No Discount
2024-06-30,Central,Chair,11,535.37,Store D,Wholesale,0.0,Frank,5889.07,Cash,None,0,REG100307,Cust 7057,35.96,2024-06-30,2024-07-09,Cameron,9,5889.07,2024,6,2,2024-06,5889.07,5853.11,No Discount
2023-01-11,South,Tablet,9,15.58,Store D,Retail,0.1,Frank,126.198,Gift Card,FREESHIP,1,REG100308,Cust 9069,27.81,2023-01-11,2023-01-19,Sophie,8,126.19800000000001,2023,1,1,2023-01,0.0,-27.81,Mid (6–10%)
2025-06-05,North,Desk,13,466.54,Store C,Wholesale,0.0,Eva,6065.02,Cash,FREESHIP,0,REG100309,Cust 5858,18.63,2025-06-05,2025-06-14,Ryan,9,6065.02,2025,6,2,2025-06,6065.02,6046.39,No Discount
2024-03-21,North,Monitor,16,593.0,Store D,Retail,0.1,Eva,8539.2,Gift Card,SAVE10,0,REG100310,Cust 2712,18.77,2024-03-21,2024-03-24,Ryan,3,8539.2,2024,3,1,2024-03,8539.2,8520.43,Mid (6–10%)
2023-08-31,South,Desk,6,567.36,Store C,Wholesale,0.05,Alice,3233.952,Gift Card,WINTER15,0,REG100311,Cust 7052,45.98,2023-08-31,2023-09-08,Sophie,8,3233.9519999999998,2023,8,3,2023-08,3233.952,3187.972,Low (1–5%)
2024-10-07,South,Phone,17,523.04,Store A,Retail,0.05,Eva,8447.096,Debit Card,FREESHIP,0,REG100312,Cust 9397,37.38,2024-10-07,2024-10-17,Sophie,10,8447.096,2024,10,4,2024-10,8447.096,8409.716,Low (1–5%)
2023-04-12,North,Laptop,17,376.4,Store C,Wholesale,0.0,Alice,6398.799999999999,Debit Card,FREESHIP,0,REG100313,Cust 4614,33.38,2023-04-12,2023-04-15,Ryan,3,6398.799999999999,2023,4,2,2023-04,6398.799999999999,6365.419999999999,No Discount
2023-11-06,South,Printer,5,95.19,Store A,Retail,0.15,Frank,404.5575,Credit Card,WINTER15,0,REG100314,Cust 1573,48.55,2023-11-06,2023-11-16,Sophie,10,404.5575,2023,11,4,2023-11,404.5575,356.0075,High (11–15%)
2023-04-28,West,Desk,2,210.71,Store D,Wholesale,0.15,Diana,358.207,Credit Card,SAVE10,0,REG100315,Cust 5660,7.78,2023-04-28,2023-05-08,Wendy,10,358.207,2023,4,2,2023-04,358.207,350.427,High (11–15%)
2023-12-18,West,Printer,7,393.39,Store B,Retail,0.1,Alice,2478.357,Cash,SAVE10,0,REG100316,Cust 3952,34.35,2023-12-18,2023-12-21,Wendy,3,2478.357,2023,12,4,2023-12,2478.357,2444.007,Mid (6–10%)
2024-10-10,South,Phone,13,114.03,Store A,Retail,0.0,Bob,1482.39,Cash,None,0,REG100317,Cust 5407,43.81,2024-10-10,2024-10-16,Sophie,6,1482.39,2024,10,4,2024-10,1482.39,1438.5800000000002,No Discount
2023-02-05,North,Tablet,18,336.48,Store B,Retail,0.0,Frank,6056.64,Online,WINTER15,0,REG100318,Cust 9595,18.59,2023-02-05,2023-02-07,Ryan,2,6056.64,2023,2,1,2023-02,6056.64,6038.05,No Discount
2024-08-04,Central,Monitor,9,24.44,Store C,Wholesale,0.15,Eva,186.966,Gift Card,SAVE10,1,REG100319,Cust 3245,22.06,2024-08-04,2024-08-14,Cameron,10,186.966,2024,8,3,2024-08,0.0,-22.06,High (11–15%)
2024-10-23,Central,Tablet,12,352.2,Store A,Retail,0.05,Eva,4015.079999999999,Credit Card,WINTER15,0,REG100320,Cust 7180,18.39,2024-10-23,2024-11-01,Cameron,9,4015.0799999999995,2024,10,4,2024-10,4015.079999999999,3996.689999999999,Low (1–5%)
2024-02-13,West,Monitor,7,353.99,Store C,Wholesale,0.05,Carlos,2354.0335,Gift Card,FREESHIP,0,REG100321,Cust 5973,5.93,2024-02-13,2024-02-20,Wendy,7,2354.0335,2024,2,1,2024-02,2354.0335,2348.1035,Low (1–5%)
2024-06-03,South,Tablet,15,10.22,Store C,Retail,0.0,Alice,153.3,Gift Card,FREESHIP,0,REG100322,Cust 4310,36.27,2024-06-03,2024-06-07,Sophie,4,153.3,2024,6,2,2024-06,153.3,117.03,No Discount
2023-04-14,South,Printer,17,464.16,Store A,Retail,0.15,Carlos,6707.112,Debit Card,FREESHIP,1,REG100323,Cust 6243,46.83,2023-04-14,2023-04-18,Sophie,4,6707.112,2023,4,2,2023-04,0.0,-46.83,High (11–15%)
2024-10-19,Central,Laptop,16,436.31,Store C,Retail,0.05,Diana,6631.911999999999,Online,None,0,REG100324,Cust 2448,47.61,2024-10-19,2024-10-23,Cameron,4,6631.911999999999,2024,10,4,2024-10,6631.911999999999,6584.302,Low (1–5%)
2023-12-18,South,Laptop,9,219.93,Store B,Wholesale,0.05,Bob,1880.4015,Gift Card,FREESHIP,0,REG100325,Cust 9386,44.78,2023-12-18,2023-12-22,Sophie,4,1880.4015,2023,12,4,2023-12,1880.4015,1835.6215,Low (1–5%)
2023-08-31,North,Laptop,5,311.22,Store A,Wholesale,0.15,Diana,1322.685,Cash,FREESHIP,0,REG100326,Cust 2227,36.98,2023-08-31,2023-09-06,Ryan,6,1322.6850000000002,2023,8,3,2023-08,1322.685,1285.705,High (11–15%)
2023-09-19,South,Laptop,4,547.56,Store D,Retail,0.15,Frank,1861.704,Gift Card,None,0,REG100327,Cust 3803,25.88,2023-09-19,2023-09-26,Sophie,7,1861.7039999999997,2023,9,3,2023-09,1861.704,1835.8239999999998,High (11–15%)
2023-02-27,Central,Laptop,9,52.69,Store D,Retail,0.15,Diana,403.0785,Online,SAVE10,0,REG100328,Cust 1236,14.59,2023-02-27,2023-03-04,Cameron,5,403.07849999999996,2023,2,1,2023-02,403.0785,388.48850000000004,High (11–15%)
2024-01-28,South,Tablet,9,434.74,Store D,Wholesale,0.1,Bob,3521.394,Online,SAVE10,0,REG100329,Cust 2669,20.11,2024-01-28,2024-01-31,Sophie,3,3521.394,2024,1,1,2024-01,3521.394,3501.2839999999997,Mid (6–10%)
2025-05-06,South,Monitor,9,124.17,Store C,Wholesale,0.0,Eva,1117.53,Debit Card,WINTER15,0,REG100330,Cust 3746,13.31,2025-05-06,2025-05-10,Sophie,4,1117.53,2025,5,2,2025-05,1117.53,1104.22,No Discount
2024-09-13,East,Monitor,2,375.48,Store D,Retail,0.05,Diana,713.412,Credit Card,FREESHIP,0,REG100331,Cust 9694,26.39,2024-09-13,2024-09-15,Eric,2,713.412,2024,9,3,2024-09,713.412,687.022,Low (1–5%)
2023-05-25,East,Printer,13,211.06,Store B,Retail,0.1,Bob,2469.402,Gift Card,None,1,REG100332,Cust 4993,19.58,2023-05-25,2023-05-29,Eric,4,2469.402,2023,5,2,2023-05,0.0,-19.58,Mid (6–10%)
2024-09-26,South,Tablet,7,88.87,Store C,Retail,0.0,Alice,622.09,Online,SAVE10,0,REG100333,Cust 1271,8.36,2024-09-26,2024-10-01,Sophie,5,622.09,2024,9,3,2024-09,622.09,613.73,No Discount
2023-02-13,South,Phone,5,254.24,Store B,Wholesale,0.05,Bob,1207.64,Online,None,0,REG100334,Cust 3042,9.97,2023-02-13,2023-02-18,Sophie,5,1207.64,2023,2,1,2023-02,1207.64,1197.67,Low (1–5%)
2024-06-20,Central,Chair,5,432.35,Store C,Wholesale,0.1,Bob,1945.575,Gift Card,None,1,REG100335,Cust 6424,41.48,2024-06-20,2024-06-27,Cameron,7,1945.575,2024,6,2,2024-06,0.0,-41.48,Mid (6–10%)
2024-03-22,West,Laptop,19,590.0,Store D,Retail,0.05,Alice,10649.5,Online,FREESHIP,0,REG100336,Cust 1422,5.91,2024-03-22,2024-03-25,Wendy,3,10649.5,2024,3,1,2024-03,10649.5,10643.59,Low (1–5%)
2024-02-08,West,Monitor,11,151.25,Store B,Wholesale,0.1,Frank,1497.375,Credit Card,None,1,REG100337,Cust 5857,22.65,2024-02-08,2024-02-11,Wendy,3,1497.375,2024,2,1,2024-02,0.0,-22.65,Mid (6–10%)
2024-06-01,East,Desk,3,204.79,Store B,Retail,0.1,Frank,552.933,Online,FREESHIP,1,REG100338,Cust 6953,7.72,2024-06-01,2024-06-04,Eric,3,552.933,2024,6,2,2024-06,0.0,-7.72,Mid (6–10%)
2024-05-26,North,Laptop,16,586.52,Store C,Wholesale,0.0,Diana,9384.32,Credit Card,WINTER15,1,REG100339,Cust 2916,17.06,2024-05-26,2024-06-01,Ryan,6,9384.32,2024,5,2,2024-05,0.0,-17.06,No Discount
2024-06-25,East,Printer,16,104.83,Store A,Wholesale,0.0,Carlos,1677.28,Gift Card,FREESHIP,0,REG100340,Cust 6855,33.99,2024-06-25,2024-06-30,Eric,5,1677.28,2024,6,2,2024-06,1677.28,1643.29,No Discount
2024-01-29,Central,Printer,16,598.48,Store A,Retail,0.1,Frank,8618.112000000001,Cash,None,0,REG100341,Cust 8464,47.86,2024-01-29,2024-02-07,Cameron,9,8618.112000000001,2024,1,1,2024-01,8618.112000000001,8570.252,Mid (6–10%)
2024-12-07,South,Chair,8,367.89,Store B,Retail,0.05,Alice,2795.964,Cash,FREESHIP,0,REG100342,Cust 9700,18.1,2024-12-07,2024-12-09,Sophie,2,2795.964,2024,12,4,2024-12,2795.964,2777.864,Low (1–5%)
2023-11-21,West,Chair,10,333.35,Store A,Retail,0.15,Alice,2833.475,Debit Card,FREESHIP,0,REG100343,Cust 7765,39.35,2023-11-21,2023-11-26,Wendy,5,2833.475,2023,11,4,2023-11,2833.475,2794.125,High (11–15%)
2024-12-16,North,Chair,8,378.88,Store A,Wholesale,0.1,Frank,2727.936,Debit Card,WINTER15,1,REG100344,Cust 8246,5.22,2024-12-16,2024-12-24,Ryan,8,2727.936,2024,12,4,2024-12,0.0,-5.22,Mid (6–10%)
2023-08-05,Central,Monitor,12,169.2,Store C,Retail,0.05,Diana,1928.88,Gift Card,SAVE10,0,REG100345,Cust 6500,28.65,2023-08-05,2023-08-15,Cameron,10,1928.8799999999999,2023,8,3,2023-08,1928.88,1900.23,Low (1–5%)
2023-08-30,Central,Chair,7,103.03,Store D,Retail,0.1,Bob,649.089,Online,FREESHIP,1,REG100346,Cust 1150,5.29,2023-08-30,2023-09-06,Cameron,7,649.089,2023,8,3,2023-08,0.0,-5.29,Mid (6–10%)
2025-03-25,East,Printer,3,378.74,Store D,Wholesale,0.15,Frank,965.787,Online,SAVE10,0,REG100347,Cust 7449,8.22,2025-03-25,2025-03-27,Eric,2,965.787,2025,3,1,2025-03,965.787,957.567,High (11–15%)
2024-12-13,North,Phone,15,27.21,Store C,Wholesale,0.0,Alice,408.15,Online,WINTER15,0,REG100348,Cust 1957,43.69,2024-12-13,2024-12-22,Ryan,9,408.15000000000003,2024,12,4,2024-12,408.15,364.46,No Discount
2023-09-07,Central,Phone,14,52.09,Store A,Retail,0.0,Bob,729.26,Gift Card,None,1,REG100349,Cust 3467,48.02,2023-09-07,2023-09-14,Cameron,7,729.26,2023,9,3,2023-09,0.0,-48.02,No Discount
2023-12-12,North,Monitor,7,570.01,Store C,Wholesale,0.0,Carlos,3990.07,Credit Card,WINTER15,0,REG100350,Cust 5212,42.33,2023-12-12,2023-12-21,Ryan,9,3990.0699999999997,2023,12,4,2023-12,3990.07,3947.7400000000002,No Discount
2024-04-25,East,Monitor,19,526.23,Store B,Retail,0.0,Bob,9998.37,Credit Card,WINTER15,0,REG100351,Cust 3509,32.77,2024-04-25,2024-05-05,Eric,10,9998.37,2024,4,2,2024-04,9998.37,9965.6,No Discount
2025-05-04,North,Laptop,8,294.51,Store A,Wholesale,0.15,Diana,2002.668,Gift Card,None,0,REG100352,Cust 5316,10.46,2025-05-04,2025-05-07,Ryan,3,2002.668,2025,5,2,2025-05,2002.668,1992.2079999999999,High (11–15%)
2023-09-16,South,Monitor,18,448.27,Store C,Wholesale,0.05,Diana,7665.416999999999,Credit Card,SAVE10,0,REG100353,Cust 9919,47.56,2023-09-16,2023-09-20,Sophie,4,7665.4169999999995,2023,9,3,2023-09,7665.416999999999,7617.856999999998,Low (1–5%)
2024-10-23,West,Desk,17,583.88,Store D,Retail,0.1,Alice,8933.364,Credit Card,WINTER15,0,REG100354,Cust 7129,37.53,2024-10-23,2024-10-26,Wendy,3,8933.364,2024,10,4,2024-10,8933.364,8895.833999999999,Mid (6–10%)
2023-05-03,North,Desk,2,97.5,Store D,Retail,0.1,Alice,175.5,Cash,None,1,REG100355,Cust 9841,46.37,2023-05-03,2023-05-06,Ryan,3,175.5,2023,5,2,2023-05,0.0,-46.37,Mid (6–10%)
2025-03-18,North,Printer,16,420.79,Store B,Wholesale,0.15,Carlos,5722.744,Cash,FREESHIP,1,REG100356,Cust 6362,22.13,2025-03-18,2025-03-25,Ryan,7,5722.744,2025,3,1,2025-03,0.0,-22.13,High (11–15%)
2023-08-25,West,Chair,13,513.18,Store B,Retail,0.0,Eva,6671.339999999999,Credit Card,FREESHIP,0,REG100357,Cust 4142,10.57,2023-08-25,2023-08-27,Wendy,2,6671.339999999999,2023,8,3,2023-08,6671.339999999999,6660.7699999999995,No Discount
2023-07-13,North,Monitor,19,475.64,Store C,Retail,0.1,Frank,8133.444,Cash,WINTER15,1,REG100358,Cust 9584,11.17,2023-07-13,2023-07-17,Ryan,4,8133.444,2023,7,3,2023-07,0.0,-11.17,Mid (6–10%)
2025-02-25,North,Tablet,13,238.34,Store C,Retail,0.1,Carlos,2788.578,Credit Card,SAVE10,1,REG100359,Cust 2553,7.9,2025-02-25,2025-03-06,Ryan,9,2788.578,2025,2,1,2025-02,0.0,-7.9,Mid (6–10%)
2025-04-14,Central,Laptop,14,285.03,Store B,Wholesale,0.1,Eva,3591.378,Credit Card,SAVE10,0,REG100360,Cust 1347,41.5,2025-04-14,2025-04-17,Cameron,3,3591.3779999999997,2025,4,2,2025-04,3591.378,3549.878,Mid (6–10%)
2025-06-15,Central,Desk,5,5.52,Store C,Retail,0.05,Alice,26.22,Credit Card,FREESHIP,0,REG100361,Cust 8305,10.58,2025-06-15,2025-06-18,Cameron,3,26.219999999999995,2025,6,2,2025-06,26.22,15.639999999999999,Low (1–5%)
2024-10-22,North,Monitor,18,396.25,Store D,Retail,0.1,Frank,6419.25,Credit Card,FREESHIP,0,REG100362,Cust 7015,20.39,2024-10-22,2024-10-27,Ryan,5,6419.25,2024,10,4,2024-10,6419.25,6398.86,Mid (6–10%)
2023-06-20,South,Laptop,9,282.8,Store D,Wholesale,0.05,Eva,2417.94,Online,None,0,REG100363,Cust 4394,49.79,2023-06-20,2023-06-25,Sophie,5,2417.94,2023,6,2,2023-06,2417.94,2368.15,Low (1–5%)
2025-03-05,South,Phone,6,525.43,Store C,Wholesale,0.05,Alice,2994.951,Credit Card,None,0,REG100364,Cust 3323,39.28,2025-03-05,2025-03-11,Sophie,6,2994.9509999999996,2025,3,1,2025-03,2994.951,2955.671,Low (1–5%)
2023-10-28,West,Tablet,15,127.67,Store D,Retail,0.1,Alice,1723.545,Debit Card,None,0,REG100365,Cust 4029,48.77,2023-10-28,2023-10-30,Wendy,2,1723.545,2023,10,4,2023-10,1723.545,1674.775,Mid (6–10%)
2025-03-19,Central,Laptop,17,511.8,Store B,Retail,0.05,Carlos,8265.57,Credit Card,WINTER15,1,REG100366,Cust 1400,13.33,2025-03-19,2025-03-26,Cameron,7,8265.57,2025,3,1,2025-03,0.0,-13.33,Low (1–5%)
2023-08-06,West,Tablet,4,555.86,Store C,Retail,0.05,Bob,2112.268,Cash,FREESHIP,0,REG100367,Cust 6361,28.92,2023-08-06,2023-08-08,Wendy,2,2112.268,2023,8,3,2023-08,2112.268,2083.348,Low (1–5%)
2024-09-11,Central,Monitor,15,202.72,Store D,Retail,0.05,Eva,2888.76,Debit Card,WINTER15,1,REG100368,Cust 5267,41.61,2024-09-11,2024-09-19,Cameron,8,2888.76,2024,9,3,2024-09,0.0,-41.61,Low (1–5%)
2025-01-08,Central,Chair,4,353.7,Store A,Wholesale,0.0,Frank,1414.8,Credit Card,FREESHIP,0,REG100369,Cust 9354,41.98,2025-01-08,2025-01-12,Cameron,4,1414.8,2025,1,1,2025-01,1414.8,1372.82,No Discount
2024-08-12,Central,Chair,3,149.25,Store D,Wholesale,0.0,Carlos,447.75,Debit Card,None,1,REG100370,Cust 9443,13.17,2024-08-12,2024-08-14,Cameron,2,447.75,2024,8,3,2024-08,0.0,-13.17,No Discount
2023-03-30,North,Monitor,19,156.44,Store C,Wholesale,0.1,Alice,2675.124,Online,WINTER15,0,REG100371,Cust 2252,19.44,2023-03-30,2023-04-04,Ryan,5,2675.1240000000003,2023,3,1,2023-03,2675.124,2655.6839999999997,Mid (6–10%)
2023-02-01,Central,Phone,7,241.76,Store D,Wholesale,0.0,Carlos,1692.32,Online,SAVE10,0,REG100372,Cust 1031,48.13,2023-02-01,2023-02-09,Cameron,8,1692.32,2023,2,1,2023-02,1692.32,1644.1899999999998,No Discount
2025-04-18,North,Laptop,20,170.49,Store A,Wholesale,0.0,Diana,3409.8,Online,FREESHIP,0,REG100373,Cust 6086,19.74,2025-04-18,2025-04-27,Ryan,9,3409.8,2025,4,2,2025-04,3409.8,3390.0600000000004,No Discount
2025-03-29,Central,Monitor,11,149.67,Store C,Retail,0.1,Eva,1481.733,Credit Card,None,0,REG100374,Cust 1672,34.13,2025-03-29,2025-04-02,Cameron,4,1481.733,2025,3,1,2025-03,1481.733,1447.6029999999998,Mid (6–10%)
2024-04-25,East,Tablet,1,173.56,Store D,Retail,0.1,Eva,156.204,Debit Card,FREESHIP,0,REG100375,Cust 9313,39.1,2024-04-25,2024-04-28,Eric,3,156.204,2024,4,2,2024-04,156.204,117.10400000000001,Mid (6–10%)
2024-09-22,South,Monitor,7,349.55,Store A,Retail,0.05,Carlos,2324.5075,Credit Card,FREESHIP,0,REG100376,Cust 4405,23.7,2024-09-22,2024-09-27,Sophie,5,2324.5074999999997,2024,9,3,2024-09,2324.5075,2300.8075000000003,Low (1–5%)
2023-08-05,Central,Tablet,9,245.14,Store B,Wholesale,0.0,Alice,2206.26,Online,SAVE10,1,REG100377,Cust 6453,44.6,2023-08-05,2023-08-14,Cameron,9,2206.2599999999998,2023,8,3,2023-08,0.0,-44.6,No Discount
2024-06-07,South,Desk,1,423.08,Store B,Wholesale,0.05,Bob,401.926,Gift Card,WINTER15,0,REG100378,Cust 4772,31.75,2024-06-07,2024-06-11,Sophie,4,401.926,2024,6,2,2024-06,401.926,370.176,Low (1–5%)
2025-05-24,East,Phone,19,337.82,Store B,Wholesale,0.15,Alice,5455.793,Online,FREESHIP,0,REG100379,Cust 1762,45.74,2025-05-24,2025-05-30,Eric,6,5455.793,2025,5,2,2025-05,5455.793,5410.053,High (11–15%)
2024-07-18,South,Chair,10,252.63,Store B,Retail,0.15,Eva,2147.355,Cash,FREESHIP,0,REG100380,Cust 1865,8.92,2024-07-18,2024-07-25,Sophie,7,2147.355,2024,7,3,2024-07,2147.355,2138.435,High (11–15%)
2024-07-14,West,Tablet,3,87.02,Store B,Wholesale,0.1,Frank,234.954,Cash,WINTER15,0,REG100381,Cust 9552,11.13,2024-07-14,2024-07-16,Wendy,2,234.954,2024,7,3,2024-07,234.954,223.824,Mid (6–10%)
2023-04-14,Central,Tablet,11,6.72,Store D,Wholesale,0.05,Bob,70.224,Cash,SAVE10,0,REG100382,Cust 4273,34.27,2023-04-14,2023-04-19,Cameron,5,70.224,2023,4,2,2023-04,70.224,35.954,Low (1–5%)
2023-06-01,South,Printer,2,279.38,Store D,Retail,0.1,Carlos,502.884,Online,FREESHIP,0,REG100383,Cust 8712,22.95,2023-06-01,2023-06-06,Sophie,5,502.884,2023,6,2,2023-06,502.884,479.934,Mid (6–10%)
2025-04-17,Central,Phone,9,207.8,Store D,Retail,0.1,Alice,1683.18,Online,WINTER15,0,REG100384,Cust 9048,16.99,2025-04-17,2025-04-20,Cameron,3,1683.18,2025,4,2,2025-04,1683.18,1666.19,Mid (6–10%)
2025-03-31,East,Printer,15,511.88,Store C,Wholesale,0.05,Bob,7294.289999999999,Cash,SAVE10,0,REG100385,Cust 7714,10.22,2025-03-31,2025-04-09,Eric,9,7294.289999999999,2025,3,1,2025-03,7294.289999999999,7284.069999999999,Low (1–5%)
2024-07-15,East,Printer,10,325.97,Store D,Retail,0.0,Bob,3259.7,Cash,FREESHIP,1,REG100386,Cust 4770,49.95,2024-07-15,2024-07-22,Eric,7,3259.7000000000003,2024,7,3,2024-07,0.0,-49.95,No Discount
2024-08-30,South,Laptop,17,469.32,Store B,Retail,0.0,Carlos,7978.44,Gift Card,WINTER15,1,REG100387,Cust 2007,5.86,2024-08-30,2024-09-01,Sophie,2,7978.44,2024,8,3,2024-08,0.0,-5.86,No Discount
2025-01-07,Central,Phone,13,186.69,Store D,Wholesale,0.0,Bob,2426.97,Cash,FREESHIP,0,REG100388,Cust 8909,19.92,2025-01-07,2025-01-10,Cameron,3,2426.97,2025,1,1,2025-01,2426.97,2407.0499999999997,No Discount
2025-02-05,South,Phone,16,34.66,Store C,Retail,0.05,Alice,526.8319999999999,Debit Card,None,0,REG100389,Cust 4196,49.9,2025-02-05,2025-02-11,Sophie,6,526.8319999999999,2025,2,1,2025-02,526.8319999999999,476.9319999999999,Low (1–5%)
2024-04-01,North,Printer,18,155.04,Store B,Wholesale,0.15,Frank,2372.112,Cash,WINTER15,0,REG100390,Cust 4189,39.99,2024-04-01,2024-04-04,Ryan,3,2372.1119999999996,2024,4,2,2024-04,2372.112,2332.1220000000003,High (11–15%)
2025-03-01,West,Monitor,4,69.6,Store D,Wholesale,0.05,Eva,264.48,Gift Card,SAVE10,0,REG100391,Cust 7226,17.68,2025-03-01,2025-03-09,Wendy,8,264.47999999999996,2025,3,1,2025-03,264.48,246.8,Low (1–5%)
2023-07-03,Central,Monitor,13,55.09,Store A,Wholesale,0.15,Diana,608.7445,Cash,FREESHIP,1,REG100392,Cust 5015,47.78,2023-07-03,2023-07-06,Cameron,3,608.7445,2023,7,3,2023-07,0.0,-47.78,High (11–15%)
2023-04-25,Central,Laptop,13,206.11,Store B,Retail,0.15,Bob,2277.5155,Gift Card,SAVE10,1,REG100393,Cust 9904,22.59,2023-04-25,2023-05-01,Cameron,6,2277.5155,2023,4,2,2023-04,0.0,-22.59,High (11–15%)
2025-04-09,West,Tablet,14,484.38,Store D,Retail,0.05,Frank,6442.253999999999,Debit Card,SAVE10,0,REG100394,Cust 7687,29.24,2025-04-09,2025-04-19,Wendy,10,6442.253999999999,2025,4,2,2025-04,6442.253999999999,6413.013999999999,Low (1–5%)
2023-11-05,North,Monitor,6,449.57,Store D,Wholesale,0.0,Frank,2697.42,Gift Card,WINTER15,0,REG100395,Cust 6511,23.09,2023-11-05,2023-11-12,Ryan,7,2697.42,2023,11,4,2023-11,2697.42,2674.33,No Discount
2023-01-13,East,Laptop,9,223.01,Store C,Retail,0.0,Diana,2007.09,Cash,None,1,REG100396,Cust 2412,11.9,2023-01-13,2023-01-19,Eric,6,2007.09,2023,1,1,2023-01,0.0,-11.9,No Discount
2025-02-06,West,Chair,14,291.91,Store A,Retail,0.15,Frank,3473.729,Credit Card,None,0,REG100397,Cust 1664,27.51,2025-02-06,2025-02-10,Wendy,4,3473.7290000000003,2025,2,1,2025-02,3473.729,3446.2189999999996,High (11–15%)
2023-05-20,South,Monitor,13,90.86,Store A,Wholesale,0.0,Carlos,1181.18,Gift Card,SAVE10,0,REG100398,Cust 6033,16.74,2023-05-20,2023-05-25,Sophie,5,1181.18,2023,5,2,2023-05,1181.18,1164.44,No Discount
2025-06-18,East,Desk,4,109.05,Store D,Wholesale,0.0,Diana,436.2,Gift Card,WINTER15,0,REG100399,Cust 4019,21.02,2025-06-18,2025-06-24,Eric,6,436.2,2025,6,2,2025-06,436.2,415.18,No Discount
2023-02-23,West,Tablet,12,245.6,Store D,Retail,0.0,Bob,2947.2,Cash,FREESHIP,1,REG100400,Cust 4515,43.92,2023-02-23,2023-02-27,Wendy,4,2947.2,2023,2,1,2023-02,0.0,-43.92,No Discount
2024-11-09,East,Printer,15,380.03,Store A,Retail,0.0,Bob,5700.45,Online,None,0,REG100401,Cust 7532,25.72,2024-11-09,2024-11-12,Eric,3,5700.45,2024,11,4,2024-11,5700.45,5674.73,No Discount
2024-07-25,South,Tablet,3,417.58,Store D,Retail,0.05,Frank,1190.103,Gift Card,SAVE10,0,REG100402,Cust 8756,43.42,2024-07-25,2024-07-31,Sophie,6,1190.103,2024,7,3,2024-07,1190.103,1146.683,Low (1–5%)
2023-08-19,West,Laptop,15,432.17,Store D,Wholesale,0.15,Frank,5510.1675,Debit Card,WINTER15,0,REG100403,Cust 7620,44.88,2023-08-19,2023-08-23,Wendy,4,5510.1675,2023,8,3,2023-08,5510.1675,5465.287499999999,High (11–15%)
2023-11-13,South,Monitor,13,531.77,Store C,Retail,0.1,Bob,6221.709000000001,Online,SAVE10,0,REG100404,Cust 7368,37.91,2023-11-13,2023-11-15,Sophie,2,6221.709000000001,2023,11,4,2023-11,6221.709000000001,6183.799000000001,Mid (6–10%)
2024-09-10,West,Tablet,13,442.99,Store A,Wholesale,0.05,Alice,5470.9265,Gift Card,SAVE10,0,REG100405,Cust 1319,37.12,2024-09-10,2024-09-18,Wendy,8,5470.9265,2024,9,3,2024-09,5470.9265,5433.8065,Low (1–5%)
2024-08-30,Central,Chair,13,567.5,Store A,Retail,0.0,Eva,7377.5,Credit Card,None,0,REG100406,Cust 9597,28.41,2024-08-30,2024-09-02,Cameron,3,7377.5,2024,8,3,2024-08,7377.5,7349.09,No Discount
2024-11-10,East,Tablet,15,469.52,Store C,Wholesale,0.0,Alice,7042.799999999999,Credit Card,FREESHIP,0,REG100407,Cust 7369,35.6,2024-11-10,2024-11-17,Eric,7,7042.799999999999,2024,11,4,2024-11,7042.799999999999,7007.199999999999,No Discount
2023-04-13,East,Printer,1,396.09,Store D,Wholesale,0.15,Frank,336.6765,Credit Card,WINTER15,0,REG100408,Cust 8592,39.38,2023-04-13,2023-04-19,Eric,6,336.6765,2023,4,2,2023-04,336.6765,297.2965,High (11–15%)
2023-11-20,East,Laptop,12,195.73,Store C,Wholesale,0.05,Alice,2231.322,Cash,SAVE10,0,REG100409,Cust 2337,37.09,2023-11-20,2023-11-27,Eric,7,2231.3219999999997,2023,11,4,2023-11,2231.322,2194.232,Low (1–5%)
2025-04-14,North,Printer,5,412.24,Store B,Wholesale,0.15,Carlos,1752.02,Cash,FREESHIP,0,REG100410,Cust 9697,29.31,2025-04-14,2025-04-19,Ryan,5,1752.0199999999998,2025,4,2,2025-04,1752.02,1722.71,High (11–15%)
2023-03-04,Central,Monitor,11,558.5,Store B,Retail,0.15,Carlos,5221.974999999999,Cash,WINTER15,0,REG100411,Cust 5895,48.15,2023-03-04,2023-03-09,Cameron,5,5221.974999999999,2023,3,1,2023-03,5221.974999999999,5173.825,High (11–15%)
2024-11-16,North,Laptop,4,175.34,Store C,Retail,0.15,Eva,596.156,Cash,FREESHIP,0,REG100412,Cust 9097,40.86,2024-11-16,2024-11-19,Ryan,3,596.156,2024,11,4,2024-11,596.156,555.2959999999999,High (11–15%)
2024-05-25,South,Laptop,19,478.73,Store A,Retail,0.0,Frank,9095.87,Debit Card,WINTER15,1,REG100413,Cust 5938,46.46,2024-05-25,2024-06-02,Sophie,8,9095.87,2024,5,2,2024-05,0.0,-46.46,No Discount
2023-04-12,East,Desk,5,365.38,Store D,Wholesale,0.15,Alice,1552.865,Debit Card,SAVE10,1,REG100414,Cust 6928,5.66,2023-04-12,2023-04-15,Eric,3,1552.865,2023,4,2,2023-04,0.0,-5.66,High (11–15%)
2023-03-07,South,Desk,10,397.33,Store B,Retail,0.15,Alice,3377.305,Credit Card,None,0,REG100415,Cust 6223,10.2,2023-03-07,2023-03-13,Sophie,6,3377.305,2023,3,1,2023-03,3377.305,3367.105,High (11–15%)
2024-01-05,Central,Chair,17,241.01,Store A,Retail,0.1,Bob,3687.453,Debit Card,WINTER15,0,REG100416,Cust 7614,24.69,2024-01-05,2024-01-11,Cameron,6,3687.453,2024,1,1,2024-01,3687.453,3662.763,Mid (6–10%)
2024-10-31,West,Desk,17,82.2,Store C,Wholesale,0.0,Alice,1397.4,Cash,WINTER15,0,REG100417,Cust 3231,32.5,2024-10-31,2024-11-10,Wendy,10,1397.4,2024,10,4,2024-10,1397.4,1364.9,No Discount
2024-05-08,West,Monitor,16,170.77,Store C,Retail,0.1,Frank,2459.088,Online,SAVE10,1,REG100418,Cust 9123,45.93,2024-05-08,2024-05-14,Wendy,6,2459.088,2024,5,2,2024-05,0.0,-45.93,Mid (6–10%)
2024-03-05,Central,Monitor,1,8.2,Store C,Wholesale,0.15,Frank,6.969999999999999,Debit Card,None,0,REG100419,Cust 7054,30.35,2024-03-05,2024-03-15,Cameron,10,6.969999999999999,2024,3,1,2024-03,6.969999999999999,-23.380000000000003,High (11–15%)
2023-07-18,North,Laptop,12,425.78,Store A,Retail,0.1,Bob,4598.424,Online,None,1,REG100420,Cust 4240,25.48,2023-07-18,2023-07-22,Ryan,4,4598.424,2023,7,3,2023-07,0.0,-25.48,Mid (6–10%)
2023-08-05,South,Printer,20,121.14,Store C,Retail,0.1,Bob,2180.52,Credit Card,FREESHIP,0,REG100421,Cust 1237,21.47,2023-08-05,2023-08-14,Sophie,9,2180.5200000000004,2023,8,3,2023-08,2180.52,2159.05,Mid (6–10%)
2023-09-18,West,Tablet,19,448.13,Store D,Wholesale,0.0,Alice,8514.47,Debit Card,FREESHIP,0,REG100422,Cust 5513,28.29,2023-09-18,2023-09-20,Wendy,2,8514.47,2023,9,3,2023-09,8514.47,8486.179999999998,No Discount
2023-03-27,South,Laptop,8,7.81,Store D,Wholesale,0.1,Frank,56.232,Online,SAVE10,0,REG100423,Cust 1835,25.03,2023-03-27,2023-03-29,Sophie,2,56.232,2023,3,1,2023-03,56.232,31.201999999999998,Mid (6–10%)
2023-03-08,East,Chair,19,191.44,Store C,Wholesale,0.15,Carlos,3091.756,Cash,WINTER15,1,REG100424,Cust 8492,35.54,2023-03-08,2023-03-17,Eric,9,3091.756,2023,3,1,2023-03,0.0,-35.54,High (11–15%)
2024-05-02,West,Desk,5,245.2,Store B,Retail,0.15,Eva,1042.1,Online,None,0,REG100425,Cust 2451,46.37,2024-05-02,2024-05-06,Wendy,4,1042.1,2024,5,2,2024-05,1042.1,995.7299999999999,High (11–15%)
2023-09-16,North,Desk,17,163.37,Store B,Wholesale,0.15,Eva,2360.6965,Gift Card,SAVE10,0,REG100426,Cust 4509,5.36,2023-09-16,2023-09-26,Ryan,10,2360.6965,2023,9,3,2023-09,2360.6965,2355.3365,High (11–15%)
2023-06-13,South,Tablet,14,583.96,Store C,Retail,0.0,Diana,8175.440000000001,Debit Card,WINTER15,0,REG100427,Cust 6643,23.03,2023-06-13,2023-06-22,Sophie,9,8175.4400000000005,2023,6,2,2023-06,8175.440000000001,8152.410000000002,No Discount
2023-11-05,North,Desk,16,181.08,Store C,Retail,0.1,Carlos,2607.552,Online,WINTER15,0,REG100428,Cust 2559,39.84,2023-11-05,2023-11-08,Ryan,3,2607.552,2023,11,4,2023-11,2607.552,2567.712,Mid (6–10%)
2024-11-23,South,Tablet,8,414.94,Store A,Wholesale,0.0,Alice,3319.52,Debit Card,SAVE10,0,REG100429,Cust 4423,46.58,2024-11-23,2024-11-26,Sophie,3,3319.52,2024,11,4,2024-11,3319.52,3272.94,No Discount
2024-02-09,Central,Phone,16,442.22,Store B,Retail,0.0,Alice,7075.52,Cash,FREESHIP,0,REG100430,Cust 9139,27.36,2024-02-09,2024-02-18,Cameron,9,7075.52,2024,2,1,2024-02,7075.52,7048.160000000001,No Discount
2023-11-16,Central,Printer,14,595.39,Store A,Wholesale,0.1,Bob,7501.914,Credit Card,SAVE10,0,REG100431,Cust 6668,9.51,2023-11-16,2023-11-22,Cameron,6,7501.914,2023,11,4,2023-11,7501.914,7492.4039999999995,Mid (6–10%)
2025-01-24,Central,Monitor,6,175.3,Store A,Wholesale,0.15,Alice,894.0300000000001,Cash,SAVE10,1,REG100432,Cust 4315,17.92,2025-01-24,2025-01-29,Cameron,5,894.0300000000001,2025,1,1,2025-01,0.0,-17.92,High (11–15%)
2025-05-06,Central,Tablet,7,319.59,Store C,Wholesale,0.15,Carlos,1901.5605,Gift Card,WINTER15,1,REG100433,Cust 8000,8.47,2025-05-06,2025-05-09,Cameron,3,1901.5604999999996,2025,5,2,2025-05,0.0,-8.47,High (11–15%)
2025-05-17,East,Printer,15,506.81,Store A,Retail,0.15,Bob,6461.827499999999,Cash,FREESHIP,1,REG100434,Cust 7585,41.03,2025-05-17,2025-05-27,Eric,10,6461.827499999999,2025,5,2,2025-05,0.0,-41.03,High (11–15%)
2023-11-29,Central,Laptop,17,538.08,Store A,Retail,0.05,Eva,8689.992,Debit Card,FREESHIP,0,REG100435,Cust 3127,19.61,2023-11-29,2023-12-01,Cameron,2,8689.992,2023,11,4,2023-11,8689.992,8670.382,Low (1–5%)
2023-02-24,South,Chair,16,187.84,Store A,Retail,0.0,Alice,3005.44,Credit Card,SAVE10,0,REG100436,Cust 4130,18.65,2023-02-24,2023-02-26,Sophie,2,3005.44,2023,2,1,2023-02,3005.44,2986.79,No Discount
2023-11-04,South,Laptop,18,426.3,Store A,Wholesale,0.15,Carlos,6522.39,Credit Card,None,1,REG100437,Cust 6956,29.81,2023-11-04,2023-11-10,Sophie,6,6522.39,2023,11,4,2023-11,0.0,-29.81,High (11–15%)
2024-06-15,East,Desk,1,498.35,Store B,Retail,0.1,Alice,448.515,Online,FREESHIP,0,REG100438,Cust 8155,34.7,2024-06-15,2024-06-22,Eric,7,448.51500000000004,2024,6,2,2024-06,448.515,413.815,Mid (6–10%)
2024-10-02,North,Tablet,19,385.72,Store A,Retail,0.05,Carlos,6962.246,Cash,SAVE10,1,REG100439,Cust 8852,12.46,2024-10-02,2024-10-06,Ryan,4,6962.246,2024,10,4,2024-10,0.0,-12.46,Low (1–5%)
2023-06-03,West,Tablet,3,54.37,Store B,Wholesale,0.1,Frank,146.799,Credit Card,WINTER15,0,REG100440,Cust 2850,48.71,2023-06-03,2023-06-13,Wendy,10,146.79899999999998,2023,6,2,2023-06,146.799,98.089,Mid (6–10%)
2023-09-10,East,Phone,6,471.74,Store C,Retail,0.15,Carlos,2405.874,Online,None,0,REG100441,Cust 9572,36.79,2023-09-10,2023-09-18,Eric,8,2405.874,2023,9,3,2023-09,2405.874,2369.084,High (11–15%)
2025-05-20,Central,Printer,19,322.31,Store B,Retail,0.15,Bob,5205.306500000001,Cash,FREESHIP,0,REG100442,Cust 6253,33.95,2025-05-20,2025-05-22,Cameron,2,5205.306500000001,2025,5,2,2025-05,5205.306500000001,5171.356500000001,High (11–15%)
2023-09-24,North,Tablet,13,115.86,Store A,Wholesale,0.1,Diana,1355.562,Cash,None,1,REG100443,Cust 4154,28.52,2023-09-24,2023-10-03,Ryan,9,1355.5620000000001,2023,9,3,2023-09,0.0,-28.52,Mid (6–10%)
2025-03-29,East,Tablet,18,398.26,Store B,Retail,0.1,Bob,6451.812000000001,Debit Card,None,0,REG100444,Cust 2137,16.8,2025-03-29,2025-04-04,Eric,6,6451.812000000001,2025,3,1,2025-03,6451.812000000001,6435.012000000001,Mid (6–10%)
2023-06-17,East,Chair,4,584.8,Store B,Retail,0.1,Eva,2105.28,Online,FREESHIP,0,REG100445,Cust 8157,16.44,2023-06-17,2023-06-25,Eric,8,2105.2799999999997,2023,6,2,2023-06,2105.28,2088.84,Mid (6–10%)
2024-01-28,West,Printer,20,424.7,Store B,Wholesale,0.15,Bob,7219.9,Online,FREESHIP,0,REG100446,Cust 4861,42.03,2024-01-28,2024-02-05,Wendy,8,7219.9,2024,1,1,2024-01,7219.9,7177.87,High (11–15%)
2023-03-14,Central,Chair,16,179.22,Store D,Retail,0.1,Alice,2580.768,Online,WINTER15,0,REG100447,Cust 7493,45.99,2023-03-14,2023-03-17,Cameron,3,2580.768,2023,3,1,2023-03,2580.768,2534.7780000000002,Mid (6–10%)
2025-01-09,East,Laptop,12,148.66,Store A,Wholesale,0.0,Diana,1783.92,Online,None,1,REG100448,Cust 7073,27.16,2025-01-09,2025-01-17,Eric,8,1783.92,2025,1,1,2025-01,0.0,-27.16,No Discount
2025-03-30,Central,Phone,16,460.43,Store B,Wholesale,0.15,Bob,6261.848,Online,WINTER15,0,REG100449,Cust 9085,20.38,2025-03-30,2025-04-06,Cameron,7,6261.848,2025,3,1,2025-03,6261.848,6241.468,High (11–15%)
2023-10-23,East,Tablet,5,334.37,Store B,Retail,0.05,Carlos,1588.2575,Credit Card,None,0,REG100450,Cust 3247,32.13,2023-10-23,2023-10-28,Eric,5,1588.2575,2023,10,4,2023-10,1588.2575,1556.1274999999998,Low (1–5%)
2025-06-08,West,Monitor,3,599.72,Store D,Retail,0.15,Alice,1529.286,Online,WINTER15,1,REG100451,Cust 8504,14.93,2025-06-08,2025-06-14,Wendy,6,1529.286,2025,6,2,2025-06,0.0,-14.93,High (11–15%)
2024-02-26,West,Monitor,11,389.84,Store D,Wholesale,0.0,Alice,4288.24,Gift Card,SAVE10,1,REG100452,Cust 4164,10.24,2024-02-26,2024-02-29,Wendy,3,4288.24,2024,2,1,2024-02,0.0,-10.24,No Discount
2024-10-30,East,Chair,11,445.75,Store A,Wholesale,0.1,Frank,4412.925,Online,SAVE10,0,REG100453,Cust 9592,18.07,2024-10-30,2024-11-07,Eric,8,4412.925,2024,10,4,2024-10,4412.925,4394.8550000000005,Mid (6–10%)
2024-08-19,South,Laptop,18,96.84,Store A,Wholesale,0.15,Frank,1481.652,Cash,SAVE10,1,REG100454,Cust 7450,8.1,2024-08-19,2024-08-23,Sophie,4,1481.652,2024,8,3,2024-08,0.0,-8.1,High (11–15%)
2023-07-30,Central,Chair,1,528.31,Store C,Wholesale,0.1,Alice,475.479,Online,FREESHIP,0,REG100455,Cust 4186,24.55,2023-07-30,2023-08-09,Cameron,10,475.479,2023,7,3,2023-07,475.479,450.929,Mid (6–10%)
2024-08-13,North,Monitor,16,64.03,Store A,Wholesale,0.0,Carlos,1024.48,Gift Card,WINTER15,1,REG100456,Cust 3305,16.71,2024-08-13,2024-08-23,Ryan,10,1024.48,2024,8,3,2024-08,0.0,-16.71,No Discount
2023-11-04,North,Printer,13,179.37,Store A,Retail,0.05,Eva,2215.2195,Online,FREESHIP,0,REG100457,Cust 9768,35.28,2023-11-04,2023-11-12,Ryan,8,2215.2194999999997,2023,11,4,2023-11,2215.2195,2179.9395,Low (1–5%)
2025-06-05,East,Printer,19,491.15,Store C,Retail,0.0,Frank,9331.85,Online,None,0,REG100458,Cust 1179,48.68,2025-06-05,2025-06-15,Eric,10,9331.85,2025,6,2,2025-06,9331.85,9283.17,No Discount
2023-06-23,North,Printer,5,360.34,Store C,Wholesale,0.0,Carlos,1801.7,Gift Card,None,0,REG100459,Cust 2546,33.76,2023-06-23,2023-06-28,Ryan,5,1801.6999999999998,2023,6,2,2023-06,1801.7,1767.94,No Discount
2024-09-21,South,Laptop,20,296.8,Store A,Retail,0.1,Frank,5342.400000000001,Gift Card,None,0,REG100460,Cust 2672,19.57,2024-09-21,2024-09-28,Sophie,7,5342.400000000001,2024,9,3,2024-09,5342.400000000001,5322.830000000001,Mid (6–10%)
2024-01-01,South,Desk,3,599.42,Store A,Wholesale,0.1,Bob,1618.434,Online,SAVE10,0,REG100461,Cust 3394,48.02,2024-01-01,2024-01-03,Sophie,2,1618.4339999999997,2024,1,1,2024-01,1618.434,1570.414,Mid (6–10%)
2025-01-02,West,Laptop,1,374.33,Store B,Wholesale,0.0,Carlos,374.33,Credit Card,FREESHIP,0,REG100462,Cust 1649,33.31,2025-01-02,2025-01-12,Wendy,10,374.33,2025,1,1,2025-01,374.33,341.02,No Discount
2024-03-14,North,Desk,13,588.8,Store D,Wholesale,0.15,Frank,6506.24,Cash,SAVE10,0,REG100463,Cust 6994,45.03,2024-03-14,2024-03-21,Ryan,7,6506.24,2024,3,1,2024-03,6506.24,6461.21,High (11–15%)
2024-05-04,West,Monitor,13,198.44,Store D,Wholesale,0.0,Carlos,2579.72,Cash,SAVE10,1,REG100464,Cust 9879,31.51,2024-05-04,2024-05-09,Wendy,5,2579.72,2024,5,2,2024-05,0.0,-31.51,No Discount
2025-02-27,South,Printer,12,384.2,Store A,Retail,0.0,Eva,4610.4,Cash,FREESHIP,0,REG100465,Cust 9069,38.99,2025-02-27,2025-03-02,Sophie,3,4610.4,2025,2,1,2025-02,4610.4,4571.41,No Discount
2024-11-13,Central,Phone,4,475.49,Store B,Wholesale,0.15,Frank,1616.666,Cash,WINTER15,0,REG100466,Cust 3712,11.6,2024-11-13,2024-11-17,Cameron,4,1616.666,2024,11,4,2024-11,1616.666,1605.066,High (11–15%)
2023-10-31,West,Printer,6,202.97,Store C,Retail,0.1,Eva,1096.038,Gift Card,WINTER15,0,REG100467,Cust 3829,43.55,2023-10-31,2023-11-10,Wendy,10,1096.038,2023,10,4,2023-10,1096.038,1052.488,Mid (6–10%)
2023-12-19,Central,Tablet,18,135.23,Store C,Wholesale,0.0,Diana,2434.14,Online,WINTER15,1,REG100468,Cust 1623,46.1,2023-12-19,2023-12-24,Cameron,5,2434.14,2023,12,4,2023-12,0.0,-46.1,No Discount
2023-11-27,South,Tablet,20,356.4,Store C,Wholesale,0.05,Diana,6771.599999999999,Cash,FREESHIP,1,REG100469,Cust 3532,26.7,2023-11-27,2023-12-03,Sophie,6,6771.599999999999,2023,11,4,2023-11,0.0,-26.7,Low (1–5%)
2023-08-15,East,Laptop,3,294.72,Store C,Wholesale,0.05,Alice,839.952,Cash,SAVE10,0,REG100470,Cust 4712,45.33,2023-08-15,2023-08-18,Eric,3,839.952,2023,8,3,2023-08,839.952,794.622,Low (1–5%)
2023-01-16,West,Phone,20,553.85,Store A,Retail,0.0,Frank,11077.0,Cash,WINTER15,0,REG100471,Cust 6211,33.21,2023-01-16,2023-01-24,Wendy,8,11077.0,2023,1,1,2023-01,11077.0,11043.79,No Discount
2025-02-28,Central,Tablet,13,81.17,Store D,Retail,0.1,Frank,949.6890000000001,Cash,SAVE10,1,REG100472,Cust 1222,48.21,2025-02-28,2025-03-08,Cameron,8,949.6890000000001,2025,2,1,2025-02,0.0,-48.21,Mid (6–10%)
2023-11-28,West,Phone,2,532.51,Store B,Wholesale,0.0,Carlos,1065.02,Credit Card,WINTER15,1,REG100473,Cust 6208,49.67,2023-11-28,2023-12-01,Wendy,3,1065.02,2023,11,4,2023-11,0.0,-49.67,No Discount
2023-12-04,West,Printer,1,268.19,Store B,Wholesale,0.1,Carlos,241.371,Gift Card,WINTER15,0,REG100474,Cust 5942,9.48,2023-12-04,2023-12-13,Wendy,9,241.371,2023,12,4,2023-12,241.371,231.89100000000002,Mid (6–10%)
2024-06-21,South,Printer,17,432.65,Store A,Retail,0.15,Frank,6251.7925,Cash,FREESHIP,0,REG100475,Cust 1745,18.85,2024-06-21,2024-06-29,Sophie,8,6251.7925,2024,6,2,2024-06,6251.7925,6232.942499999999,High (11–15%)
2025-03-17,East,Desk,14,123.04,Store A,Wholesale,0.1,Diana,1550.304,Cash,WINTER15,1,REG100476,Cust 2679,43.28,2025-03-17,2025-03-26,Eric,9,1550.304,2025,3,1,2025-03,0.0,-43.28,Mid (6–10%)
2023-08-17,Central,Desk,16,454.54,Store B,Retail,0.1,Bob,6545.376,Online,FREESHIP,0,REG100477,Cust 9907,20.55,2023-08-17,2023-08-19,Cameron,2,6545.376,2023,8,3,2023-08,6545.376,6524.826,Mid (6–10%)
2023-08-30,Central,Monitor,11,414.58,Store D,Wholesale,0.05,Diana,4332.361,Cash,WINTER15,0,REG100478,Cust 5750,25.33,2023-08-30,2023-09-05,Cameron,6,4332.361,2023,8,3,2023-08,4332.361,4307.031,Low (1–5%)
2025-06-16,East,Phone,9,352.91,Store B,Wholesale,0.1,Bob,2858.571,Cash,FREESHIP,0,REG100479,Cust 5717,30.57,2025-06-16,2025-06-18,Eric,2,2858.571,2025,6,2,2025-06,2858.571,2828.0009999999997,Mid (6–10%)
2023-06-29,North,Chair,10,126.46,Store A,Retail,0.1,Eva,1138.14,Online,WINTER15,0,REG100480,Cust 7995,26.96,2023-06-29,2023-07-09,Ryan,10,1138.1399999999999,2023,6,2,2023-06,1138.14,1111.18,Mid (6–10%)
2023-08-13,North,Monitor,7,125.02,Store D,Wholesale,0.0,Carlos,875.14,Credit Card,FREESHIP,0,REG100481,Cust 5572,12.45,2023-08-13,2023-08-20,Ryan,7,875.14,2023,8,3,2023-08,875.14,862.6899999999999,No Discount
2024-04-29,West,Tablet,20,367.24,Store A,Wholesale,0.05,Carlos,6977.559999999999,Gift Card,FREESHIP,0,REG100482,Cust 1721,45.67,2024-04-29,2024-05-07,Wendy,8,6977.5599999999995,2024,4,2,2024-04,6977.559999999999,6931.8899999999985,Low (1–5%)
2023-07-15,West,Monitor,8,432.12,Store B,Retail,0.0,Diana,3456.96,Credit Card,WINTER15,0,REG100483,Cust 2641,42.1,2023-07-15,2023-07-25,Wendy,10,3456.96,2023,7,3,2023-07,3456.96,3414.86,No Discount
2025-01-17,North,Tablet,3,13.33,Store D,Retail,0.1,Eva,35.991,Cash,SAVE10,0,REG100484,Cust 9769,17.62,2025-01-17,2025-01-23,Ryan,6,35.991,2025,1,1,2025-01,35.991,18.371,Mid (6–10%)
2025-02-21,East,Printer,13,105.93,Store C,Retail,0.0,Bob,1377.09,Debit Card,FREESHIP,0,REG100485,Cust 1718,38.96,2025-02-21,2025-03-03,Eric,10,1377.0900000000001,2025,2,1,2025-02,1377.09,1338.1299999999999,No Discount
2023-07-19,West,Monitor,20,526.55,Store A,Wholesale,0.0,Alice,10531.0,Debit Card,FREESHIP,1,REG100486,Cust 1210,25.64,2023-07-19,2023-07-26,Wendy,7,10531.0,2023,7,3,2023-07,0.0,-25.64,No Discount
2024-09-29,West,Phone,11,339.78,Store A,Retail,0.05,Diana,3550.701,Debit Card,WINTER15,1,REG100487,Cust 7710,11.56,2024-09-29,2024-10-06,Wendy,7,3550.7009999999996,2024,9,3,2024-09,0.0,-11.56,Low (1–5%)
2024-10-17,East,Laptop,10,91.75,Store D,Wholesale,0.15,Frank,779.875,Cash,WINTER15,0,REG100488,Cust 1428,37.27,2024-10-17,2024-10-21,Eric,4,779.875,2024,10,4,2024-10,779.875,742.605,High (11–15%)
2025-06-11,East,Phone,15,13.66,Store B,Retail,0.1,Alice,184.41,Debit Card,FREESHIP,0,REG100489,Cust 2810,38.04,2025-06-11,2025-06-17,Eric,6,184.41,2025,6,2,2025-06,184.41,146.37,Mid (6–10%)
2024-01-19,West,Desk,6,148.23,Store B,Retail,0.1,Eva,800.4419999999999,Credit Card,FREESHIP,0,REG100490,Cust 2234,19.58,2024-01-19,2024-01-29,Wendy,10,800.4419999999999,2024,1,1,2024-01,800.4419999999999,780.8619999999999,Mid (6–10%)
2023-12-03,East,Chair,11,495.03,Store D,Wholesale,0.15,Frank,4628.5305,Cash,WINTER15,0,REG100491,Cust 9602,27.37,2023-12-03,2023-12-05,Eric,2,4628.5305,2023,12,4,2023-12,4628.5305,4601.1605,High (11–15%)
2024-06-19,Central,Chair,6,247.2,Store A,Wholesale,0.05,Diana,1409.04,Credit Card,FREESHIP,0,REG100492,Cust 2546,18.75,2024-06-19,2024-06-27,Cameron,8,1409.0399999999997,2024,6,2,2024-06,1409.04,1390.29,Low (1–5%)
2024-10-16,West,Tablet,19,207.45,Store C,Retail,0.05,Bob,3744.472499999999,Debit Card,SAVE10,0,REG100493,Cust 5032,11.5,2024-10-16,2024-10-21,Wendy,5,3744.4724999999994,2024,10,4,2024-10,3744.472499999999,3732.972499999999,Low (1–5%)
2025-01-23,East,Laptop,2,370.78,Store D,Wholesale,0.15,Diana,630.3259999999999,Online,FREESHIP,0,REG100494,Cust 4297,20.45,2025-01-23,2025-01-27,Eric,4,630.3259999999999,2025,1,1,2025-01,630.3259999999999,609.8759999999999,High (11–15%)
2023-10-02,Central,Laptop,9,146.72,Store A,Wholesale,0.1,Diana,1188.432,Credit Card,None,0,REG100495,Cust 6944,10.45,2023-10-02,2023-10-10,Cameron,8,1188.432,2023,10,4,2023-10,1188.432,1177.982,Mid (6–10%)
2023-11-05,East,Desk,12,159.85,Store D,Retail,0.1,Alice,1726.38,Cash,WINTER15,0,REG100496,Cust 4136,32.61,2023-11-05,2023-11-07,Eric,2,1726.3799999999999,2023,11,4,2023-11,1726.38,1693.7700000000002,Mid (6–10%)
2023-06-18,South,Printer,13,181.68,Store C,Wholesale,0.05,Diana,2243.748,Gift Card,SAVE10,0,REG100497,Cust 7460,14.69,2023-06-18,2023-06-23,Sophie,5,2243.748,2023,6,2,2023-06,2243.748,2229.058,Low (1–5%)
2024-07-15,Central,Phone,16,34.16,Store A,Retail,0.15,Bob,464.576,Cash,SAVE10,0,REG100498,Cust 3960,36.33,2024-07-15,2024-07-21,Cameron,6,464.57599999999996,2024,7,3,2024-07,464.576,428.24600000000004,High (11–15%)
2024-06-14,Central,Laptop,2,287.43,Store C,Wholesale,0.1,Diana,517.374,Cash,WINTER15,0,REG100499,Cust 5530,25.34,2024-06-14,2024-06-23,Cameron,9,517.374,2024,6,2,2024-06,517.374,492.03400000000005,Mid (6–10%)
2024-04-05,East,Monitor,15,405.95,Store D,Wholesale,0.15,Eva,5175.8625,Gift Card,None,0,REG100500,Cust 3160,32.04,2024-04-05,2024-04-10,Eric,5,5175.8625,2024,4,2,2024-04,5175.8625,5143.8225,High (11–15%)
2023-02-27,North,Laptop,1,430.61,Store B,Retail,0.0,Alice,430.61,Gift Card,WINTER15,0,REG100501,Cust 9641,14.53,2023-02-27,2023-03-07,Ryan,8,430.61,2023,2,1,2023-02,430.61,416.08000000000004,No Discount
2023-07-31,West,Laptop,5,508.05,Store D,Retail,0.0,Frank,2540.25,Credit Card,WINTER15,1,REG100502,Cust 9742,35.63,2023-07-31,2023-08-09,Wendy,9,2540.25,2023,7,3,2023-07,0.0,-35.63,No Discount
2023-03-03,West,Laptop,13,522.97,Store C,Retail,0.15,Carlos,5778.8185,Debit Card,FREESHIP,0,REG100503,Cust 1144,33.9,2023-03-03,2023-03-10,Wendy,7,5778.8185,2023,3,1,2023-03,5778.8185,5744.918500000001,High (11–15%)
2023-04-26,South,Laptop,17,260.25,Store D,Wholesale,0.1,Frank,3981.825,Credit Card,SAVE10,0,REG100504,Cust 2936,23.26,2023-04-26,2023-04-28,Sophie,2,3981.8250000000003,2023,4,2,2023-04,3981.825,3958.5649999999996,Mid (6–10%)
2024-10-19,East,Phone,6,549.21,Store B,Retail,0.1,Eva,2965.734,Credit Card,WINTER15,1,REG100505,Cust 3035,12.29,2024-10-19,2024-10-27,Eric,8,2965.7340000000004,2024,10,4,2024-10,0.0,-12.29,Mid (6–10%)
2024-06-30,Central,Printer,17,472.33,Store C,Retail,0.15,Carlos,6825.1685,Debit Card,WINTER15,0,REG100506,Cust 1717,22.63,2024-06-30,2024-07-04,Cameron,4,6825.1685,2024,6,2,2024-06,6825.1685,6802.5385,High (11–15%)
2024-10-11,West,Laptop,9,596.83,Store A,Retail,0.0,Eva,5371.47,Cash,WINTER15,0,REG100507,Cust 4456,6.43,2024-10-11,2024-10-19,Wendy,8,5371.47,2024,10,4,2024-10,5371.47,5365.04,No Discount
2025-06-14,Central,Monitor,15,154.04,Store D,Retail,0.1,Alice,2079.54,Cash,FREESHIP,1,REG100508,Cust 6435,24.53,2025-06-14,2025-06-23,Cameron,9,2079.54,2025,6,2,2025-06,0.0,-24.53,Mid (6–10%)
2024-12-22,East,Laptop,18,500.44,Store D,Wholesale,0.1,Bob,8107.128000000001,Credit Card,None,0,REG100509,Cust 9352,8.87,2024-12-22,2024-12-30,Eric,8,8107.128000000001,2024,12,4,2024-12,8107.128000000001,8098.258000000001,Mid (6–10%)
2024-04-22,West,Tablet,5,382.17,Store C,Wholesale,0.0,Diana,1910.85,Credit Card,FREESHIP,0,REG100510,Cust 6746,17.72,2024-04-22,2024-04-25,Wendy,3,1910.8500000000001,2024,4,2,2024-04,1910.85,1893.1299999999999,No Discount
2025-01-25,North,Chair,3,365.54,Store B,Retail,0.15,Frank,932.1270000000001,Online,None,0,REG100511,Cust 8189,45.89,2025-01-25,2025-01-29,Ryan,4,932.1270000000001,2025,1,1,2025-01,932.1270000000001,886.2370000000001,High (11–15%)
2024-11-13,North,Laptop,5,270.13,Store C,Retail,0.15,Eva,1148.0525,Credit Card,None,0,REG100512,Cust 8470,15.74,2024-11-13,2024-11-19,Ryan,6,1148.0525,2024,11,4,2024-11,1148.0525,1132.3125,High (11–15%)
2023-03-16,East,Tablet,2,480.15,Store D,Retail,0.15,Diana,816.255,Online,None,0,REG100513,Cust 1044,42.07,2023-03-16,2023-03-21,Eric,5,816.255,2023,3,1,2023-03,816.255,774.185,High (11–15%)
2023-05-06,North,Laptop,18,414.77,Store C,Wholesale,0.1,Eva,6719.273999999999,Credit Card,None,1,REG100514,Cust 4010,28.55,2023-05-06,2023-05-15,Ryan,9,6719.273999999999,2023,5,2,2023-05,0.0,-28.55,Mid (6–10%)
2024-11-15,East,Monitor,10,98.24,Store C,Wholesale,0.0,Frank,982.4,Credit Card,FREESHIP,1,REG100515,Cust 1385,21.01,2024-11-15,2024-11-17,Eric,2,982.4,2024,11,4,2024-11,0.0,-21.01,No Discount
2024-06-28,Central,Laptop,6,227.6,Store D,Retail,0.05,Carlos,1297.32,Debit Card,FREESHIP,0,REG100516,Cust 1904,38.22,2024-06-28,2024-07-05,Cameron,7,1297.32,2024,6,2,2024-06,1297.32,1259.1,Low (1–5%)
2025-05-11,Central,Monitor,5,136.13,Store C,Retail,0.15,Carlos,578.5525,Online,None,0,REG100517,Cust 6034,10.02,2025-05-11,2025-05-20,Cameron,9,578.5525,2025,5,2,2025-05,578.5525,568.5325,High (11–15%)
2023-02-26,Central,Tablet,5,489.13,Store C,Retail,0.1,Diana,2201.085,Gift Card,FREESHIP,0,REG100518,Cust 9239,44.73,2023-02-26,2023-03-04,Cameron,6,2201.085,2023,2,1,2023-02,2201.085,2156.355,Mid (6–10%)
2024-04-30,South,Laptop,4,414.36,Store A,Retail,0.0,Bob,1657.44,Debit Card,FREESHIP,0,REG100519,Cust 5678,8.02,2024-04-30,2024-05-07,Sophie,7,1657.44,2024,4,2,2024-04,1657.44,1649.42,No Discount
2025-03-11,East,Laptop,6,138.26,Store B,Retail,0.15,Eva,705.126,Online,None,1,REG100520,Cust 3696,31.4,2025-03-11,2025-03-13,Eric,2,705.126,2025,3,1,2025-03,0.0,-31.4,High (11–15%)
2025-06-30,East,Phone,12,487.57,Store A,Wholesale,0.05,Eva,5558.298,Cash,None,0,REG100521,Cust 9025,37.33,2025-06-30,2025-07-10,Eric,10,5558.298,2025,6,2,2025-06,5558.298,5520.968,Low (1–5%)
2024-06-02,North,Chair,20,427.3,Store C,Wholesale,0.05,Frank,8118.7,Gift Card,FREESHIP,1,REG100522,Cust 9924,25.19,2024-06-02,2024-06-08,Ryan,6,8118.7,2024,6,2,2024-06,0.0,-25.19,Low (1–5%)
2024-09-01,South,Laptop,16,588.92,Store D,Wholesale,0.15,Alice,8009.311999999999,Cash,FREESHIP,0,REG100523,Cust 3887,7.89,2024-09-01,2024-09-05,Sophie,4,8009.311999999999,2024,9,3,2024-09,8009.311999999999,8001.421999999999,High (11–15%)
2025-01-11,South,Laptop,6,429.45,Store B,Retail,0.1,Alice,2319.03,Cash,None,0,REG100524,Cust 5302,47.18,2025-01-11,2025-01-18,Sophie,7,2319.0299999999997,2025,1,1,2025-01,2319.03,2271.8500000000004,Mid (6–10%)
2025-03-31,South,Phone,1,476.0,Store A,Wholesale,0.15,Carlos,404.6,Cash,FREESHIP,0,REG100525,Cust 2290,18.95,2025-03-31,2025-04-03,Sophie,3,404.59999999999997,2025,3,1,2025-03,404.6,385.65000000000003,High (11–15%)
2024-11-28,South,Phone,13,141.26,Store B,Retail,0.0,Frank,1836.38,Online,None,0,REG100526,Cust 2227,23.68,2024-11-28,2024-12-05,Sophie,7,1836.3799999999999,2024,11,4,2024-11,1836.38,1812.7,No Discount
2023-07-05,North,Chair,3,250.65,Store D,Retail,0.15,Eva,639.1575,Credit Card,SAVE10,0,REG100527,Cust 1726,44.46,2023-07-05,2023-07-07,Ryan,2,639.1575,2023,7,3,2023-07,639.1575,594.6975,High (11–15%)
2024-10-24,West,Monitor,19,301.17,Store D,Retail,0.05,Alice,5436.1185,Debit Card,WINTER15,0,REG100528,Cust 9874,5.71,2024-10-24,2024-11-03,Wendy,10,5436.1185000000005,2024,10,4,2024-10,5436.1185,5430.4085,Low (1–5%)
2025-04-08,North,Chair,7,30.79,Store C,Retail,0.1,Bob,193.977,Cash,WINTER15,1,REG100529,Cust 1774,11.39,2025-04-08,2025-04-16,Ryan,8,193.977,2025,4,2,2025-04,0.0,-11.39,Mid (6–10%)
2024-06-05,East,Laptop,1,561.6,Store A,Wholesale,0.15,Alice,477.36,Debit Card,SAVE10,0,REG100530,Cust 2414,38.02,2024-06-05,2024-06-10,Eric,5,477.36,2024,6,2,2024-06,477.36,439.34000000000003,High (11–15%)
2025-01-23,West,Phone,16,193.7,Store A,Retail,0.15,Bob,2634.32,Credit Card,SAVE10,0,REG100531,Cust 6534,6.83,2025-01-23,2025-01-29,Wendy,6,2634.3199999999997,2025,1,1,2025-01,2634.32,2627.4900000000002,High (11–15%)
2024-11-04,Central,Tablet,17,310.03,Store D,Retail,0.05,Carlos,5006.984499999999,Online,FREESHIP,0,REG100532,Cust 3170,8.06,2024-11-04,2024-11-12,Cameron,8,5006.984499999999,2024,11,4,2024-11,5006.984499999999,4998.924499999998,Low (1–5%)
2024-01-01,West,Printer,13,204.67,Store A,Retail,0.15,Alice,2261.6035,Online,None,0,REG100533,Cust 5438,6.76,2024-01-01,2024-01-05,Wendy,4,2261.6035,2024,1,1,2024-01,2261.6035,2254.8435,High (11–15%)
2024-04-09,Central,Printer,3,250.11,Store D,Wholesale,0.0,Alice,750.33,Gift Card,FREESHIP,0,REG100534,Cust 2670,36.35,2024-04-09,2024-04-17,Cameron,8,750.33,2024,4,2,2024-04,750.33,713.98,No Discount
2025-01-17,North,Desk,12,526.82,Store A,Retail,0.0,Frank,6321.84,Credit Card,WINTER15,0,REG100535,Cust 8949,29.75,2025-01-17,2025-01-25,Ryan,8,6321.84,2025,1,1,2025-01,6321.84,6292.09,No Discount
2024-09-22,East,Chair,18,575.1,Store D,Wholesale,0.0,Bob,10351.8,Online,FREESHIP,0,REG100536,Cust 9748,35.32,2024-09-22,2024-09-29,Eric,7,10351.800000000001,2024,9,3,2024-09,10351.8,10316.48,No Discount
2023-01-20,East,Monitor,8,325.52,Store C,Retail,0.1,Frank,2343.744,Debit Card,WINTER15,0,REG100537,Cust 1220,45.59,2023-01-20,2023-01-25,Eric,5,2343.744,2023,1,1,2023-01,2343.744,2298.154,Mid (6–10%)
2024-01-12,North,Monitor,14,157.14,Store A,Wholesale,0.15,Diana,1869.966,Gift Card,SAVE10,0,REG100538,Cust 5645,36.04,2024-01-12,2024-01-22,Ryan,10,1869.966,2024,1,1,2024-01,1869.966,1833.926,High (11–15%)
2024-04-08,Central,Laptop,10,100.26,Store D,Wholesale,0.05,Carlos,952.47,Gift Card,SAVE10,0,REG100539,Cust 6577,36.71,2024-04-08,2024-04-15,Cameron,7,952.47,2024,4,2,2024-04,952.47,915.76,Low (1–5%)
2023-04-27,Central,Laptop,9,554.48,Store C,Wholesale,0.0,Carlos,4990.32,Online,None,0,REG100540,Cust 9506,48.26,2023-04-27,2023-05-01,Cameron,4,4990.32,2023,4,2,2023-04,4990.32,4942.0599999999995,No Discount
2024-07-17,North,Phone,4,375.96,Store C,Retail,0.15,Carlos,1278.264,Debit Card,None,0,REG100541,Cust 9302,44.99,2024-07-17,2024-07-25,Ryan,8,1278.264,2024,7,3,2024-07,1278.264,1233.274,High (11–15%)
2024-02-17,Central,Monitor,14,485.21,Store A,Retail,0.0,Frank,6792.94,Online,FREESHIP,0,REG100542,Cust 3030,41.72,2024-02-17,2024-02-23,Cameron,6,6792.94,2024,2,1,2024-02,6792.94,6751.219999999999,No Discount
2024-01-25,South,Monitor,9,372.44,Store A,Wholesale,0.05,Diana,3184.362,Gift Card,FREESHIP,0,REG100543,Cust 5896,41.87,2024-01-25,2024-02-02,Sophie,8,3184.362,2024,1,1,2024-01,3184.362,3142.492,Low (1–5%)
2024-03-24,Central,Laptop,7,140.53,Store D,Retail,0.0,Frank,983.71,Debit Card,None,1,REG100544,Cust 3763,24.53,2024-03-24,2024-04-02,Cameron,9,983.71,2024,3,1,2024-03,0.0,-24.53,No Discount
2023-06-25,North,Desk,15,365.61,Store D,Retail,0.15,Bob,4661.5275,Cash,FREESHIP,0,REG100545,Cust 9510,35.84,2023-06-25,2023-06-27,Ryan,2,4661.5275,2023,6,2,2023-06,4661.5275,4625.6875,High (11–15%)
2023-04-17,South,Laptop,20,353.97,Store B,Wholesale,0.15,Frank,6017.490000000001,Cash,WINTER15,1,REG100546,Cust 7637,22.05,2023-04-17,2023-04-20,Sophie,3,6017.490000000001,2023,4,2,2023-04,0.0,-22.05,High (11–15%)
2023-06-28,East,Chair,14,293.31,Store D,Wholesale,0.0,Alice,4106.34,Gift Card,None,0,REG100547,Cust 8382,21.61,2023-06-28,2023-06-30,Eric,2,4106.34,2023,6,2,2023-06,4106.34,4084.73,No Discount
2024-04-06,Central,Chair,10,397.39,Store D,Retail,0.15,Alice,3377.815,Gift Card,None,0,REG100548,Cust 4015,25.27,2024-04-06,2024-04-16,Cameron,10,3377.8149999999996,2024,4,2,2024-04,3377.815,3352.545,High (11–15%)
2025-02-17,South,Chair,2,98.35,Store C,Retail,0.0,Eva,196.7,Debit Card,FREESHIP,0,REG100549,Cust 5172,28.65,2025-02-17,2025-02-19,Sophie,2,196.7,2025,2,1,2025-02,196.7,168.04999999999998,No Discount
2023-01-08,South,Desk,6,581.67,Store A,Wholesale,0.0,Frank,3490.02,Debit Card,None,0,REG100550,Cust 7584,39.4,2023-01-08,2023-01-11,Sophie,3,3490.0199999999995,2023,1,1,2023-01,3490.02,3450.62,No Discount
2023-12-21,South,Phone,19,30.41,Store D,Retail,0.05,Frank,548.9005,Debit Card,FREESHIP,0,REG100551,Cust 6809,48.33,2023-12-21,2023-12-31,Sophie,10,548.9005,2023,12,4,2023-12,548.9005,500.5705,Low (1–5%)
2024-07-13,North,Monitor,15,368.79,Store C,Wholesale,0.1,Bob,4978.665000000001,Gift Card,WINTER15,0,REG100552,Cust 7540,16.9,2024-07-13,2024-07-15,Ryan,2,4978.665000000001,2024,7,3,2024-07,4978.665000000001,4961.765000000001,Mid (6–10%)
2024-03-23,West,Monitor,4,56.06,Store D,Retail,0.15,Carlos,190.604,Cash,SAVE10,0,REG100553,Cust 6888,10.77,2024-03-23,2024-04-01,Wendy,9,190.604,2024,3,1,2024-03,190.604,179.834,High (11–15%)
2024-03-19,West,Chair,7,15.65,Store D,Wholesale,0.0,Carlos,109.55,Debit Card,None,0,REG100554,Cust 3304,13.28,2024-03-19,2024-03-25,Wendy,6,109.55,2024,3,1,2024-03,109.55,96.27,No Discount
2025-05-20,Central,Tablet,9,380.85,Store B,Wholesale,0.0,Carlos,3427.65,Cash,FREESHIP,0,REG100555,Cust 4196,33.4,2025-05-20,2025-05-29,Cameron,9,3427.65,2025,5,2,2025-05,3427.65,3394.25,No Discount
2025-01-19,South,Chair,11,587.21,Store C,Wholesale,0.0,Carlos,6459.31,Debit Card,WINTER15,0,REG100556,Cust 6596,34.32,2025-01-19,2025-01-26,Sophie,7,6459.31,2025,1,1,2025-01,6459.31,6424.990000000001,No Discount
2023-05-28,South,Printer,17,554.25,Store A,Wholesale,0.1,Diana,8480.025,Debit Card,None,0,REG100557,Cust 5588,8.66,2023-05-28,2023-06-01,Sophie,4,8480.025,2023,5,2,2023-05,8480.025,8471.365,Mid (6–10%)
2023-10-28,East,Printer,3,410.23,Store A,Wholesale,0.15,Diana,1046.0865,Credit Card,FREESHIP,0,REG100558,Cust 1518,6.04,2023-10-28,2023-11-03,Eric,6,1046.0865000000001,2023,10,4,2023-10,1046.0865,1040.0465,High (11–15%)
2023-11-25,West,Monitor,5,99.23,Store B,Retail,0.0,Eva,496.15,Debit Card,None,0,REG100559,Cust 2819,37.66,2023-11-25,2023-12-02,Wendy,7,496.15000000000003,2023,11,4,2023-11,496.15,458.49,No Discount
2024-11-17,South,Monitor,9,503.18,Store B,Wholesale,0.0,Diana,4528.62,Gift Card,SAVE10,1,REG100560,Cust 1947,46.02,2024-11-17,2024-11-24,Sophie,7,4528.62,2024,11,4,2024-11,0.0,-46.02,No Discount
2024-01-24,Central,Monitor,17,155.31,Store C,Retail,0.15,Bob,2244.2295,Credit Card,WINTER15,0,REG100561,Cust 7332,27.1,2024-01-24,2024-01-29,Cameron,5,2244.2295,2024,1,1,2024-01,2244.2295,2217.1295,High (11–15%)
2023-06-19,North,Chair,7,303.79,Store D,Wholesale,0.15,Frank,1807.5505,Credit Card,SAVE10,0,REG100562,Cust 7314,38.85,2023-06-19,2023-06-29,Ryan,10,1807.5505,2023,6,2,2023-06,1807.5505,1768.7005000000001,High (11–15%)
2025-01-13,East,Phone,17,263.75,Store B,Retail,0.0,Alice,4483.75,Online,None,1,REG100563,Cust 5296,12.97,2025-01-13,2025-01-18,Eric,5,4483.75,2025,1,1,2025-01,0.0,-12.97,No Discount
2024-01-24,East,Phone,4,179.92,Store D,Retail,0.1,Diana,647.712,Online,WINTER15,0,REG100564,Cust 2964,35.26,2024-01-24,2024-02-01,Eric,8,647.712,2024,1,1,2024-01,647.712,612.452,Mid (6–10%)
2025-01-06,South,Printer,2,264.0,Store D,Retail,0.0,Bob,528.0,Gift Card,SAVE10,0,REG100565,Cust 5381,26.73,2025-01-06,2025-01-14,Sophie,8,528.0,2025,1,1,2025-01,528.0,501.27,No Discount
2025-01-02,Central,Laptop,4,403.97,Store A,Wholesale,0.05,Alice,1535.086,Cash,WINTER15,0,REG100566,Cust 5436,39.92,2025-01-02,2025-01-09,Cameron,7,1535.086,2025,1,1,2025-01,1535.086,1495.166,Low (1–5%)
2023-02-22,North,Desk,4,85.96,Store A,Retail,0.1,Frank,309.456,Credit Card,None,0,REG100567,Cust 1494,32.12,2023-02-22,2023-03-03,Ryan,9,309.45599999999996,2023,2,1,2023-02,309.456,277.336,Mid (6–10%)
2025-02-06,East,Desk,2,93.49,Store A,Wholesale,0.1,Alice,168.282,Debit Card,WINTER15,0,REG100568,Cust 4380,26.31,2025-02-06,2025-02-16,Eric,10,168.28199999999998,2025,2,1,2025-02,168.282,141.972,Mid (6–10%)
2024-09-26,East,Desk,11,144.29,Store B,Retail,0.05,Bob,1507.8305,Credit Card,WINTER15,0,REG100569,Cust 7054,11.91,2024-09-26,2024-09-30,Eric,4,1507.8304999999998,2024,9,3,2024-09,1507.8305,1495.9205,Low (1–5%)
2025-03-28,North,Chair,18,553.23,Store D,Wholesale,0.0,Frank,9958.14,Cash,FREESHIP,0,REG100570,Cust 1375,31.76,2025-03-28,2025-04-01,Ryan,4,9958.14,2025,3,1,2025-03,9958.14,9926.38,No Discount
2023-07-01,East,Chair,9,228.3,Store B,Retail,0.05,Eva,1951.965,Debit Card,FREESHIP,0,REG100571,Cust 5698,8.75,2023-07-01,2023-07-09,Eric,8,1951.9650000000001,2023,7,3,2023-07,1951.965,1943.215,Low (1–5%)
2023-04-29,West,Desk,7,235.94,Store D,Wholesale,0.1,Alice,1486.422,Gift Card,FREESHIP,0,REG100572,Cust 3259,8.44,2023-04-29,2023-05-04,Wendy,5,1486.422,2023,4,2,2023-04,1486.422,1477.982,Mid (6–10%)
2023-04-30,East,Printer,17,369.52,Store C,Wholesale,0.0,Carlos,6281.84,Gift Card,None,0,REG100573,Cust 9295,17.12,2023-04-30,2023-05-06,Eric,6,6281.84,2023,4,2,2023-04,6281.84,6264.72,No Discount
2024-03-14,West,Phone,8,142.09,Store A,Wholesale,0.0,Eva,1136.72,Credit Card,WINTER15,0,REG100574,Cust 7035,38.97,2024-03-14,2024-03-20,Wendy,6,1136.72,2024,3,1,2024-03,1136.72,1097.75,No Discount
2023-06-27,Central,Chair,3,497.61,Store B,Wholesale,0.15,Alice,1268.9055,Cash,FREESHIP,1,REG100575,Cust 9049,13.97,2023-06-27,2023-07-02,Cameron,5,1268.9054999999998,2023,6,2,2023-06,0.0,-13.97,High (11–15%)
2024-04-10,North,Laptop,19,9.48,Store A,Wholesale,0.0,Carlos,180.12,Online,None,0,REG100576,Cust 6173,22.33,2024-04-10,2024-04-12,Ryan,2,180.12,2024,4,2,2024-04,180.12,157.79000000000002,No Discount
2023-08-30,Central,Printer,8,55.27,Store A,Wholesale,0.15,Bob,375.836,Cash,WINTER15,0,REG100577,Cust 3447,16.84,2023-08-30,2023-09-01,Cameron,2,375.836,2023,8,3,2023-08,375.836,358.99600000000004,High (11–15%)
2023-10-23,West,Laptop,17,25.95,Store B,Wholesale,0.05,Bob,419.0925,Gift Card,None,0,REG100578,Cust 2218,27.68,2023-10-23,2023-10-30,Wendy,7,419.0925,2023,10,4,2023-10,419.0925,391.41249999999997,Low (1–5%)
2023-03-23,North,Desk,18,209.65,Store A,Wholesale,0.1,Carlos,3396.33,Debit Card,None,0,REG100579,Cust 8882,42.04,2023-03-23,2023-03-30,Ryan,7,3396.3300000000004,2023,3,1,2023-03,3396.33,3354.29,Mid (6–10%)
2024-09-21,Central,Laptop,13,75.77,Store B,Wholesale,0.15,Frank,837.2585,Debit Card,SAVE10,0,REG100580,Cust 6709,41.94,2024-09-21,2024-09-30,Cameron,9,837.2585,2024,9,3,2024-09,837.2585,795.3185000000001,High (11–15%)
2024-12-26,West,Tablet,5,307.84,Store B,Wholesale,0.1,Bob,1385.28,Online,SAVE10,0,REG100581,Cust 8727,13.61,2024-12-26,2025-01-03,Wendy,8,1385.28,2024,12,4,2024-12,1385.28,1371.67,Mid (6–10%)
2023-02-26,East,Phone,13,6.5,Store A,Wholesale,0.0,Diana,84.5,Cash,None,0,REG100582,Cust 8359,20.02,2023-02-26,2023-03-03,Eric,5,84.5,2023,2,1,2023-02,84.5,64.48,No Discount
2024-12-10,North,Monitor,8,70.79,Store B,Wholesale,0.0,Diana,566.32,Online,None,0,REG100583,Cust 1514,46.35,2024-12-10,2024-12-14,Ryan,4,566.32,2024,12,4,2024-12,566.32,519.97,No Discount
2025-01-01,East,Laptop,17,584.7,Store D,Retail,0.1,Eva,8945.910000000002,Online,None,1,REG100584,Cust 2774,46.59,2025-01-01,2025-01-03,Eric,2,8945.910000000002,2025,1,1,2025-01,0.0,-46.59,Mid (6–10%)
2025-03-14,East,Phone,4,23.27,Store C,Wholesale,0.15,Diana,79.118,Online,SAVE10,0,REG100585,Cust 4270,32.86,2025-03-14,2025-03-21,Eric,7,79.118,2025,3,1,2025-03,79.118,46.257999999999996,High (11–15%)
2024-01-16,South,Tablet,5,440.93,Store B,Wholesale,0.1,Carlos,1984.185,Gift Card,None,0,REG100586,Cust 3123,23.84,2024-01-16,2024-01-20,Sophie,4,1984.1850000000002,2024,1,1,2024-01,1984.185,1960.345,Mid (6–10%)
2024-04-19,West,Tablet,10,278.45,Store D,Wholesale,0.0,Eva,2784.5,Credit Card,SAVE10,0,REG100587,Cust 7414,11.13,2024-04-19,2024-04-25,Wendy,6,2784.5,2024,4,2,2024-04,2784.5,2773.37,No Discount
2023-12-08,North,Monitor,14,382.19,Store B,Wholesale,0.05,Frank,5083.126999999999,Cash,FREESHIP,1,REG100588,Cust 5051,49.12,2023-12-08,2023-12-11,Ryan,3,5083.1269999999995,2023,12,4,2023-12,0.0,-49.12,Low (1–5%)
2023-03-15,North,Monitor,14,232.49,Store D,Wholesale,0.05,Diana,3092.117,Online,SAVE10,1,REG100589,Cust 5975,5.32,2023-03-15,2023-03-19,Ryan,4,3092.117,2023,3,1,2023-03,0.0,-5.32,Low (1–5%)
2025-02-07,South,Laptop,17,15.01,Store D,Wholesale,0.15,Diana,216.8945,Debit Card,SAVE10,1,REG100590,Cust 6948,22.0,2025-02-07,2025-02-13,Sophie,6,216.8945,2025,2,1,2025-02,0.0,-22.0,High (11–15%)
2025-06-27,North,Monitor,11,29.41,Store D,Retail,0.05,Carlos,307.3345,Credit Card,SAVE10,0,REG100591,Cust 8253,6.16,2025-06-27,2025-07-02,Ryan,5,307.3345,2025,6,2,2025-06,307.3345,301.17449999999997,Low (1–5%)
2024-12-17,Central,Tablet,1,486.19,Store B,Retail,0.05,Frank,461.8805,Online,SAVE10,0,REG100592,Cust 7238,41.73,2024-12-17,2024-12-20,Cameron,3,461.8805,2024,12,4,2024-12,461.8805,420.15049999999997,Low (1–5%)
2024-05-03,South,Laptop,6,266.67,Store B,Wholesale,0.05,Eva,1520.019,Debit Card,None,0,REG100593,Cust 2219,48.49,2024-05-03,2024-05-11,Sophie,8,1520.019,2024,5,2,2024-05,1520.019,1471.529,Low (1–5%)
2023-12-26,South,Printer,3,300.8,Store B,Wholesale,0.1,Carlos,812.1600000000001,Cash,None,1,REG100594,Cust 4297,15.98,2023-12-26,2024-01-01,Sophie,6,812.1600000000001,2023,12,4,2023-12,0.0,-15.98,Mid (6–10%)
2024-05-13,Central,Printer,11,79.63,Store B,Wholesale,0.05,Frank,832.1334999999999,Online,None,0,REG100595,Cust 6665,43.84,2024-05-13,2024-05-19,Cameron,6,832.1334999999999,2024,5,2,2024-05,832.1334999999999,788.2934999999999,Low (1–5%)
2023-10-07,South,Laptop,6,505.7,Store C,Retail,0.0,Alice,3034.2,Cash,None,0,REG100596,Cust 4252,40.38,2023-10-07,2023-10-16,Sophie,9,3034.2,2023,10,4,2023-10,3034.2,2993.8199999999997,No Discount
2023-07-11,West,Printer,5,569.62,Store C,Wholesale,0.0,Diana,2848.1,Debit Card,FREESHIP,0,REG100597,Cust 6104,48.8,2023-07-11,2023-07-13,Wendy,2,2848.1,2023,7,3,2023-07,2848.1,2799.2999999999997,No Discount
2025-01-31,South,Tablet,19,90.85,Store C,Retail,0.05,Alice,1639.8425,Credit Card,SAVE10,0,REG100598,Cust 6407,22.28,2025-01-31,2025-02-06,Sophie,6,1639.8424999999997,2025,1,1,2025-01,1639.8425,1617.5625,Low (1–5%)
2023-02-04,South,Chair,2,296.91,Store A,Wholesale,0.05,Carlos,564.129,Debit Card,WINTER15,0,REG100599,Cust 3573,44.35,2023-02-04,2023-02-07,Sophie,3,564.129,2023,2,1,2023-02,564.129,519.779,Low (1–5%)
2023-09-02,South,Printer,2,6.19,Store B,Retail,0.1,Frank,11.142,Credit Card,FREESHIP,1,REG100600,Cust 5280,47.24,2023-09-02,2023-09-12,Sophie,10,11.142000000000001,2023,9,3,2023-09,0.0,-47.24,Mid (6–10%)
2024-12-13,Central,Monitor,18,207.35,Store D,Wholesale,0.15,Alice,3172.454999999999,Debit Card,FREESHIP,0,REG100601,Cust 2365,11.17,2024-12-13,2024-12-15,Cameron,2,3172.4549999999995,2024,12,4,2024-12,3172.454999999999,3161.284999999999,High (11–15%)
2023-10-13,Central,Tablet,5,75.27,Store A,Wholesale,0.0,Carlos,376.35,Cash,None,0,REG100602,Cust 7130,31.61,2023-10-13,2023-10-22,Cameron,9,376.34999999999997,2023,10,4,2023-10,376.35,344.74,No Discount
2024-10-03,South,Monitor,3,136.15,Store A,Retail,0.1,Diana,367.6050000000001,Gift Card,SAVE10,0,REG100603,Cust 6539,48.38,2024-10-03,2024-10-07,Sophie,4,367.6050000000001,2024,10,4,2024-10,367.6050000000001,319.2250000000001,Mid (6–10%)
2024-04-28,Central,Desk,5,544.66,Store B,Retail,0.1,Diana,2450.97,Online,SAVE10,0,REG100604,Cust 1656,8.39,2024-04-28,2024-05-04,Cameron,6,2450.97,2024,4,2,2024-04,2450.97,2442.58,Mid (6–10%)
2024-02-07,Central,Desk,8,561.9,Store A,Retail,0.15,Bob,3820.92,Online,FREESHIP,1,REG100605,Cust 1932,15.97,2024-02-07,2024-02-14,Cameron,7,3820.9199999999996,2024,2,1,2024-02,0.0,-15.97,High (11–15%)
2023-02-08,South,Chair,20,313.47,Store C,Retail,0.15,Alice,5328.990000000001,Online,FREESHIP,0,REG100606,Cust 7367,18.17,2023-02-08,2023-02-11,Sophie,3,5328.990000000001,2023,2,1,2023-02,5328.990000000001,5310.820000000001,High (11–15%)
2023-06-17,South,Phone,1,418.45,Store C,Retail,0.15,Diana,355.6825,Cash,WINTER15,0,REG100607,Cust 1116,35.58,2023-06-17,2023-06-19,Sophie,2,355.6825,2023,6,2,2023-06,355.6825,320.1025,High (11–15%)
2024-07-29,West,Monitor,8,420.75,Store B,Wholesale,0.1,Bob,3029.4,Online,SAVE10,1,REG100608,Cust 4464,44.61,2024-07-29,2024-08-01,Wendy,3,3029.4,2024,7,3,2024-07,0.0,-44.61,Mid (6–10%)
2024-01-29,West,Printer,16,514.36,Store D,Wholesale,0.0,Alice,8229.76,Online,SAVE10,0,REG100609,Cust 2543,40.75,2024-01-29,2024-02-01,Wendy,3,8229.76,2024,1,1,2024-01,8229.76,8189.01,No Discount
2024-01-18,East,Phone,2,297.2,Store B,Retail,0.1,Frank,534.96,Gift Card,FREESHIP,0,REG100610,Cust 7948,8.71,2024-01-18,2024-01-23,Eric,5,534.96,2024,1,1,2024-01,534.96,526.25,Mid (6–10%)
2024-08-12,North,Chair,10,278.0,Store C,Retail,0.0,Bob,2780.0,Credit Card,None,0,REG100611,Cust 3199,24.25,2024-08-12,2024-08-22,Ryan,10,2780.0,2024,8,3,2024-08,2780.0,2755.75,No Discount
2025-04-16,West,Monitor,8,583.17,Store D,Wholesale,0.1,Frank,4198.824,Credit Card,WINTER15,0,REG100612,Cust 2800,49.18,2025-04-16,2025-04-20,Wendy,4,4198.824,2025,4,2,2025-04,4198.824,4149.643999999999,Mid (6–10%)
2023-02-26,Central,Desk,16,75.62,Store D,Retail,0.1,Diana,1088.928,Cash,WINTER15,0,REG100613,Cust 3863,27.39,2023-02-26,2023-03-02,Cameron,4,1088.928,2023,2,1,2023-02,1088.928,1061.538,Mid (6–10%)
2023-01-07,East,Desk,13,561.62,Store C,Wholesale,0.05,Frank,6936.007,Gift Card,FREESHIP,0,REG100614,Cust 8391,12.91,2023-01-07,2023-01-11,Eric,4,6936.007,2023,1,1,2023-01,6936.007,6923.097,Low (1–5%)
2023-10-24,South,Desk,5,359.61,Store A,Retail,0.0,Bob,1798.05,Online,FREESHIP,0,REG100615,Cust 6711,41.31,2023-10-24,2023-11-03,Sophie,10,1798.0500000000002,2023,10,4,2023-10,1798.05,1756.74,No Discount
2024-01-02,North,Tablet,15,115.48,Store A,Retail,0.15,Frank,1472.37,Credit Card,None,0,REG100616,Cust 8653,6.04,2024-01-02,2024-01-12,Ryan,10,1472.37,2024,1,1,2024-01,1472.37,1466.33,High (11–15%)
2024-09-17,South,Laptop,12,596.26,Store D,Wholesale,0.15,Eva,6081.852,Gift Card,WINTER15,0,REG100617,Cust 7937,28.27,2024-09-17,2024-09-25,Sophie,8,6081.852,2024,9,3,2024-09,6081.852,6053.581999999999,High (11–15%)
2024-05-05,Central,Tablet,19,401.68,Store C,Wholesale,0.05,Alice,7250.324,Debit Card,WINTER15,1,REG100618,Cust 5972,37.77,2024-05-05,2024-05-11,Cameron,6,7250.324,2024,5,2,2024-05,0.0,-37.77,Low (1–5%)
2025-06-27,West,Desk,13,112.88,Store D,Retail,0.0,Frank,1467.44,Debit Card,None,0,REG100619,Cust 8597,12.39,2025-06-27,2025-06-29,Wendy,2,1467.44,2025,6,2,2025-06,1467.44,1455.05,No Discount
2024-05-14,West,Phone,6,370.08,Store D,Retail,0.15,Alice,1887.408,Online,SAVE10,0,REG100620,Cust 5382,7.39,2024-05-14,2024-05-22,Wendy,8,1887.408,2024,5,2,2024-05,1887.408,1880.0179999999998,High (11–15%)
2024-02-29,North,Chair,15,119.86,Store A,Wholesale,0.15,Bob,1528.215,Debit Card,None,1,REG100621,Cust 4323,30.78,2024-02-29,2024-03-05,Ryan,5,1528.2150000000001,2024,2,1,2024-02,0.0,-30.78,High (11–15%)
2025-05-19,East,Phone,5,271.44,Store A,Wholesale,0.15,Diana,1153.62,Debit Card,FREESHIP,0,REG100622,Cust 1767,5.98,2025-05-19,2025-05-27,Eric,8,1153.6200000000001,2025,5,2,2025-05,1153.62,1147.6399999999999,High (11–15%)
2024-12-02,East,Desk,9,363.39,Store B,Wholesale,0.05,Diana,3106.9845,Gift Card,None,0,REG100623,Cust 3845,41.64,2024-12-02,2024-12-04,Eric,2,3106.9844999999996,2024,12,4,2024-12,3106.9845,3065.3445,Low (1–5%)
2024-07-30,West,Printer,12,533.77,Store D,Wholesale,0.15,Alice,5444.454,Cash,SAVE10,0,REG100624,Cust 5912,48.71,2024-07-30,2024-08-04,Wendy,5,5444.454,2024,7,3,2024-07,5444.454,5395.744,High (11–15%)
2023-06-25,South,Desk,12,192.03,Store B,Wholesale,0.1,Carlos,2073.924,Credit Card,None,0,REG100625,Cust 4446,41.08,2023-06-25,2023-07-03,Sophie,8,2073.924,2023,6,2,2023-06,2073.924,2032.844,Mid (6–10%)
2024-07-10,South,Chair,20,504.22,Store D,Wholesale,0.0,Frank,10084.4,Online,WINTER15,0,REG100626,Cust 6107,14.61,2024-07-10,2024-07-19,Sophie,9,10084.400000000001,2024,7,3,2024-07,10084.4,10069.789999999999,No Discount
2023-01-06,East,Laptop,7,193.66,Store A,Wholesale,0.1,Diana,1220.058,Credit Card,FREESHIP,0,REG100627,Cust 3330,39.01,2023-01-06,2023-01-15,Eric,9,1220.058,2023,1,1,2023-01,1220.058,1181.048,Mid (6–10%)
2024-02-24,South,Chair,3,270.83,Store B,Wholesale,0.1,Carlos,731.241,Online,SAVE10,1,REG100628,Cust 3604,17.2,2024-02-24,2024-02-29,Sophie,5,731.241,2024,2,1,2024-02,0.0,-17.2,Mid (6–10%)
2023-12-11,Central,Tablet,18,62.08,Store B,Retail,0.0,Diana,1117.44,Credit Card,SAVE10,1,REG100629,Cust 7412,8.67,2023-12-11,2023-12-20,Cameron,9,1117.44,2023,12,4,2023-12,0.0,-8.67,No Discount
2025-02-19,South,Printer,11,505.96,Store C,Wholesale,0.15,Eva,4730.726,Debit Card,FREESHIP,1,REG100630,Cust 5183,22.84,2025-02-19,2025-02-23,Sophie,4,4730.726,2025,2,1,2025-02,0.0,-22.84,High (11–15%)
2025-03-18,West,Tablet,4,62.46,Store D,Wholesale,0.15,Alice,212.364,Debit Card,WINTER15,0,REG100631,Cust 4825,31.91,2025-03-18,2025-03-26,Wendy,8,212.364,2025,3,1,2025-03,212.364,180.454,High (11–15%)
2023-09-22,South,Phone,7,480.08,Store B,Wholesale,0.1,Diana,3024.504,Online,None,1,REG100632,Cust 2123,44.37,2023-09-22,2023-09-27,Sophie,5,3024.504,2023,9,3,2023-09,0.0,-44.37,Mid (6–10%)
2023-12-23,West,Tablet,18,60.66,Store A,Retail,0.0,Bob,1091.88,Online,FREESHIP,1,REG100633,Cust 8684,10.08,2023-12-23,2023-12-28,Wendy,5,1091.8799999999999,2023,12,4,2023-12,0.0,-10.08,No Discount
2025-05-04,North,Desk,6,249.09,Store B,Retail,0.05,Frank,1419.813,Cash,None,0,REG100634,Cust 5964,20.38,2025-05-04,2025-05-10,Ryan,6,1419.8129999999999,2025,5,2,2025-05,1419.813,1399.433,Low (1–5%)
2025-01-11,East,Phone,20,400.05,Store D,Wholesale,0.1,Diana,7200.900000000001,Debit Card,WINTER15,0,REG100635,Cust 1810,24.41,2025-01-11,2025-01-13,Eric,2,7200.900000000001,2025,1,1,2025-01,7200.900000000001,7176.490000000001,Mid (6–10%)
2025-04-21,South,Printer,1,130.87,Store B,Retail,0.05,Diana,124.3265,Online,WINTER15,0,REG100636,Cust 2685,43.21,2025-04-21,2025-04-24,Sophie,3,124.3265,2025,4,2,2025-04,124.3265,81.1165,Low (1–5%)
2023-12-13,Central,Tablet,11,133.08,Store A,Wholesale,0.15,Frank,1244.298,Credit Card,WINTER15,0,REG100637,Cust 7855,44.61,2023-12-13,2023-12-22,Cameron,9,1244.298,2023,12,4,2023-12,1244.298,1199.688,High (11–15%)
2024-02-07,East,Chair,13,448.68,Store B,Wholesale,0.1,Diana,5249.556,Credit Card,FREESHIP,1,REG100638,Cust 4101,16.82,2024-02-07,2024-02-11,Eric,4,5249.5560000000005,2024,2,1,2024-02,0.0,-16.82,Mid (6–10%)
2024-04-24,North,Tablet,19,36.23,Store B,Wholesale,0.0,Diana,688.3699999999999,Debit Card,WINTER15,0,REG100639,Cust 7964,33.94,2024-04-24,2024-04-27,Ryan,3,688.3699999999999,2024,4,2,2024-04,688.3699999999999,654.4299999999998,No Discount
2023-09-11,West,Chair,14,113.77,Store C,Retail,0.0,Eva,1592.78,Cash,FREESHIP,0,REG100640,Cust 5857,25.35,2023-09-11,2023-09-16,Wendy,5,1592.78,2023,9,3,2023-09,1592.78,1567.43,No Discount
2025-06-09,Central,Printer,2,89.6,Store A,Retail,0.0,Diana,179.2,Gift Card,FREESHIP,0,REG100641,Cust 7010,23.69,2025-06-09,2025-06-12,Cameron,3,179.2,2025,6,2,2025-06,179.2,155.51,No Discount
2025-06-06,East,Desk,3,391.92,Store A,Wholesale,0.15,Alice,999.396,Debit Card,SAVE10,0,REG100642,Cust 7917,9.86,2025-06-06,2025-06-16,Eric,10,999.396,2025,6,2,2025-06,999.396,989.536,High (11–15%)
2024-12-23,South,Chair,10,418.93,Store C,Wholesale,0.1,Bob,3770.37,Credit Card,FREESHIP,0,REG100643,Cust 8111,45.63,2024-12-23,2024-12-28,Sophie,5,3770.3700000000003,2024,12,4,2024-12,3770.37,3724.74,Mid (6–10%)
2023-08-27,East,Monitor,12,303.09,Store B,Wholesale,0.0,Alice,3637.08,Gift Card,WINTER15,1,REG100644,Cust 4715,5.48,2023-08-27,2023-09-03,Eric,7,3637.08,2023,8,3,2023-08,0.0,-5.48,No Discount
2023-01-09,East,Monitor,10,209.95,Store A,Wholesale,0.1,Eva,1889.55,Cash,WINTER15,0,REG100645,Cust 8720,10.99,2023-01-09,2023-01-13,Eric,4,1889.55,2023,1,1,2023-01,1889.55,1878.56,Mid (6–10%)
2025-04-22,East,Laptop,8,283.63,Store C,Wholesale,0.1,Alice,2042.136,Cash,SAVE10,0,REG100646,Cust 8216,49.91,2025-04-22,2025-04-25,Eric,3,2042.136,2025,4,2,2025-04,2042.136,1992.2259999999999,Mid (6–10%)
2023-09-06,South,Phone,7,18.36,Store D,Retail,0.1,Alice,115.668,Online,None,0,REG100647,Cust 6946,48.92,2023-09-06,2023-09-11,Sophie,5,115.66799999999999,2023,9,3,2023-09,115.668,66.748,Mid (6–10%)
2023-01-21,East,Monitor,9,475.38,Store A,Wholesale,0.1,Carlos,3850.578,Debit Card,SAVE10,0,REG100648,Cust 9888,39.98,2023-01-21,2023-01-27,Eric,6,3850.578,2023,1,1,2023-01,3850.578,3810.598,Mid (6–10%)
2024-04-26,Central,Chair,12,591.92,Store D,Retail,0.0,Eva,7103.039999999999,Debit Card,SAVE10,0,REG100649,Cust 4009,25.2,2024-04-26,2024-05-06,Cameron,10,7103.039999999999,2024,4,2,2024-04,7103.039999999999,7077.839999999999,No Discount
2023-06-27,North,Phone,7,93.23,Store B,Retail,0.05,Alice,619.9795,Credit Card,FREESHIP,1,REG100650,Cust 9489,6.47,2023-06-27,2023-06-30,Ryan,3,619.9795,2023,6,2,2023-06,0.0,-6.47,Low (1–5%)
2023-01-01,East,Tablet,15,298.71,Store C,Retail,0.0,Bob,4480.65,Debit Card,SAVE10,0,REG100651,Cust 2446,11.38,2023-01-01,2023-01-08,Eric,7,4480.65,2023,1,1,2023-01,4480.65,4469.2699999999995,No Discount
2023-12-30,West,Tablet,15,52.37,Store A,Retail,0.15,Diana,667.7175,Online,SAVE10,0,REG100652,Cust 4150,8.93,2023-12-30,2024-01-02,Wendy,3,667.7175,2023,12,4,2023-12,667.7175,658.7875,High (11–15%)
2023-01-22,Central,Phone,6,104.19,Store C,Retail,0.1,Diana,562.626,Online,None,0,REG100653,Cust 3569,8.62,2023-01-22,2023-01-24,Cameron,2,562.626,2023,1,1,2023-01,562.626,554.006,Mid (6–10%)
2024-07-27,South,Laptop,8,493.09,Store A,Retail,0.05,Diana,3747.483999999999,Credit Card,FREESHIP,0,REG100654,Cust 1023,11.49,2024-07-27,2024-08-05,Sophie,9,3747.4839999999995,2024,7,3,2024-07,3747.483999999999,3735.9939999999992,Low (1–5%)
2024-01-15,South,Chair,6,291.58,Store B,Wholesale,0.0,Frank,1749.48,Credit Card,FREESHIP,0,REG100655,Cust 3748,30.25,2024-01-15,2024-01-17,Sophie,2,1749.48,2024,1,1,2024-01,1749.48,1719.23,No Discount
2024-01-04,West,Tablet,1,103.13,Store B,Wholesale,0.0,Bob,103.13,Online,FREESHIP,0,REG100656,Cust 4798,42.38,2024-01-04,2024-01-14,Wendy,10,103.13,2024,1,1,2024-01,103.13,60.74999999999999,No Discount
2023-02-09,East,Monitor,1,541.9,Store A,Retail,0.05,Eva,514.805,Cash,WINTER15,0,REG100657,Cust 8305,40.35,2023-02-09,2023-02-19,Eric,10,514.805,2023,2,1,2023-02,514.805,474.4549999999999,Low (1–5%)
2024-06-20,North,Phone,11,303.09,Store D,Wholesale,0.1,Diana,3000.591,Online,SAVE10,0,REG100658,Cust 3864,21.88,2024-06-20,2024-06-24,Ryan,4,3000.591,2024,6,2,2024-06,3000.591,2978.711,Mid (6–10%)
2023-02-21,Central,Desk,11,61.81,Store C,Retail,0.05,Bob,645.9145000000001,Gift Card,WINTER15,0,REG100659,Cust 3459,47.95,2023-02-21,2023-03-03,Cameron,10,645.9145000000001,2023,2,1,2023-02,645.9145000000001,597.9645,Low (1–5%)
2023-08-16,Central,Desk,8,355.15,Store B,Retail,0.1,Carlos,2557.08,Online,None,1,REG100660,Cust 1187,38.59,2023-08-16,2023-08-24,Cameron,8,2557.08,2023,8,3,2023-08,0.0,-38.59,Mid (6–10%)
2023-11-03,West,Monitor,11,119.84,Store D,Wholesale,0.1,Eva,1186.416,Online,SAVE10,0,REG100661,Cust 7509,16.64,2023-11-03,2023-11-11,Wendy,8,1186.416,2023,11,4,2023-11,1186.416,1169.7759999999998,Mid (6–10%)
2024-04-26,South,Laptop,16,318.32,Store C,Wholesale,0.05,Diana,4838.464,Credit Card,FREESHIP,0,REG100662,Cust 1869,40.78,2024-04-26,2024-05-01,Sophie,5,4838.464,2024,4,2,2024-04,4838.464,4797.684,Low (1–5%)
2024-10-08,South,Desk,9,446.49,Store D,Wholesale,0.15,Carlos,3415.6485,Cash,FREESHIP,0,REG100663,Cust 5943,5.77,2024-10-08,2024-10-17,Sophie,9,3415.6485,2024,10,4,2024-10,3415.6485,3409.8785,High (11–15%)
2023-01-09,South,Desk,16,258.82,Store D,Retail,0.1,Diana,3727.008,Online,SAVE10,0,REG100664,Cust 8364,46.93,2023-01-09,2023-01-17,Sophie,8,3727.008,2023,1,1,2023-01,3727.008,3680.078,Mid (6–10%)
2023-12-25,North,Printer,9,272.68,Store D,Wholesale,0.05,Eva,2331.414,Online,SAVE10,0,REG100665,Cust 8401,16.43,2023-12-25,2024-01-02,Ryan,8,2331.4139999999998,2023,12,4,2023-12,2331.414,2314.9840000000004,Low (1–5%)
2024-05-11,Central,Monitor,12,438.77,Store C,Retail,0.0,Eva,5265.24,Debit Card,SAVE10,0,REG100666,Cust 4047,9.31,2024-05-11,2024-05-20,Cameron,9,5265.24,2024,5,2,2024-05,5265.24,5255.929999999999,No Discount
2023-11-23,West,Tablet,18,267.63,Store B,Retail,0.0,Carlos,4817.34,Gift Card,SAVE10,0,REG100667,Cust 6019,44.48,2023-11-23,2023-11-26,Wendy,3,4817.34,2023,11,4,2023-11,4817.34,4772.860000000001,No Discount
2023-12-10,Central,Printer,6,115.94,Store A,Wholesale,0.05,Carlos,660.858,Credit Card,SAVE10,0,REG100668,Cust 8750,23.91,2023-12-10,2023-12-12,Cameron,2,660.858,2023,12,4,2023-12,660.858,636.948,Low (1–5%)
2024-02-03,North,Printer,19,275.78,Store C,Retail,0.0,Frank,5239.82,Cash,SAVE10,0,REG100669,Cust 5782,47.0,2024-02-03,2024-02-05,Ryan,2,5239.82,2024,2,1,2024-02,5239.82,5192.82,No Discount
2024-11-24,Central,Chair,12,255.93,Store B,Retail,0.0,Eva,3071.16,Cash,WINTER15,0,REG100670,Cust 4090,23.74,2024-11-24,2024-12-04,Cameron,10,3071.16,2024,11,4,2024-11,3071.16,3047.42,No Discount
2024-03-06,West,Phone,1,381.21,Store D,Wholesale,0.15,Bob,324.0285,Online,None,0,REG100671,Cust 4730,9.95,2024-03-06,2024-03-11,Wendy,5,324.02849999999995,2024,3,1,2024-03,324.0285,314.0785,High (11–15%)
2025-02-01,South,Desk,5,38.23,Store C,Wholesale,0.15,Bob,162.4775,Debit Card,None,0,REG100672,Cust 5648,21.06,2025-02-01,2025-02-11,Sophie,10,162.47749999999996,2025,2,1,2025-02,162.4775,141.4175,High (11–15%)
2024-06-04,Central,Laptop,7,225.86,Store B,Wholesale,0.0,Carlos,1581.02,Debit Card,None,0,REG100673,Cust 8933,24.48,2024-06-04,2024-06-09,Cameron,5,1581.02,2024,6,2,2024-06,1581.02,1556.54,No Discount
2023-08-06,Central,Desk,8,548.02,Store D,Retail,0.05,Eva,4164.951999999999,Online,None,0,REG100674,Cust 9280,33.4,2023-08-06,2023-08-13,Cameron,7,4164.951999999999,2023,8,3,2023-08,4164.951999999999,4131.552,Low (1–5%)
2023-06-30,West,Printer,18,485.3,Store D,Wholesale,0.05,Bob,8298.63,Debit Card,FREESHIP,1,REG100675,Cust 8696,47.77,2023-06-30,2023-07-05,Wendy,5,8298.63,2023,6,2,2023-06,0.0,-47.77,Low (1–5%)
2023-02-15,West,Printer,19,414.31,Store A,Retail,0.1,Eva,7084.701,Credit Card,SAVE10,0,REG100676,Cust 1944,17.43,2023-02-15,2023-02-19,Wendy,4,7084.701,2023,2,1,2023-02,7084.701,7067.271,Mid (6–10%)
2024-01-23,North,Printer,8,50.72,Store A,Wholesale,0.05,Carlos,385.472,Debit Card,None,0,REG100677,Cust 7780,12.35,2024-01-23,2024-01-30,Ryan,7,385.472,2024,1,1,2024-01,385.472,373.12199999999996,Low (1–5%)
2024-10-31,North,Tablet,17,83.26,Store A,Wholesale,0.15,Eva,1203.107,Cash,SAVE10,0,REG100678,Cust 8055,42.68,2024-10-31,2024-11-06,Ryan,6,1203.107,2024,10,4,2024-10,1203.107,1160.427,High (11–15%)
2023-12-19,Central,Desk,20,51.85,Store C,Wholesale,0.15,Carlos,881.4499999999999,Cash,None,0,REG100679,Cust 4707,33.16,2023-12-19,2023-12-21,Cameron,2,881.4499999999999,2023,12,4,2023-12,881.4499999999999,848.29,High (11–15%)
2023-07-04,South,Tablet,12,122.51,Store B,Wholesale,0.05,Diana,1396.614,Gift Card,WINTER15,0,REG100680,Cust 8088,43.47,2023-07-04,2023-07-06,Sophie,2,1396.614,2023,7,3,2023-07,1396.614,1353.144,Low (1–5%)
2024-05-16,East,Laptop,11,222.13,Store D,Wholesale,0.15,Eva,2076.9155,Cash,WINTER15,1,REG100681,Cust 7806,9.88,2024-05-16,2024-05-18,Eric,2,2076.9154999999996,2024,5,2,2024-05,0.0,-9.88,High (11–15%)
2023-09-16,North,Monitor,8,204.84,Store C,Retail,0.0,Bob,1638.72,Cash,None,0,REG100682,Cust 7033,43.4,2023-09-16,2023-09-21,Ryan,5,1638.72,2023,9,3,2023-09,1638.72,1595.32,No Discount
2024-11-22,East,Chair,3,536.97,Store C,Wholesale,0.0,Carlos,1610.91,Debit Card,None,0,REG100683,Cust 8372,13.86,2024-11-22,2024-12-01,Eric,9,1610.91,2024,11,4,2024-11,1610.91,1597.0500000000002,No Discount
2024-04-13,West,Chair,15,553.01,Store A,Retail,0.1,Carlos,7465.635,Credit Card,SAVE10,1,REG100684,Cust 1935,23.3,2024-04-13,2024-04-21,Wendy,8,7465.635,2024,4,2,2024-04,0.0,-23.3,Mid (6–10%)
2024-06-30,South,Chair,20,284.82,Store D,Retail,0.1,Alice,5126.76,Credit Card,WINTER15,1,REG100685,Cust 8417,27.0,2024-06-30,2024-07-06,Sophie,6,5126.76,2024,6,2,2024-06,0.0,-27.0,Mid (6–10%)
2024-08-29,North,Desk,18,523.87,Store C,Retail,0.15,Diana,8015.210999999999,Gift Card,WINTER15,0,REG100686,Cust 3370,42.63,2024-08-29,2024-09-02,Ryan,4,8015.210999999999,2024,8,3,2024-08,8015.210999999999,7972.580999999999,High (11–15%)
2023-12-26,Central,Desk,3,232.13,Store B,Retail,0.1,Diana,626.751,Cash,None,1,REG100687,Cust 3664,46.65,2023-12-26,2023-12-31,Cameron,5,626.751,2023,12,4,2023-12,0.0,-46.65,Mid (6–10%)
2025-01-30,North,Phone,17,179.32,Store A,Retail,0.1,Bob,2743.596,Debit Card,SAVE10,1,REG100688,Cust 5760,26.74,2025-01-30,2025-02-06,Ryan,7,2743.596,2025,1,1,2025-01,0.0,-26.74,Mid (6–10%)
2023-05-17,South,Chair,1,396.35,Store B,Retail,0.15,Frank,336.8975,Debit Card,SAVE10,1,REG100689,Cust 3037,19.89,2023-05-17,2023-05-25,Sophie,8,336.89750000000004,2023,5,2,2023-05,0.0,-19.89,High (11–15%)
2024-01-27,Central,Desk,17,108.48,Store A,Wholesale,0.1,Carlos,1659.744,Online,None,1,REG100690,Cust 9828,48.9,2024-01-27,2024-02-05,Cameron,9,1659.7440000000001,2024,1,1,2024-01,0.0,-48.9,Mid (6–10%)
2025-05-26,East,Printer,10,149.67,Store D,Retail,0.1,Carlos,1347.03,Cash,FREESHIP,1,REG100691,Cust 5297,49.67,2025-05-26,2025-06-02,Eric,7,1347.03,2025,5,2,2025-05,0.0,-49.67,Mid (6–10%)
2025-03-09,North,Phone,1,506.41,Store D,Wholesale,0.0,Bob,506.41,Cash,None,0,REG100692,Cust 6785,17.9,2025-03-09,2025-03-17,Ryan,8,506.41,2025,3,1,2025-03,506.41,488.51000000000005,No Discount
2024-02-22,West,Tablet,6,345.9,Store B,Retail,0.15,Frank,1764.09,Credit Card,WINTER15,0,REG100693,Cust 1344,30.58,2024-02-22,2024-03-03,Wendy,10,1764.0899999999997,2024,2,1,2024-02,1764.09,1733.51,High (11–15%)
2025-02-03,East,Tablet,15,342.04,Store C,Retail,0.15,Diana,4361.01,Gift Card,WINTER15,0,REG100694,Cust 4023,44.91,2025-02-03,2025-02-08,Eric,5,4361.01,2025,2,1,2025-02,4361.01,4316.1,High (11–15%)
2024-01-09,Central,Printer,11,404.88,Store A,Wholesale,0.05,Alice,4230.996,Gift Card,SAVE10,0,REG100695,Cust 3721,18.92,2024-01-09,2024-01-16,Cameron,7,4230.996,2024,1,1,2024-01,4230.996,4212.076,Low (1–5%)
2025-05-05,North,Desk,9,292.46,Store A,Wholesale,0.05,Carlos,2500.533,Credit Card,None,0,REG100696,Cust 1486,34.26,2025-05-05,2025-05-14,Ryan,9,2500.533,2025,5,2,2025-05,2500.533,2466.2729999999997,Low (1–5%)
2023-04-17,Central,Desk,5,547.53,Store A,Retail,0.1,Eva,2463.885,Debit Card,None,0,REG100697,Cust 3958,24.68,2023-04-17,2023-04-21,Cameron,4,2463.8849999999998,2023,4,2,2023-04,2463.885,2439.2050000000004,Mid (6–10%)
2024-06-16,South,Desk,12,348.88,Store C,Wholesale,0.0,Alice,4186.559999999999,Credit Card,SAVE10,0,REG100698,Cust 6914,31.28,2024-06-16,2024-06-21,Sophie,5,4186.5599999999995,2024,6,2,2024-06,4186.559999999999,4155.279999999999,No Discount
2024-11-01,South,Phone,15,486.03,Store C,Wholesale,0.0,Alice,7290.45,Debit Card,WINTER15,0,REG100699,Cust 3287,14.9,2024-11-01,2024-11-04,Sophie,3,7290.45,2024,11,4,2024-11,7290.45,7275.55,No Discount
2025-02-07,East,Tablet,14,159.09,Store C,Retail,0.15,Bob,1893.171,Debit Card,FREESHIP,0,REG100700,Cust 9072,27.05,2025-02-07,2025-02-10,Eric,3,1893.171,2025,2,1,2025-02,1893.171,1866.121,High (11–15%)
2024-11-24,South,Monitor,12,173.79,Store D,Retail,0.15,Eva,1772.658,Credit Card,None,0,REG100701,Cust 3098,21.23,2024-11-24,2024-12-04,Sophie,10,1772.658,2024,11,4,2024-11,1772.658,1751.4279999999999,High (11–15%)
2024-04-23,Central,Monitor,13,439.75,Store A,Wholesale,0.0,Frank,5716.75,Online,None,1,REG100702,Cust 7942,12.23,2024-04-23,2024-05-02,Cameron,9,5716.75,2024,4,2,2024-04,0.0,-12.23,No Discount
2024-06-24,East,Laptop,9,265.43,Store D,Wholesale,0.05,Eva,2269.4265,Credit Card,FREESHIP,0,REG100703,Cust 4307,40.18,2024-06-24,2024-06-27,Eric,3,2269.4264999999996,2024,6,2,2024-06,2269.4265,2229.2465,Low (1–5%)
2025-06-01,West,Monitor,12,290.28,Store B,Retail,0.1,Carlos,3135.024,Cash,FREESHIP,1,REG100704,Cust 4618,5.55,2025-06-01,2025-06-07,Wendy,6,3135.024,2025,6,2,2025-06,0.0,-5.55,Mid (6–10%)
2023-03-12,West,Tablet,6,88.7,Store B,Wholesale,0.0,Carlos,532.2,Gift Card,None,0,REG100705,Cust 5322,16.98,2023-03-12,2023-03-14,Wendy,2,532.2,2023,3,1,2023-03,532.2,515.22,No Discount
2024-11-11,Central,Desk,2,239.69,Store C,Retail,0.0,Diana,479.38,Credit Card,WINTER15,0,REG100706,Cust 9873,28.96,2024-11-11,2024-11-19,Cameron,8,479.38,2024,11,4,2024-11,479.38,450.42,No Discount
2024-10-17,Central,Tablet,8,39.79,Store C,Retail,0.1,Bob,286.488,Credit Card,SAVE10,0,REG100707,Cust 3652,46.16,2024-10-17,2024-10-26,Cameron,9,286.488,2024,10,4,2024-10,286.488,240.328,Mid (6–10%)
2023-05-10,East,Printer,18,206.8,Store A,Retail,0.05,Frank,3536.28,Debit Card,FREESHIP,1,REG100708,Cust 5569,39.25,2023-05-10,2023-05-13,Eric,3,3536.2799999999997,2023,5,2,2023-05,0.0,-39.25,Low (1–5%)
2023-07-29,East,Laptop,18,175.81,Store C,Retail,0.0,Eva,3164.58,Gift Card,WINTER15,1,REG100709,Cust 5369,26.97,2023-07-29,2023-08-07,Eric,9,3164.58,2023,7,3,2023-07,0.0,-26.97,No Discount
2023-08-26,Central,Phone,14,547.36,Store C,Retail,0.15,Diana,6513.584,Online,FREESHIP,0,REG100710,Cust 9044,25.24,2023-08-26,2023-08-29,Cameron,3,6513.584,2023,8,3,2023-08,6513.584,6488.344,High (11–15%)
2023-12-28,East,Laptop,19,374.8,Store A,Retail,0.05,Carlos,6765.139999999999,Online,WINTER15,0,REG100711,Cust 1887,41.67,2023-12-28,2024-01-03,Eric,6,6765.139999999999,2023,12,4,2023-12,6765.139999999999,6723.469999999999,Low (1–5%)
2025-03-10,North,Tablet,9,507.74,Store D,Retail,0.15,Bob,3884.211,Cash,FREESHIP,1,REG100712,Cust 1559,22.08,2025-03-10,2025-03-17,Ryan,7,3884.211,2025,3,1,2025-03,0.0,-22.08,High (11–15%)
2023-09-09,Central,Desk,1,223.56,Store B,Wholesale,0.15,Bob,190.026,Credit Card,WINTER15,0,REG100713,Cust 1722,37.84,2023-09-09,2023-09-14,Cameron,5,190.026,2023,9,3,2023-09,190.026,152.186,High (11–15%)
2023-05-28,North,Tablet,2,294.27,Store C,Retail,0.1,Diana,529.686,Gift Card,None,0,REG100714,Cust 9029,9.05,2023-05-28,2023-06-01,Ryan,4,529.686,2023,5,2,2023-05,529.686,520.6360000000001,Mid (6–10%)
2025-05-21,West,Monitor,1,319.49,Store C,Wholesale,0.15,Diana,271.5665,Online,FREESHIP,1,REG100715,Cust 9555,18.1,2025-05-21,2025-05-31,Wendy,10,271.5665,2025,5,2,2025-05,0.0,-18.1,High (11–15%)
2023-09-30,East,Laptop,14,243.96,Store D,Wholesale,0.05,Diana,3244.668,Online,None,1,REG100716,Cust 2484,13.24,2023-09-30,2023-10-04,Eric,4,3244.668,2023,9,3,2023-09,0.0,-13.24,Low (1–5%)
2024-10-08,South,Laptop,6,48.48,Store D,Retail,0.1,Diana,261.792,Online,None,0,REG100717,Cust 4763,6.11,2024-10-08,2024-10-13,Sophie,5,261.79200000000003,2024,10,4,2024-10,261.792,255.68199999999996,Mid (6–10%)
2023-04-14,East,Laptop,20,87.47,Store B,Retail,0.0,Carlos,1749.4,Online,WINTER15,0,REG100718,Cust 5016,48.48,2023-04-14,2023-04-23,Eric,9,1749.4,2023,4,2,2023-04,1749.4,1700.92,No Discount
2023-03-05,South,Monitor,17,465.6,Store C,Retail,0.1,Bob,7123.680000000001,Debit Card,SAVE10,0,REG100719,Cust 5528,7.76,2023-03-05,2023-03-10,Sophie,5,7123.680000000001,2023,3,1,2023-03,7123.680000000001,7115.920000000001,Mid (6–10%)
2024-07-17,North,Desk,17,279.38,Store B,Wholesale,0.05,Frank,4511.987,Credit Card,WINTER15,0,REG100720,Cust 6922,30.3,2024-07-17,2024-07-20,Ryan,3,4511.987,2024,7,3,2024-07,4511.987,4481.687,Low (1–5%)
2024-05-20,North,Tablet,16,427.68,Store A,Retail,0.1,Carlos,6158.592000000001,Debit Card,None,0,REG100721,Cust 4807,18.72,2024-05-20,2024-05-29,Ryan,9,6158.592000000001,2024,5,2,2024-05,6158.592000000001,6139.872,Mid (6–10%)
2025-05-06,North,Laptop,15,281.73,Store B,Wholesale,0.1,Bob,3803.355000000001,Credit Card,WINTER15,0,REG100722,Cust 3368,36.87,2025-05-06,2025-05-10,Ryan,4,3803.355000000001,2025,5,2,2025-05,3803.355000000001,3766.485000000001,Mid (6–10%)
2023-01-15,North,Desk,15,185.0,Store B,Wholesale,0.0,Alice,2775.0,Cash,FREESHIP,0,REG100723,Cust 2871,29.31,2023-01-15,2023-01-17,Ryan,2,2775.0,2023,1,1,2023-01,2775.0,2745.69,No Discount
2024-01-09,Central,Monitor,19,380.82,Store D,Wholesale,0.1,Diana,6512.022,Credit Card,SAVE10,0,REG100724,Cust 6229,48.73,2024-01-09,2024-01-12,Cameron,3,6512.022,2024,1,1,2024-01,6512.022,6463.292,Mid (6–10%)
2023-07-12,South,Chair,4,444.87,Store B,Retail,0.15,Carlos,1512.558,Online,FREESHIP,0,REG100725,Cust 4560,47.14,2023-07-12,2023-07-21,Sophie,9,1512.558,2023,7,3,2023-07,1512.558,1465.418,High (11–15%)
2025-06-21,East,Chair,7,590.79,Store B,Retail,0.05,Eva,3928.753499999999,Cash,FREESHIP,1,REG100726,Cust 7099,41.39,2025-06-21,2025-06-26,Eric,5,3928.7534999999993,2025,6,2,2025-06,0.0,-41.39,Low (1–5%)
2024-12-29,North,Printer,5,34.58,Store A,Retail,0.1,Frank,155.61,Gift Card,WINTER15,0,REG100727,Cust 6333,27.1,2024-12-29,2025-01-02,Ryan,4,155.60999999999999,2024,12,4,2024-12,155.61,128.51000000000002,Mid (6–10%)
2023-05-23,West,Tablet,9,438.22,Store D,Retail,0.05,Bob,3746.781,Cash,None,0,REG100728,Cust 4678,22.73,2023-05-23,2023-05-29,Wendy,6,3746.7810000000004,2023,5,2,2023-05,3746.781,3724.051,Low (1–5%)
2024-04-03,Central,Desk,5,84.91,Store A,Retail,0.1,Carlos,382.095,Cash,FREESHIP,1,REG100729,Cust 6657,29.06,2024-04-03,2024-04-09,Cameron,6,382.09499999999997,2024,4,2,2024-04,0.0,-29.06,Mid (6–10%)
2024-01-17,East,Laptop,7,322.11,Store C,Wholesale,0.1,Diana,2029.293,Debit Card,SAVE10,0,REG100730,Cust 1267,19.91,2024-01-17,2024-01-27,Eric,10,2029.2930000000001,2024,1,1,2024-01,2029.293,2009.3829999999998,Mid (6–10%)
2025-04-05,Central,Monitor,2,231.96,Store B,Retail,0.1,Alice,417.528,Debit Card,None,1,REG100731,Cust 8150,32.66,2025-04-05,2025-04-14,Cameron,9,417.528,2025,4,2,2025-04,0.0,-32.66,Mid (6–10%)
2025-04-17,Central,Chair,15,242.07,Store A,Wholesale,0.15,Bob,3086.392499999999,Credit Card,None,0,REG100732,Cust 3668,19.18,2025-04-17,2025-04-23,Cameron,6,3086.3924999999995,2025,4,2,2025-04,3086.392499999999,3067.212499999999,High (11–15%)
2024-10-12,Central,Laptop,2,48.02,Store C,Retail,0.05,Carlos,91.238,Debit Card,FREESHIP,1,REG100733,Cust 4803,25.81,2024-10-12,2024-10-15,Cameron,3,91.238,2024,10,4,2024-10,0.0,-25.81,Low (1–5%)
2024-07-27,Central,Chair,1,534.28,Store D,Wholesale,0.1,Eva,480.852,Online,FREESHIP,0,REG100734,Cust 8633,31.3,2024-07-27,2024-08-01,Cameron,5,480.852,2024,7,3,2024-07,480.852,449.55199999999996,Mid (6–10%)
2025-01-10,West,Tablet,3,98.15,Store D,Wholesale,0.15,Diana,250.2825,Debit Card,SAVE10,0,REG100735,Cust 7235,46.37,2025-01-10,2025-01-18,Wendy,8,250.28250000000003,2025,1,1,2025-01,250.2825,203.9125,High (11–15%)
2024-07-25,South,Chair,12,61.85,Store D,Wholesale,0.05,Alice,705.09,Credit Card,None,1,REG100736,Cust 8992,24.34,2024-07-25,2024-07-31,Sophie,6,705.09,2024,7,3,2024-07,0.0,-24.34,Low (1–5%)
2024-05-22,West,Tablet,6,268.34,Store A,Wholesale,0.1,Diana,1449.036,Debit Card,WINTER15,1,REG100737,Cust 1889,35.69,2024-05-22,2024-05-25,Wendy,3,1449.036,2024,5,2,2024-05,0.0,-35.69,Mid (6–10%)
2024-08-10,Central,Desk,4,529.03,Store B,Wholesale,0.05,Carlos,2010.314,Online,SAVE10,0,REG100738,Cust 5411,25.96,2024-08-10,2024-08-20,Cameron,10,2010.3139999999999,2024,8,3,2024-08,2010.314,1984.354,Low (1–5%)
2023-04-27,West,Tablet,2,107.32,Store B,Retail,0.05,Alice,203.908,Credit Card,None,0,REG100739,Cust 3411,47.33,2023-04-27,2023-04-29,Wendy,2,203.908,2023,4,2,2023-04,203.908,156.57799999999997,Low (1–5%)
2023-06-21,South,Tablet,1,500.96,Store C,Wholesale,0.05,Frank,475.912,Online,WINTER15,0,REG100740,Cust 7449,42.1,2023-06-21,2023-06-25,Sophie,4,475.912,2023,6,2,2023-06,475.912,433.81199999999995,Low (1–5%)
2024-10-11,West,Printer,17,549.78,Store B,Wholesale,0.05,Alice,8878.947,Credit Card,None,1,REG100741,Cust 4788,44.42,2024-10-11,2024-10-14,Wendy,3,8878.947,2024,10,4,2024-10,0.0,-44.42,Low (1–5%)
2025-01-26,North,Laptop,3,58.51,Store A,Retail,0.05,Carlos,166.7535,Cash,WINTER15,0,REG100742,Cust 3564,23.57,2025-01-26,2025-01-30,Ryan,4,166.7535,2025,1,1,2025-01,166.7535,143.1835,Low (1–5%)
2024-06-18,South,Chair,17,504.08,Store A,Wholesale,0.1,Diana,7712.424000000001,Online,SAVE10,0,REG100743,Cust 8018,26.47,2024-06-18,2024-06-26,Sophie,8,7712.424000000001,2024,6,2,2024-06,7712.424000000001,7685.954000000001,Mid (6–10%)
2025-06-18,East,Monitor,17,419.63,Store D,Wholesale,0.0,Alice,7133.71,Cash,SAVE10,0,REG100744,Cust 3045,17.4,2025-06-18,2025-06-24,Eric,6,7133.71,2025,6,2,2025-06,7133.71,7116.31,No Discount
2024-10-29,South,Laptop,2,267.36,Store B,Wholesale,0.05,Frank,507.984,Online,None,0,REG100745,Cust 7020,21.36,2024-10-29,2024-11-07,Sophie,9,507.984,2024,10,4,2024-10,507.984,486.62399999999997,Low (1–5%)
2025-04-08,Central,Phone,2,298.06,Store B,Wholesale,0.0,Alice,596.12,Debit Card,SAVE10,1,REG100746,Cust 1905,35.37,2025-04-08,2025-04-14,Cameron,6,596.12,2025,4,2,2025-04,0.0,-35.37,No Discount
2023-01-31,Central,Tablet,13,132.97,Store B,Wholesale,0.05,Frank,1642.1795,Debit Card,WINTER15,0,REG100747,Cust 4592,42.87,2023-01-31,2023-02-05,Cameron,5,1642.1794999999997,2023,1,1,2023-01,1642.1795,1599.3095,Low (1–5%)
2024-03-15,West,Chair,14,476.28,Store A,Wholesale,0.1,Eva,6001.128000000001,Credit Card,FREESHIP,0,REG100748,Cust 5482,22.11,2024-03-15,2024-03-20,Wendy,5,6001.128000000001,2024,3,1,2024-03,6001.128000000001,5979.018000000001,Mid (6–10%)
2023-06-23,North,Tablet,16,294.88,Store B,Retail,0.05,Frank,4482.175999999999,Cash,None,1,REG100749,Cust 1947,17.19,2023-06-23,2023-06-27,Ryan,4,4482.1759999999995,2023,6,2,2023-06,0.0,-17.19,Low (1–5%)
2024-06-14,North,Monitor,19,596.03,Store C,Retail,0.15,Eva,9625.8845,Debit Card,None,0,REG100750,Cust 2801,31.95,2024-06-14,2024-06-23,Ryan,9,9625.8845,2024,6,2,2024-06,9625.8845,9593.9345,High (11–15%)
2023-11-30,West,Desk,6,182.4,Store B,Wholesale,0.0,Alice,1094.4,Online,FREESHIP,1,REG100751,Cust 8206,49.49,2023-11-30,2023-12-09,Wendy,9,1094.4,2023,11,4,2023-11,0.0,-49.49,No Discount
2024-04-21,North,Laptop,10,400.95,Store C,Retail,0.05,Carlos,3809.025,Online,None,0,REG100752,Cust 5277,17.46,2024-04-21,2024-04-30,Ryan,9,3809.0249999999996,2024,4,2,2024-04,3809.025,3791.565,Low (1–5%)
2023-08-06,East,Desk,7,373.66,Store B,Retail,0.05,Alice,2484.839,Gift Card,SAVE10,0,REG100753,Cust 8900,46.33,2023-08-06,2023-08-12,Eric,6,2484.8390000000004,2023,8,3,2023-08,2484.839,2438.509,Low (1–5%)
2024-06-21,West,Desk,7,355.66,Store C,Retail,0.15,Carlos,2116.177,Gift Card,FREESHIP,1,REG100754,Cust 9387,28.77,2024-06-21,2024-06-27,Wendy,6,2116.177,2024,6,2,2024-06,0.0,-28.77,High (11–15%)
2025-03-16,North,Tablet,12,260.31,Store C,Retail,0.1,Bob,2811.348,Cash,SAVE10,0,REG100755,Cust 7013,14.58,2025-03-16,2025-03-24,Ryan,8,2811.3480000000004,2025,3,1,2025-03,2811.348,2796.768,Mid (6–10%)
2024-04-20,West,Tablet,10,370.99,Store B,Retail,0.15,Frank,3153.415,Online,SAVE10,1,REG100756,Cust 4868,11.16,2024-04-20,2024-04-25,Wendy,5,3153.415,2024,4,2,2024-04,0.0,-11.16,High (11–15%)
2024-12-20,East,Laptop,2,548.72,Store A,Wholesale,0.1,Frank,987.696,Credit Card,FREESHIP,1,REG100757,Cust 5239,26.35,2024-12-20,2024-12-29,Eric,9,987.696,2024,12,4,2024-12,0.0,-26.35,Mid (6–10%)
2023-08-22,North,Printer,8,343.53,Store A,Wholesale,0.0,Frank,2748.24,Cash,None,0,REG100758,Cust 4703,16.1,2023-08-22,2023-09-01,Ryan,10,2748.24,2023,8,3,2023-08,2748.24,2732.14,No Discount
2023-03-04,North,Tablet,13,494.78,Store A,Wholesale,0.15,Diana,5467.319,Cash,FREESHIP,0,REG100759,Cust 7224,5.85,2023-03-04,2023-03-13,Ryan,9,5467.3189999999995,2023,3,1,2023-03,5467.319,5461.469,High (11–15%)
2024-06-24,North,Laptop,9,36.62,Store B,Wholesale,0.1,Eva,296.622,Debit Card,FREESHIP,1,REG100760,Cust 4751,29.9,2024-06-24,2024-07-01,Ryan,7,296.622,2024,6,2,2024-06,0.0,-29.9,Mid (6–10%)
2024-12-09,East,Tablet,14,216.2,Store C,Wholesale,0.0,Diana,3026.8,Online,WINTER15,0,REG100761,Cust 1201,14.39,2024-12-09,2024-12-13,Eric,4,3026.7999999999997,2024,12,4,2024-12,3026.8,3012.4100000000003,No Discount
2024-07-04,West,Laptop,11,128.99,Store A,Retail,0.05,Diana,1347.9455,Debit Card,SAVE10,0,REG100762,Cust 9584,38.58,2024-07-04,2024-07-07,Wendy,3,1347.9455,2024,7,3,2024-07,1347.9455,1309.3655,Low (1–5%)
2025-03-04,East,Phone,11,183.11,Store B,Retail,0.15,Frank,1712.0785,Gift Card,FREESHIP,0,REG100763,Cust 6980,41.83,2025-03-04,2025-03-06,Eric,2,1712.0785,2025,3,1,2025-03,1712.0785,1670.2485000000001,High (11–15%)
2024-01-22,East,Printer,11,277.95,Store A,Retail,0.05,Frank,2904.5775,Gift Card,WINTER15,0,REG100764,Cust 2835,44.04,2024-01-22,2024-01-29,Eric,7,2904.5775,2024,1,1,2024-01,2904.5775,2860.5375,Low (1–5%)
2025-03-12,East,Desk,14,554.08,Store A,Retail,0.05,Diana,7369.264,Cash,None,0,REG100765,Cust 4286,36.72,2025-03-12,2025-03-21,Eric,9,7369.264,2025,3,1,2025-03,7369.264,7332.544,Low (1–5%)
2025-02-28,Central,Phone,15,23.32,Store A,Retail,0.05,Carlos,332.31,Debit Card,None,0,REG100766,Cust 7876,25.27,2025-02-28,2025-03-03,Cameron,3,332.31,2025,2,1,2025-02,332.31,307.04,Low (1–5%)
2024-05-23,East,Desk,4,20.96,Store D,Wholesale,0.05,Bob,79.648,Online,FREESHIP,1,REG100767,Cust 5926,33.67,2024-05-23,2024-05-31,Eric,8,79.648,2024,5,2,2024-05,0.0,-33.67,Low (1–5%)
2023-09-17,North,Desk,18,132.29,Store A,Wholesale,0.05,Diana,2262.159,Credit Card,None,1,REG100768,Cust 4478,24.3,2023-09-17,2023-09-20,Ryan,3,2262.1589999999997,2023,9,3,2023-09,0.0,-24.3,Low (1–5%)
2023-06-13,East,Phone,19,199.65,Store A,Retail,0.1,Carlos,3414.015,Cash,SAVE10,1,REG100769,Cust 4711,35.12,2023-06-13,2023-06-18,Eric,5,3414.015,2023,6,2,2023-06,0.0,-35.12,Mid (6–10%)
2025-05-31,West,Phone,16,307.0,Store A,Wholesale,0.0,Bob,4912.0,Debit Card,FREESHIP,0,REG100770,Cust 9227,11.99,2025-05-31,2025-06-02,Wendy,2,4912.0,2025,5,2,2025-05,4912.0,4900.01,No Discount
2023-10-11,East,Tablet,1,315.93,Store C,Retail,0.15,Alice,268.5405,Credit Card,SAVE10,0,REG100771,Cust 2830,43.2,2023-10-11,2023-10-14,Eric,3,268.5405,2023,10,4,2023-10,268.5405,225.34050000000002,High (11–15%)
2023-08-07,West,Printer,5,596.97,Store A,Retail,0.0,Eva,2984.85,Cash,SAVE10,0,REG100772,Cust 3767,14.43,2023-08-07,2023-08-14,Wendy,7,2984.8500000000004,2023,8,3,2023-08,2984.85,2970.42,No Discount
2023-12-03,North,Laptop,17,376.98,Store A,Retail,0.05,Carlos,6088.227,Debit Card,None,1,REG100773,Cust 1561,38.48,2023-12-03,2023-12-05,Ryan,2,6088.227,2023,12,4,2023-12,0.0,-38.48,Low (1–5%)
2024-08-01,Central,Printer,6,208.64,Store D,Retail,0.1,Frank,1126.656,Credit Card,FREESHIP,0,REG100774,Cust 8569,49.93,2024-08-01,2024-08-04,Cameron,3,1126.656,2024,8,3,2024-08,1126.656,1076.7259999999999,Mid (6–10%)
2023-03-20,East,Chair,7,307.82,Store B,Wholesale,0.0,Eva,2154.74,Debit Card,WINTER15,1,REG100775,Cust 1254,14.0,2023-03-20,2023-03-27,Eric,7,2154.74,2023,3,1,2023-03,0.0,-14.0,No Discount
2025-06-30,Central,Tablet,13,382.48,Store D,Retail,0.05,Eva,4723.628,Credit Card,WINTER15,0,REG100776,Cust 8556,7.59,2025-06-30,2025-07-04,Cameron,4,4723.628,2025,6,2,2025-06,4723.628,4716.038,Low (1–5%)
2025-02-05,South,Desk,9,188.03,Store B,Retail,0.0,Frank,1692.27,Cash,FREESHIP,0,REG100777,Cust 7204,11.44,2025-02-05,2025-02-07,Sophie,2,1692.27,2025,2,1,2025-02,1692.27,1680.83,No Discount
2024-05-19,East,Desk,17,238.17,Store D,Wholesale,0.15,Frank,3441.5565,Cash,FREESHIP,0,REG100778,Cust 7725,21.64,2024-05-19,2024-05-29,Eric,10,3441.5564999999997,2024,5,2,2024-05,3441.5565,3419.9165000000003,High (11–15%)
2023-03-04,North,Printer,10,450.71,Store B,Retail,0.1,Bob,4056.389999999999,Gift Card,SAVE10,0,REG100779,Cust 9210,21.31,2023-03-04,2023-03-12,Ryan,8,4056.3899999999994,2023,3,1,2023-03,4056.389999999999,4035.079999999999,Mid (6–10%)
2023-01-22,Central,Monitor,2,413.36,Store D,Retail,0.1,Alice,744.048,Online,SAVE10,1,REG100780,Cust 9085,41.69,2023-01-22,2023-01-24,Cameron,2,744.048,2023,1,1,2023-01,0.0,-41.69,Mid (6–10%)
2023-03-20,South,Phone,20,536.71,Store B,Retail,0.15,Carlos,9124.07,Debit Card,SAVE10,0,REG100781,Cust 4937,41.42,2023-03-20,2023-03-25,Sophie,5,9124.07,2023,3,1,2023-03,9124.07,9082.65,High (11–15%)
2024-06-05,West,Phone,5,206.42,Store D,Retail,0.05,Alice,980.4949999999999,Debit Card,WINTER15,0,REG100782,Cust 3606,35.51,2024-06-05,2024-06-13,Wendy,8,980.4949999999999,2024,6,2,2024-06,980.4949999999999,944.9849999999999,Low (1–5%)
2024-07-09,East,Printer,4,256.83,Store A,Wholesale,0.15,Carlos,873.2219999999999,Cash,None,1,REG100783,Cust 5865,44.72,2024-07-09,2024-07-17,Eric,8,873.2219999999999,2024,7,3,2024-07,0.0,-44.72,High (11–15%)
2025-03-08,South,Monitor,1,247.04,Store C,Wholesale,0.0,Bob,247.04,Credit Card,FREESHIP,0,REG100784,Cust 7195,26.86,2025-03-08,2025-03-13,Sophie,5,247.04,2025,3,1,2025-03,247.04,220.18,No Discount
2025-06-21,South,Tablet,3,583.38,Store B,Retail,0.15,Diana,1487.619,Cash,WINTER15,1,REG100785,Cust 6113,30.12,2025-06-21,2025-06-30,Sophie,9,1487.619,2025,6,2,2025-06,0.0,-30.12,High (11–15%)
2025-06-28,North,Tablet,13,341.38,Store C,Retail,0.15,Alice,3772.248999999999,Cash,None,0,REG100786,Cust 9878,18.2,2025-06-28,2025-07-01,Ryan,3,3772.2489999999993,2025,6,2,2025-06,3772.248999999999,3754.048999999999,High (11–15%)
2025-04-05,West,Chair,19,267.03,Store D,Wholesale,0.15,Bob,4312.5345,Online,SAVE10,1,REG100787,Cust 3936,35.82,2025-04-05,2025-04-13,Wendy,8,4312.5345,2025,4,2,2025-04,0.0,-35.82,High (11–15%)
2024-03-05,South,Printer,7,77.69,Store D,Wholesale,0.0,Carlos,543.8299999999999,Credit Card,SAVE10,0,REG100788,Cust 3937,41.89,2024-03-05,2024-03-12,Sophie,7,543.8299999999999,2024,3,1,2024-03,543.8299999999999,501.93999999999994,No Discount
2024-03-09,East,Phone,20,312.43,Store C,Retail,0.0,Carlos,6248.6,Credit Card,SAVE10,0,REG100789,Cust 5262,28.11,2024-03-09,2024-03-11,Eric,2,6248.6,2024,3,1,2024-03,6248.6,6220.490000000001,No Discount
2025-02-25,Central,Monitor,19,14.1,Store C,Wholesale,0.05,Carlos,254.505,Cash,FREESHIP,0,REG100790,Cust 3892,37.84,2025-02-25,2025-02-28,Cameron,3,254.50499999999997,2025,2,1,2025-02,254.505,216.665,Low (1–5%)
2024-11-16,West,Tablet,17,266.83,Store D,Retail,0.05,Frank,4309.304499999999,Credit Card,WINTER15,0,REG100791,Cust 8826,32.52,2024-11-16,2024-11-23,Wendy,7,4309.304499999999,2024,11,4,2024-11,4309.304499999999,4276.784499999999,Low (1–5%)
2024-08-01,South,Printer,20,248.11,Store D,Wholesale,0.05,Carlos,4714.09,Online,SAVE10,0,REG100792,Cust 1119,22.96,2024-08-01,2024-08-06,Sophie,5,4714.09,2024,8,3,2024-08,4714.09,4691.13,Low (1–5%)
2024-04-20,West,Chair,5,316.76,Store B,Retail,0.05,Alice,1504.61,Gift Card,FREESHIP,1,REG100793,Cust 2685,12.7,2024-04-20,2024-04-30,Wendy,10,1504.61,2024,4,2,2024-04,0.0,-12.7,Low (1–5%)
2024-04-20,South,Laptop,2,169.62,Store C,Retail,0.1,Alice,305.316,Debit Card,None,0,REG100794,Cust 5939,45.41,2024-04-20,2024-04-25,Sophie,5,305.31600000000003,2024,4,2,2024-04,305.316,259.90599999999995,Mid (6–10%)
2023-09-22,North,Laptop,19,35.38,Store A,Retail,0.15,Diana,571.3870000000001,Online,SAVE10,0,REG100795,Cust 1791,7.06,2023-09-22,2023-09-28,Ryan,6,571.3870000000001,2023,9,3,2023-09,571.3870000000001,564.3270000000001,High (11–15%)
2025-02-21,West,Chair,3,264.08,Store A,Retail,0.1,Diana,713.0160000000001,Online,None,0,REG100796,Cust 8530,25.39,2025-02-21,2025-03-02,Wendy,9,713.0160000000001,2025,2,1,2025-02,713.0160000000001,687.6260000000001,Mid (6–10%)
2025-06-24,East,Tablet,5,137.56,Store C,Wholesale,0.15,Diana,584.63,Debit Card,SAVE10,0,REG100797,Cust 4522,6.45,2025-06-24,2025-07-01,Eric,7,584.63,2025,6,2,2025-06,584.63,578.18,High (11–15%)
2023-11-28,Central,Laptop,8,157.93,Store B,Retail,0.15,Diana,1073.924,Online,SAVE10,0,REG100798,Cust 9619,6.31,2023-11-28,2023-12-05,Cameron,7,1073.924,2023,11,4,2023-11,1073.924,1067.614,High (11–15%)
2024-04-08,North,Desk,6,126.86,Store C,Wholesale,0.05,Eva,723.102,Debit Card,FREESHIP,0,REG100799,Cust 1637,35.49,2024-04-08,2024-04-17,Ryan,9,723.102,2024,4,2,2024-04,723.102,687.612,Low (1–5%)
2025-01-07,North,Chair,15,240.05,Store C,Retail,0.05,Carlos,3420.7125,Credit Card,FREESHIP,0,REG100800,Cust 6914,14.31,2025-01-07,2025-01-14,Ryan,7,3420.7124999999996,2025,1,1,2025-01,3420.7125,3406.4025,Low (1–5%)
2023-02-24,South,Tablet,3,37.63,Store A,Wholesale,0.1,Carlos,101.601,Debit Card,FREESHIP,0,REG100801,Cust 5737,43.7,2023-02-24,2023-03-03,Sophie,7,101.60100000000001,2023,2,1,2023-02,101.601,57.900999999999996,Mid (6–10%)
2023-10-19,East,Chair,13,393.1,Store B,Wholesale,0.1,Alice,4599.27,Online,None,0,REG100802,Cust 5301,12.64,2023-10-19,2023-10-26,Eric,7,4599.27,2023,10,4,2023-10,4599.27,4586.63,Mid (6–10%)
2024-06-17,North,Chair,10,83.86,Store A,Wholesale,0.15,Alice,712.81,Credit Card,None,0,REG100803,Cust 2524,41.11,2024-06-17,2024-06-21,Ryan,4,712.81,2024,6,2,2024-06,712.81,671.6999999999999,High (11–15%)
2023-06-21,Central,Desk,10,110.07,Store B,Wholesale,0.0,Frank,1100.7,Credit Card,None,0,REG100804,Cust 8480,18.47,2023-06-21,2023-06-29,Cameron,8,1100.6999999999998,2023,6,2,2023-06,1100.7,1082.23,No Discount
2024-08-30,East,Phone,6,288.98,Store C,Wholesale,0.15,Diana,1473.798,Gift Card,None,0,REG100805,Cust 2595,38.63,2024-08-30,2024-09-02,Eric,3,1473.798,2024,8,3,2024-08,1473.798,1435.168,High (11–15%)
2025-01-03,Central,Desk,10,451.14,Store A,Retail,0.0,Bob,4511.4,Gift Card,FREESHIP,0,REG100806,Cust 7132,29.96,2025-01-03,2025-01-13,Cameron,10,4511.4,2025,1,1,2025-01,4511.4,4481.44,No Discount
2023-02-23,West,Printer,16,509.08,Store C,Wholesale,0.0,Carlos,8145.28,Online,FREESHIP,0,REG100807,Cust 4240,37.53,2023-02-23,2023-03-02,Wendy,7,8145.28,2023,2,1,2023-02,8145.28,8107.75,No Discount
2025-04-26,Central,Printer,4,582.73,Store D,Wholesale,0.05,Carlos,2214.374,Cash,WINTER15,0,REG100808,Cust 4644,44.26,2025-04-26,2025-04-29,Cameron,3,2214.374,2025,4,2,2025-04,2214.374,2170.1139999999996,Low (1–5%)
2023-06-08,South,Phone,9,115.24,Store B,Wholesale,0.0,Alice,1037.16,Credit Card,FREESHIP,0,REG100809,Cust 5133,8.28,2023-06-08,2023-06-14,Sophie,6,1037.1599999999999,2023,6,2,2023-06,1037.16,1028.88,No Discount
2023-03-16,North,Monitor,14,565.45,Store D,Wholesale,0.1,Eva,7124.670000000001,Online,WINTER15,0,REG100810,Cust 1731,24.4,2023-03-16,2023-03-25,Ryan,9,7124.670000000001,2023,3,1,2023-03,7124.670000000001,7100.270000000001,Mid (6–10%)
2024-10-23,North,Phone,11,121.54,Store D,Wholesale,0.0,Carlos,1336.94,Credit Card,SAVE10,0,REG100811,Cust 3739,16.62,2024-10-23,2024-10-28,Ryan,5,1336.94,2024,10,4,2024-10,1336.94,1320.3200000000002,No Discount
2025-05-23,East,Printer,9,160.15,Store D,Retail,0.1,Alice,1297.215,Debit Card,None,1,REG100812,Cust 3853,29.64,2025-05-23,2025-05-28,Eric,5,1297.2150000000001,2025,5,2,2025-05,0.0,-29.64,Mid (6–10%)
2023-05-06,East,Desk,14,175.66,Store B,Wholesale,0.05,Bob,2336.278,Cash,SAVE10,0,REG100813,Cust 6830,26.12,2023-05-06,2023-05-14,Eric,8,2336.278,2023,5,2,2023-05,2336.278,2310.158,Low (1–5%)
2024-08-15,South,Tablet,3,437.97,Store C,Wholesale,0.05,Eva,1248.2145,Cash,SAVE10,1,REG100814,Cust 5351,23.29,2024-08-15,2024-08-22,Sophie,7,1248.2145,2024,8,3,2024-08,0.0,-23.29,Low (1–5%)
2023-08-23,South,Printer,12,411.59,Store B,Wholesale,0.15,Diana,4198.218,Cash,FREESHIP,0,REG100815,Cust 5845,19.17,2023-08-23,2023-08-31,Sophie,8,4198.218,2023,8,3,2023-08,4198.218,4179.048,High (11–15%)
2025-04-13,South,Laptop,1,163.29,Store B,Retail,0.0,Diana,163.29,Credit Card,WINTER15,0,REG100816,Cust 7004,21.15,2025-04-13,2025-04-22,Sophie,9,163.29,2025,4,2,2025-04,163.29,142.14,No Discount
2024-06-11,Central,Desk,5,538.52,Store B,Wholesale,0.05,Alice,2557.97,Gift Card,None,0,REG100817,Cust 4095,45.81,2024-06-11,2024-06-17,Cameron,6,2557.97,2024,6,2,2024-06,2557.97,2512.16,Low (1–5%)
2024-04-29,South,Phone,11,255.95,Store C,Wholesale,0.1,Alice,2533.905,Online,None,0,REG100818,Cust 7833,21.99,2024-04-29,2024-05-04,Sophie,5,2533.9049999999997,2024,4,2,2024-04,2533.905,2511.9150000000004,Mid (6–10%)
2023-03-27,South,Desk,7,290.22,Store A,Retail,0.1,Alice,1828.386,Cash,WINTER15,0,REG100819,Cust 5826,33.15,2023-03-27,2023-04-04,Sophie,8,1828.3860000000002,2023,3,1,2023-03,1828.386,1795.2359999999999,Mid (6–10%)
2024-10-23,North,Chair,20,198.95,Store B,Retail,0.1,Diana,3581.1,Credit Card,None,1,REG100820,Cust 9410,5.16,2024-10-23,2024-10-25,Ryan,2,3581.1,2024,10,4,2024-10,0.0,-5.16,Mid (6–10%)
2023-06-21,North,Printer,11,577.1,Store C,Retail,0.15,Frank,5395.885,Cash,SAVE10,0,REG100821,Cust 9397,13.16,2023-06-21,2023-06-28,Ryan,7,5395.885,2023,6,2,2023-06,5395.885,5382.725,High (11–15%)
2023-05-12,Central,Printer,10,50.1,Store A,Wholesale,0.1,Bob,450.9,Cash,FREESHIP,1,REG100822,Cust 6665,23.43,2023-05-12,2023-05-19,Cameron,7,450.90000000000003,2023,5,2,2023-05,0.0,-23.43,Mid (6–10%)
2024-10-20,Central,Printer,19,554.5,Store B,Retail,0.15,Carlos,8955.175,Online,None,1,REG100823,Cust 2590,47.16,2024-10-20,2024-10-24,Cameron,4,8955.175,2024,10,4,2024-10,0.0,-47.16,High (11–15%)
2024-04-04,North,Laptop,14,117.31,Store A,Wholesale,0.0,Diana,1642.34,Online,WINTER15,0,REG100824,Cust 4599,41.24,2024-04-04,2024-04-07,Ryan,3,1642.3400000000001,2024,4,2,2024-04,1642.34,1601.1,No Discount
2025-01-12,Central,Tablet,3,193.98,Store A,Retail,0.0,Bob,581.9399999999999,Credit Card,WINTER15,0,REG100825,Cust 7166,27.53,2025-01-12,2025-01-16,Cameron,4,581.9399999999999,2025,1,1,2025-01,581.9399999999999,554.41,No Discount
2023-07-24,South,Phone,20,386.86,Store A,Wholesale,0.05,Carlos,7350.34,Online,WINTER15,0,REG100826,Cust 6177,41.56,2023-07-24,2023-07-29,Sophie,5,7350.34,2023,7,3,2023-07,7350.34,7308.78,Low (1–5%)
2023-09-09,North,Chair,12,81.33,Store D,Wholesale,0.0,Carlos,975.96,Cash,SAVE10,1,REG100827,Cust 6229,30.73,2023-09-09,2023-09-13,Ryan,4,975.96,2023,9,3,2023-09,0.0,-30.73,No Discount
2024-04-20,East,Printer,5,550.65,Store A,Retail,0.15,Bob,2340.2625,Gift Card,None,0,REG100828,Cust 2899,16.82,2024-04-20,2024-04-27,Eric,7,2340.2625,2024,4,2,2024-04,2340.2625,2323.4424999999997,High (11–15%)
2025-02-06,West,Printer,4,473.91,Store A,Retail,0.05,Eva,1800.858,Credit Card,SAVE10,0,REG100829,Cust 5322,29.22,2025-02-06,2025-02-14,Wendy,8,1800.858,2025,2,1,2025-02,1800.858,1771.638,Low (1–5%)
2023-06-18,West,Tablet,19,25.22,Store C,Wholesale,0.0,Bob,479.1799999999999,Credit Card,None,0,REG100830,Cust 7063,31.31,2023-06-18,2023-06-22,Wendy,4,479.17999999999995,2023,6,2,2023-06,479.1799999999999,447.8699999999999,No Discount
2024-11-01,North,Phone,2,437.04,Store C,Wholesale,0.0,Frank,874.08,Credit Card,SAVE10,1,REG100831,Cust 7487,37.37,2024-11-01,2024-11-08,Ryan,7,874.08,2024,11,4,2024-11,0.0,-37.37,No Discount
2024-08-12,West,Desk,5,448.86,Store C,Wholesale,0.15,Frank,1907.655,Credit Card,SAVE10,1,REG100832,Cust 5481,21.22,2024-08-12,2024-08-21,Wendy,9,1907.6550000000002,2024,8,3,2024-08,0.0,-21.22,High (11–15%)
2025-04-08,Central,Phone,14,299.94,Store D,Retail,0.0,Carlos,4199.16,Gift Card,FREESHIP,0,REG100833,Cust 3150,21.04,2025-04-08,2025-04-17,Cameron,9,4199.16,2025,4,2,2025-04,4199.16,4178.12,No Discount
2024-07-20,Central,Laptop,8,224.18,Store B,Retail,0.15,Bob,1524.424,Debit Card,None,0,REG100834,Cust 5099,36.9,2024-07-20,2024-07-26,Cameron,6,1524.424,2024,7,3,2024-07,1524.424,1487.524,High (11–15%)
2023-02-17,West,Desk,6,327.69,Store D,Wholesale,0.05,Diana,1867.833,Cash,None,0,REG100835,Cust 6615,22.34,2023-02-17,2023-02-21,Wendy,4,1867.8329999999999,2023,2,1,2023-02,1867.833,1845.4930000000002,Low (1–5%)
2024-07-02,East,Phone,8,432.27,Store D,Retail,0.05,Eva,3285.251999999999,Cash,FREESHIP,1,REG100836,Cust 6924,20.64,2024-07-02,2024-07-04,Eric,2,3285.2519999999995,2024,7,3,2024-07,0.0,-20.64,Low (1–5%)
2025-04-01,North,Monitor,4,249.98,Store C,Retail,0.15,Eva,849.9319999999999,Debit Card,SAVE10,0,REG100837,Cust 2411,49.08,2025-04-01,2025-04-04,Ryan,3,849.9319999999999,2025,4,2,2025-04,849.9319999999999,800.8519999999999,High (11–15%)
2025-06-02,South,Printer,14,194.31,Store C,Wholesale,0.15,Frank,2312.289,Debit Card,FREESHIP,0,REG100838,Cust 9648,15.3,2025-06-02,2025-06-09,Sophie,7,2312.289,2025,6,2,2025-06,2312.289,2296.989,High (11–15%)
2024-11-21,West,Phone,5,69.29,Store C,Wholesale,0.0,Carlos,346.45,Credit Card,None,0,REG100839,Cust 1974,20.83,2024-11-21,2024-11-29,Wendy,8,346.45000000000005,2024,11,4,2024-11,346.45,325.62,No Discount
2024-01-10,South,Printer,15,306.91,Store A,Retail,0.0,Carlos,4603.650000000001,Cash,FREESHIP,1,REG100840,Cust 9452,19.38,2024-01-10,2024-01-14,Sophie,4,4603.650000000001,2024,1,1,2024-01,0.0,-19.38,No Discount
2023-10-21,North,Desk,4,390.3,Store A,Retail,0.15,Diana,1327.02,Debit Card,None,0,REG100841,Cust 4558,43.56,2023-10-21,2023-10-26,Ryan,5,1327.02,2023,10,4,2023-10,1327.02,1283.46,High (11–15%)
2025-01-20,North,Phone,7,61.83,Store B,Retail,0.0,Diana,432.81,Online,WINTER15,0,REG100842,Cust 8811,25.49,2025-01-20,2025-01-22,Ryan,2,432.81,2025,1,1,2025-01,432.81,407.32,No Discount
2024-11-09,West,Monitor,7,83.32,Store D,Wholesale,0.05,Carlos,554.078,Cash,FREESHIP,0,REG100843,Cust 7788,23.4,2024-11-09,2024-11-17,Wendy,8,554.078,2024,11,4,2024-11,554.078,530.678,Low (1–5%)
2024-04-03,West,Monitor,4,563.06,Store D,Retail,0.05,Bob,2139.628,Cash,WINTER15,0,REG100844,Cust 2788,19.5,2024-04-03,2024-04-07,Wendy,4,2139.6279999999997,2024,4,2,2024-04,2139.628,2120.128,Low (1–5%)
2024-01-06,North,Phone,13,256.35,Store D,Wholesale,0.15,Alice,2832.6675,Cash,SAVE10,0,REG100845,Cust 6621,26.04,2024-01-06,2024-01-08,Ryan,2,2832.6675,2024,1,1,2024-01,2832.6675,2806.6275,High (11–15%)
2023-08-02,Central,Printer,9,303.26,Store A,Wholesale,0.05,Diana,2592.873,Debit Card,FREESHIP,0,REG100846,Cust 8575,17.01,2023-08-02,2023-08-05,Cameron,3,2592.873,2023,8,3,2023-08,2592.873,2575.863,Low (1–5%)
2023-11-26,North,Chair,9,440.48,Store A,Retail,0.15,Diana,3369.672,Gift Card,WINTER15,0,REG100847,Cust 8799,32.94,2023-11-26,2023-12-01,Ryan,5,3369.672,2023,11,4,2023-11,3369.672,3336.732,High (11–15%)
2025-04-20,East,Desk,17,469.25,Store B,Wholesale,0.05,Bob,7578.3875,Credit Card,None,0,REG100848,Cust 1699,45.76,2025-04-20,2025-04-26,Eric,6,7578.3875,2025,4,2,2025-04,7578.3875,7532.6275,Low (1–5%)
2023-12-29,South,Chair,18,491.76,Store A,Wholesale,0.15,Eva,7523.928,Credit Card,SAVE10,0,REG100849,Cust 5606,37.49,2023-12-29,2024-01-05,Sophie,7,7523.928,2023,12,4,2023-12,7523.928,7486.438,High (11–15%)
2025-01-08,Central,Chair,19,465.27,Store C,Retail,0.05,Diana,8398.1235,Credit Card,None,0,REG100850,Cust 4933,44.95,2025-01-08,2025-01-10,Cameron,2,8398.1235,2025,1,1,2025-01,8398.1235,8353.173499999999,Low (1–5%)
2024-05-06,East,Chair,18,343.68,Store B,Retail,0.0,Eva,6186.24,Gift Card,SAVE10,0,REG100851,Cust 9517,20.37,2024-05-06,2024-05-14,Eric,8,6186.24,2024,5,2,2024-05,6186.24,6165.87,No Discount
2024-09-15,North,Desk,14,472.51,Store D,Wholesale,0.05,Bob,6284.382999999999,Gift Card,None,0,REG100852,Cust 6740,13.54,2024-09-15,2024-09-20,Ryan,5,6284.382999999999,2024,9,3,2024-09,6284.382999999999,6270.842999999999,Low (1–5%)
2023-02-07,West,Laptop,20,142.52,Store A,Retail,0.1,Eva,2565.36,Cash,FREESHIP,0,REG100853,Cust 1301,30.67,2023-02-07,2023-02-12,Wendy,5,2565.36,2023,2,1,2023-02,2565.36,2534.69,Mid (6–10%)
2023-03-01,East,Phone,1,31.42,Store B,Retail,0.05,Bob,29.849,Credit Card,SAVE10,0,REG100854,Cust 1736,11.35,2023-03-01,2023-03-09,Eric,8,29.849,2023,3,1,2023-03,29.849,18.499000000000002,Low (1–5%)
2024-05-08,North,Tablet,17,572.29,Store D,Retail,0.15,Eva,8269.5905,Online,SAVE10,1,REG100855,Cust 6864,44.99,2024-05-08,2024-05-12,Ryan,4,8269.5905,2024,5,2,2024-05,0.0,-44.99,High (11–15%)
2024-06-06,East,Desk,18,333.6,Store A,Retail,0.1,Carlos,5404.320000000001,Debit Card,FREESHIP,1,REG100856,Cust 5207,33.79,2024-06-06,2024-06-08,Eric,2,5404.320000000001,2024,6,2,2024-06,0.0,-33.79,Mid (6–10%)
2023-04-29,North,Chair,9,90.87,Store D,Retail,0.15,Carlos,695.1555,Debit Card,WINTER15,0,REG100857,Cust 6525,26.56,2023-04-29,2023-05-08,Ryan,9,695.1555,2023,4,2,2023-04,695.1555,668.5955,High (11–15%)
2023-09-20,Central,Tablet,9,588.59,Store D,Wholesale,0.05,Diana,5032.444500000001,Online,None,0,REG100858,Cust 8298,42.3,2023-09-20,2023-09-22,Cameron,2,5032.4445000000005,2023,9,3,2023-09,5032.444500000001,4990.144500000001,Low (1–5%)
2024-11-08,South,Chair,18,153.28,Store B,Retail,0.05,Frank,2621.088,Online,WINTER15,1,REG100859,Cust 8204,33.71,2024-11-08,2024-11-13,Sophie,5,2621.0879999999997,2024,11,4,2024-11,0.0,-33.71,Low (1–5%)
2023-03-22,North,Printer,17,194.97,Store A,Retail,0.15,Carlos,2817.3165,Gift Card,SAVE10,1,REG100860,Cust 4035,5.59,2023-03-22,2023-03-30,Ryan,8,2817.3165,2023,3,1,2023-03,0.0,-5.59,High (11–15%)
2023-09-05,East,Monitor,5,367.61,Store C,Retail,0.0,Alice,1838.05,Credit Card,SAVE10,0,REG100861,Cust 1654,19.55,2023-09-05,2023-09-13,Eric,8,1838.0500000000002,2023,9,3,2023-09,1838.05,1818.5,No Discount
2023-02-26,East,Laptop,17,575.5,Store D,Retail,0.05,Alice,9294.324999999999,Debit Card,FREESHIP,0,REG100862,Cust 1823,13.42,2023-02-26,2023-03-05,Eric,7,9294.324999999999,2023,2,1,2023-02,9294.324999999999,9280.904999999999,Low (1–5%)
2024-11-26,West,Chair,3,229.45,Store D,Retail,0.15,Bob,585.0974999999999,Debit Card,WINTER15,1,REG100863,Cust 1423,19.81,2024-11-26,2024-11-29,Wendy,3,585.0974999999999,2024,11,4,2024-11,0.0,-19.81,High (11–15%)
2024-10-14,Central,Chair,3,391.63,Store C,Retail,0.0,Frank,1174.89,Debit Card,None,1,REG100864,Cust 7282,25.36,2024-10-14,2024-10-17,Cameron,3,1174.8899999999999,2024,10,4,2024-10,0.0,-25.36,No Discount
2023-05-29,Central,Laptop,15,67.35,Store D,Wholesale,0.1,Diana,909.2249999999999,Online,FREESHIP,0,REG100865,Cust 8437,24.85,2023-05-29,2023-06-03,Cameron,5,909.2249999999999,2023,5,2,2023-05,909.2249999999999,884.3749999999999,Mid (6–10%)
2024-03-22,Central,Laptop,6,453.86,Store B,Retail,0.15,Alice,2314.686,Credit Card,None,0,REG100866,Cust 9508,45.32,2024-03-22,2024-03-31,Cameron,9,2314.6859999999997,2024,3,1,2024-03,2314.686,2269.366,High (11–15%)
2023-04-22,South,Tablet,19,537.7,Store D,Wholesale,0.0,Bob,10216.3,Online,SAVE10,0,REG100867,Cust 1186,45.83,2023-04-22,2023-05-02,Sophie,10,10216.300000000001,2023,4,2,2023-04,10216.3,10170.47,No Discount
2025-06-06,North,Phone,5,32.56,Store C,Retail,0.05,Diana,154.66,Cash,FREESHIP,0,REG100868,Cust 4362,46.73,2025-06-06,2025-06-12,Ryan,6,154.66,2025,6,2,2025-06,154.66,107.93,Low (1–5%)
2023-01-25,Central,Laptop,2,196.7,Store A,Retail,0.0,Frank,393.4,Online,FREESHIP,0,REG100869,Cust 9388,35.84,2023-01-25,2023-01-29,Cameron,4,393.4,2023,1,1,2023-01,393.4,357.55999999999995,No Discount
2023-09-08,South,Phone,12,369.45,Store D,Wholesale,0.1,Frank,3990.06,Credit Card,WINTER15,1,REG100870,Cust 4015,44.76,2023-09-08,2023-09-10,Sophie,2,3990.06,2023,9,3,2023-09,0.0,-44.76,Mid (6–10%)
2024-10-04,East,Tablet,12,181.96,Store D,Retail,0.15,Eva,1855.992,Gift Card,WINTER15,0,REG100871,Cust 6428,25.06,2024-10-04,2024-10-11,Eric,7,1855.992,2024,10,4,2024-10,1855.992,1830.932,High (11–15%)
2025-04-06,East,Desk,3,32.07,Store D,Retail,0.15,Alice,81.77850000000001,Online,WINTER15,1,REG100872,Cust 2570,43.18,2025-04-06,2025-04-08,Eric,2,81.77850000000001,2025,4,2,2025-04,0.0,-43.18,High (11–15%)
2024-08-25,East,Laptop,15,39.93,Store A,Retail,0.15,Diana,509.1075,Debit Card,WINTER15,0,REG100873,Cust 5132,33.44,2024-08-25,2024-08-29,Eric,4,509.1075,2024,8,3,2024-08,509.1075,475.6675,High (11–15%)
2024-03-06,North,Phone,7,374.43,Store A,Retail,0.15,Carlos,2227.8585,Cash,SAVE10,0,REG100874,Cust 4929,28.97,2024-03-06,2024-03-12,Ryan,6,2227.8585000000003,2024,3,1,2024-03,2227.8585,2198.8885,High (11–15%)
2023-03-23,East,Printer,2,101.87,Store C,Wholesale,0.0,Diana,203.74,Cash,FREESHIP,0,REG100875,Cust 4018,28.63,2023-03-23,2023-03-26,Eric,3,203.74,2023,3,1,2023-03,203.74,175.11,No Discount
2024-01-13,Central,Tablet,13,343.45,Store D,Wholesale,0.05,Alice,4241.607499999999,Gift Card,SAVE10,0,REG100876,Cust 8069,27.26,2024-01-13,2024-01-17,Cameron,4,4241.607499999999,2024,1,1,2024-01,4241.607499999999,4214.347499999999,Low (1–5%)
2023-07-18,Central,Printer,15,144.11,Store C,Retail,0.0,Frank,2161.65,Gift Card,None,0,REG100877,Cust 6741,28.51,2023-07-18,2023-07-24,Cameron,6,2161.65,2023,7,3,2023-07,2161.65,2133.14,No Discount
2025-02-23,West,Chair,18,403.68,Store A,Retail,0.15,Carlos,6176.304,Cash,FREESHIP,0,REG100878,Cust 8050,13.09,2025-02-23,2025-03-04,Wendy,9,6176.304,2025,2,1,2025-02,6176.304,6163.214,High (11–15%)
2023-02-22,East,Printer,14,346.57,Store B,Retail,0.1,Carlos,4366.782,Debit Card,FREESHIP,0,REG100879,Cust 2434,36.83,2023-02-22,2023-03-02,Eric,8,4366.782,2023,2,1,2023-02,4366.782,4329.952,Mid (6–10%)
2024-10-18,North,Printer,7,392.79,Store C,Wholesale,0.0,Eva,2749.53,Gift Card,WINTER15,0,REG100880,Cust 9089,45.85,2024-10-18,2024-10-28,Ryan,10,2749.53,2024,10,4,2024-10,2749.53,2703.6800000000003,No Discount
2023-10-26,West,Printer,16,70.83,Store B,Wholesale,0.05,Carlos,1076.616,Gift Card,None,0,REG100881,Cust 1091,5.05,2023-10-26,2023-10-31,Wendy,5,1076.616,2023,10,4,2023-10,1076.616,1071.566,Low (1–5%)
2023-01-10,Central,Monitor,20,274.37,Store B,Retail,0.1,Eva,4938.66,Gift Card,WINTER15,0,REG100882,Cust 6138,12.28,2023-01-10,2023-01-14,Cameron,4,4938.66,2023,1,1,2023-01,4938.66,4926.38,Mid (6–10%)
2024-03-19,Central,Desk,10,19.73,Store D,Retail,0.1,Carlos,177.57,Debit Card,None,0,REG100883,Cust 6326,16.06,2024-03-19,2024-03-22,Cameron,3,177.57000000000002,2024,3,1,2024-03,177.57,161.51,Mid (6–10%)
2023-12-20,Central,Printer,10,465.72,Store B,Wholesale,0.05,Alice,4424.34,Online,FREESHIP,0,REG100884,Cust 1327,28.14,2023-12-20,2023-12-26,Cameron,6,4424.34,2023,12,4,2023-12,4424.34,4396.2,Low (1–5%)
2024-12-09,Central,Monitor,19,62.07,Store D,Retail,0.1,Diana,1061.397,Debit Card,FREESHIP,0,REG100885,Cust 8602,14.85,2024-12-09,2024-12-19,Cameron,10,1061.397,2024,12,4,2024-12,1061.397,1046.547,Mid (6–10%)
2023-05-10,Central,Tablet,11,529.2,Store A,Wholesale,0.05,Bob,5530.14,Credit Card,None,1,REG100886,Cust 9131,16.78,2023-05-10,2023-05-20,Cameron,10,5530.14,2023,5,2,2023-05,0.0,-16.78,Low (1–5%)
2023-10-18,South,Monitor,7,387.31,Store A,Retail,0.1,Bob,2440.053,Cash,WINTER15,0,REG100887,Cust 6716,14.76,2023-10-18,2023-10-21,Sophie,3,2440.0530000000003,2023,10,4,2023-10,2440.053,2425.2929999999997,Mid (6–10%)
2024-12-03,South,Phone,1,152.75,Store A,Wholesale,0.0,Bob,152.75,Credit Card,FREESHIP,1,REG100888,Cust 2071,9.61,2024-12-03,2024-12-06,Sophie,3,152.75,2024,12,4,2024-12,0.0,-9.61,No Discount
2024-10-10,South,Chair,8,72.48,Store A,Wholesale,0.1,Carlos,521.856,Debit Card,None,1,REG100889,Cust 4472,26.92,2024-10-10,2024-10-17,Sophie,7,521.856,2024,10,4,2024-10,0.0,-26.92,Mid (6–10%)
2024-06-03,East,Phone,4,194.09,Store D,Wholesale,0.1,Eva,698.724,Credit Card,WINTER15,0,REG100890,Cust 3899,26.35,2024-06-03,2024-06-07,Eric,4,698.724,2024,6,2,2024-06,698.724,672.374,Mid (6–10%)
2025-03-26,South,Phone,3,159.3,Store B,Wholesale,0.05,Eva,454.005,Credit Card,SAVE10,1,REG100891,Cust 9467,45.34,2025-03-26,2025-03-29,Sophie,3,454.005,2025,3,1,2025-03,0.0,-45.34,Low (1–5%)
2024-04-26,North,Monitor,4,303.37,Store A,Retail,0.1,Carlos,1092.132,Gift Card,WINTER15,0,REG100892,Cust 3824,30.19,2024-04-26,2024-05-01,Ryan,5,1092.132,2024,4,2,2024-04,1092.132,1061.942,Mid (6–10%)
2023-05-05,West,Chair,16,541.96,Store C,Retail,0.1,Eva,7804.224000000001,Cash,SAVE10,1,REG100893,Cust 3511,9.93,2023-05-05,2023-05-13,Wendy,8,7804.224000000001,2023,5,2,2023-05,0.0,-9.93,Mid (6–10%)
2023-09-23,West,Desk,7,41.57,Store D,Retail,0.0,Carlos,290.99,Online,None,0,REG100894,Cust 3356,16.59,2023-09-23,2023-09-29,Wendy,6,290.99,2023,9,3,2023-09,290.99,274.40000000000003,No Discount
2025-03-08,South,Monitor,16,217.74,Store A,Wholesale,0.15,Frank,2961.264,Cash,FREESHIP,1,REG100895,Cust 2840,25.11,2025-03-08,2025-03-15,Sophie,7,2961.264,2025,3,1,2025-03,0.0,-25.11,High (11–15%)
2023-01-17,North,Printer,15,19.17,Store A,Wholesale,0.0,Carlos,287.55,Gift Card,FREESHIP,1,REG100896,Cust 3811,48.93,2023-01-17,2023-01-27,Ryan,10,287.55,2023,1,1,2023-01,0.0,-48.93,No Discount
2023-04-29,Central,Monitor,15,293.34,Store D,Retail,0.1,Eva,3960.09,Credit Card,WINTER15,0,REG100897,Cust 9960,21.03,2023-04-29,2023-05-01,Cameron,2,3960.0899999999997,2023,4,2,2023-04,3960.09,3939.06,Mid (6–10%)
2025-02-16,South,Printer,18,204.58,Store C,Retail,0.1,Diana,3314.196,Cash,None,0,REG100898,Cust 5906,16.04,2025-02-16,2025-02-22,Sophie,6,3314.196,2025,2,1,2025-02,3314.196,3298.156,Mid (6–10%)
2023-06-05,East,Printer,15,324.58,Store A,Retail,0.15,Diana,4138.395,Debit Card,None,0,REG100899,Cust 6579,24.57,2023-06-05,2023-06-09,Eric,4,4138.3949999999995,2023,6,2,2023-06,4138.395,4113.825000000001,High (11–15%)
2023-08-28,South,Phone,11,393.61,Store D,Wholesale,0.05,Frank,4113.2245,Debit Card,WINTER15,0,REG100900,Cust 1756,32.57,2023-08-28,2023-09-06,Sophie,9,4113.2245,2023,8,3,2023-08,4113.2245,4080.6545,Low (1–5%)
2023-08-01,North,Printer,8,141.28,Store D,Wholesale,0.05,Frank,1073.728,Online,FREESHIP,0,REG100901,Cust 8150,28.69,2023-08-01,2023-08-10,Ryan,9,1073.728,2023,8,3,2023-08,1073.728,1045.038,Low (1–5%)
2025-02-12,West,Phone,13,227.64,Store C,Retail,0.15,Frank,2515.422,Cash,FREESHIP,1,REG100902,Cust 8999,46.67,2025-02-12,2025-02-20,Wendy,8,2515.4219999999996,2025,2,1,2025-02,0.0,-46.67,High (11–15%)
2023-07-03,Central,Laptop,19,341.07,Store C,Retail,0.1,Carlos,5832.297,Cash,WINTER15,0,REG100903,Cust 4277,47.75,2023-07-03,2023-07-06,Cameron,3,5832.2970000000005,2023,7,3,2023-07,5832.297,5784.547,Mid (6–10%)
2025-05-09,Central,Phone,20,324.55,Store B,Wholesale,0.05,Eva,6166.45,Credit Card,WINTER15,1,REG100904,Cust 8751,21.21,2025-05-09,2025-05-13,Cameron,4,6166.45,2025,5,2,2025-05,0.0,-21.21,Low (1–5%)
2024-05-05,West,Desk,16,301.07,Store B,Retail,0.1,Carlos,4335.408,Gift Card,WINTER15,0,REG100905,Cust 2482,5.58,2024-05-05,2024-05-14,Wendy,9,4335.408,2024,5,2,2024-05,4335.408,4329.828,Mid (6–10%)
2024-01-08,South,Monitor,13,285.28,Store D,Retail,0.0,Eva,3708.639999999999,Gift Card,SAVE10,0,REG100906,Cust 4078,31.2,2024-01-08,2024-01-15,Sophie,7,3708.6399999999994,2024,1,1,2024-01,3708.639999999999,3677.439999999999,No Discount
2025-01-13,South,Phone,15,18.04,Store C,Wholesale,0.0,Eva,270.6,Credit Card,SAVE10,1,REG100907,Cust 9091,14.35,2025-01-13,2025-01-17,Sophie,4,270.59999999999997,2025,1,1,2025-01,0.0,-14.35,No Discount
2025-06-12,East,Printer,11,495.44,Store A,Wholesale,0.0,Bob,5449.84,Gift Card,FREESHIP,0,REG100908,Cust 8706,44.77,2025-06-12,2025-06-18,Eric,6,5449.84,2025,6,2,2025-06,5449.84,5405.07,No Discount
2025-04-03,North,Laptop,12,276.42,Store C,Retail,0.15,Carlos,2819.484,Online,None,0,REG100909,Cust 5042,30.57,2025-04-03,2025-04-12,Ryan,9,2819.484,2025,4,2,2025-04,2819.484,2788.9139999999998,High (11–15%)
2023-01-26,Central,Desk,7,228.32,Store C,Wholesale,0.15,Eva,1358.504,Debit Card,FREESHIP,0,REG100910,Cust 3319,22.16,2023-01-26,2023-01-30,Cameron,4,1358.504,2023,1,1,2023-01,1358.504,1336.3439999999998,High (11–15%)
2023-01-07,Central,Monitor,1,498.19,Store A,Wholesale,0.1,Bob,448.371,Gift Card,SAVE10,0,REG100911,Cust 4139,25.55,2023-01-07,2023-01-11,Cameron,4,448.371,2023,1,1,2023-01,448.371,422.82099999999997,Mid (6–10%)
2025-01-15,North,Desk,18,375.83,Store C,Retail,0.1,Carlos,6088.446,Gift Card,None,0,REG100912,Cust 6993,15.13,2025-01-15,2025-01-23,Ryan,8,6088.446,2025,1,1,2025-01,6088.446,6073.316,Mid (6–10%)
2024-11-30,East,Chair,18,130.36,Store B,Wholesale,0.0,Diana,2346.48,Debit Card,SAVE10,0,REG100913,Cust 8397,34.6,2024-11-30,2024-12-05,Eric,5,2346.4800000000005,2024,11,4,2024-11,2346.48,2311.88,No Discount
2024-02-26,East,Monitor,13,585.88,Store B,Retail,0.15,Carlos,6473.973999999999,Credit Card,WINTER15,0,REG100914,Cust 3082,42.18,2024-02-26,2024-03-07,Eric,10,6473.973999999999,2024,2,1,2024-02,6473.973999999999,6431.793999999999,High (11–15%)
2025-06-11,North,Desk,19,278.04,Store B,Retail,0.05,Bob,5018.622,Credit Card,SAVE10,0,REG100915,Cust 1156,16.4,2025-06-11,2025-06-15,Ryan,4,5018.622,2025,6,2,2025-06,5018.622,5002.222000000001,Low (1–5%)
2023-11-29,Central,Phone,11,267.91,Store B,Retail,0.0,Eva,2947.01,Debit Card,None,0,REG100916,Cust 4720,12.05,2023-11-29,2023-12-04,Cameron,5,2947.01,2023,11,4,2023-11,2947.01,2934.96,No Discount
2024-06-27,South,Chair,12,369.54,Store B,Retail,0.05,Diana,4212.756,Debit Card,WINTER15,1,REG100917,Cust 7034,39.16,2024-06-27,2024-07-05,Sophie,8,4212.756,2024,6,2,2024-06,0.0,-39.16,Low (1–5%)
2024-05-20,South,Monitor,13,284.3,Store A,Wholesale,0.05,Bob,3511.105,Online,WINTER15,0,REG100918,Cust 7218,48.73,2024-05-20,2024-05-27,Sophie,7,3511.105,2024,5,2,2024-05,3511.105,3462.375,Low (1–5%)
2023-06-17,West,Chair,12,427.1,Store C,Retail,0.0,Carlos,5125.200000000001,Gift Card,WINTER15,1,REG100919,Cust 2651,8.11,2023-06-17,2023-06-22,Wendy,5,5125.200000000001,2023,6,2,2023-06,0.0,-8.11,No Discount
2024-11-06,East,Monitor,11,200.3,Store D,Retail,0.1,Eva,1982.97,Debit Card,WINTER15,1,REG100920,Cust 1252,48.27,2024-11-06,2024-11-13,Eric,7,1982.9700000000003,2024,11,4,2024-11,0.0,-48.27,Mid (6–10%)
2025-02-12,North,Printer,4,75.8,Store C,Retail,0.15,Carlos,257.72,Credit Card,SAVE10,0,REG100921,Cust 6679,12.22,2025-02-12,2025-02-20,Ryan,8,257.71999999999997,2025,2,1,2025-02,257.72,245.50000000000003,High (11–15%)
2025-04-09,North,Monitor,4,518.43,Store A,Wholesale,0.0,Alice,2073.72,Online,SAVE10,0,REG100922,Cust 1656,30.86,2025-04-09,2025-04-14,Ryan,5,2073.72,2025,4,2,2025-04,2073.72,2042.86,No Discount
2024-08-18,North,Tablet,19,181.18,Store A,Wholesale,0.05,Carlos,3270.299,Credit Card,FREESHIP,0,REG100923,Cust 9361,12.04,2024-08-18,2024-08-26,Ryan,8,3270.299,2024,8,3,2024-08,3270.299,3258.259,Low (1–5%)
2023-02-20,Central,Laptop,3,197.17,Store A,Wholesale,0.05,Frank,561.9345,Gift Card,FREESHIP,1,REG100924,Cust 4270,30.29,2023-02-20,2023-02-23,Cameron,3,561.9345,2023,2,1,2023-02,0.0,-30.29,Low (1–5%)
2025-04-28,North,Laptop,6,81.96,Store D,Wholesale,0.05,Diana,467.172,Credit Card,WINTER15,0,REG100925,Cust 3049,26.43,2025-04-28,2025-05-08,Ryan,10,467.17199999999997,2025,4,2,2025-04,467.172,440.742,Low (1–5%)
2023-08-10,Central,Printer,3,59.78,Store C,Retail,0.0,Eva,179.34,Online,SAVE10,0,REG100926,Cust 6415,46.98,2023-08-10,2023-08-13,Cameron,3,179.34,2023,8,3,2023-08,179.34,132.36,No Discount
2024-06-24,North,Tablet,12,211.66,Store A,Wholesale,0.1,Carlos,2285.928,Credit Card,SAVE10,0,REG100927,Cust 9856,10.36,2024-06-24,2024-06-29,Ryan,5,2285.9280000000003,2024,6,2,2024-06,2285.928,2275.5679999999998,Mid (6–10%)
2023-08-06,Central,Printer,13,69.97,Store A,Wholesale,0.05,Alice,864.1295,Debit Card,None,0,REG100928,Cust 3106,27.66,2023-08-06,2023-08-12,Cameron,6,864.1295,2023,8,3,2023-08,864.1295,836.4695,Low (1–5%)
2024-11-26,East,Tablet,7,438.33,Store C,Retail,0.1,Frank,2761.479,Cash,None,1,REG100929,Cust 3259,11.57,2024-11-26,2024-11-30,Eric,4,2761.479,2024,11,4,2024-11,0.0,-11.57,Mid (6–10%)
2025-02-06,East,Laptop,7,241.81,Store C,Wholesale,0.1,Alice,1523.403,Debit Card,FREESHIP,0,REG100930,Cust 7107,32.94,2025-02-06,2025-02-10,Eric,4,1523.403,2025,2,1,2025-02,1523.403,1490.463,Mid (6–10%)
2025-03-20,East,Desk,3,466.64,Store A,Retail,0.15,Bob,1189.932,Online,FREESHIP,0,REG100931,Cust 7542,30.33,2025-03-20,2025-03-26,Eric,6,1189.932,2025,3,1,2025-03,1189.932,1159.602,High (11–15%)
2024-09-10,South,Monitor,9,472.84,Store D,Retail,0.05,Alice,4042.781999999999,Credit Card,WINTER15,0,REG100932,Cust 6330,48.13,2024-09-10,2024-09-12,Sophie,2,4042.7819999999992,2024,9,3,2024-09,4042.781999999999,3994.6519999999987,Low (1–5%)
2025-02-20,South,Chair,19,586.49,Store A,Wholesale,0.1,Eva,10028.979,Cash,SAVE10,0,REG100933,Cust 1469,19.85,2025-02-20,2025-03-02,Sophie,10,10028.979,2025,2,1,2025-02,10028.979,10009.128999999999,Mid (6–10%)
2023-01-20,East,Chair,15,462.85,Store A,Retail,0.15,Diana,5901.3375,Credit Card,None,0,REG100934,Cust 3698,46.12,2023-01-20,2023-01-26,Eric,6,5901.3375,2023,1,1,2023-01,5901.3375,5855.2175,High (11–15%)
2024-03-03,East,Laptop,1,176.17,Store C,Retail,0.05,Alice,167.3615,Debit Card,None,1,REG100935,Cust 9833,35.77,2024-03-03,2024-03-06,Eric,3,167.36149999999998,2024,3,1,2024-03,0.0,-35.77,Low (1–5%)
2023-11-27,West,Printer,1,71.24,Store A,Retail,0.1,Carlos,64.116,Debit Card,None,1,REG100936,Cust 1074,43.69,2023-11-27,2023-12-03,Wendy,6,64.116,2023,11,4,2023-11,0.0,-43.69,Mid (6–10%)
2024-11-10,East,Laptop,6,62.43,Store A,Wholesale,0.0,Diana,374.58,Gift Card,WINTER15,0,REG100937,Cust 7891,17.85,2024-11-10,2024-11-18,Eric,8,374.58,2024,11,4,2024-11,374.58,356.72999999999996,No Discount
2025-02-04,Central,Tablet,7,569.89,Store D,Wholesale,0.1,Alice,3590.307,Cash,SAVE10,0,REG100938,Cust 3373,26.81,2025-02-04,2025-02-08,Cameron,4,3590.3070000000002,2025,2,1,2025-02,3590.307,3563.497,Mid (6–10%)
2024-02-21,East,Desk,5,34.06,Store D,Wholesale,0.05,Diana,161.785,Gift Card,None,0,REG100939,Cust 9045,19.72,2024-02-21,2024-03-02,Eric,10,161.785,2024,2,1,2024-02,161.785,142.065,Low (1–5%)
2023-03-24,East,Desk,17,502.6,Store A,Wholesale,0.1,Frank,7689.780000000001,Cash,None,0,REG100940,Cust 9197,15.38,2023-03-24,2023-03-29,Eric,5,7689.780000000001,2023,3,1,2023-03,7689.780000000001,7674.400000000001,Mid (6–10%)
2024-05-05,South,Printer,3,89.72,Store D,Wholesale,0.1,Alice,242.244,Gift Card,WINTER15,0,REG100941,Cust 6920,32.67,2024-05-05,2024-05-13,Sophie,8,242.24399999999997,2024,5,2,2024-05,242.244,209.574,Mid (6–10%)
2024-10-04,South,Laptop,18,403.53,Store D,Wholesale,0.1,Alice,6537.186,Online,None,0,REG100942,Cust 9652,35.73,2024-10-04,2024-10-07,Sophie,3,6537.186,2024,10,4,2024-10,6537.186,6501.456,Mid (6–10%)
2025-01-04,South,Chair,2,194.97,Store A,Retail,0.0,Diana,389.94,Credit Card,SAVE10,0,REG100943,Cust 4189,9.89,2025-01-04,2025-01-14,Sophie,10,389.94,2025,1,1,2025-01,389.94,380.05,No Discount
2024-12-23,Central,Printer,12,171.91,Store B,Retail,0.05,Eva,1959.774,Credit Card,WINTER15,0,REG100944,Cust 6267,34.36,2024-12-23,2025-01-02,Cameron,10,1959.774,2024,12,4,2024-12,1959.774,1925.414,Low (1–5%)
2023-01-29,Central,Laptop,17,535.88,Store A,Wholesale,0.05,Bob,8654.462,Gift Card,None,0,REG100945,Cust 7753,26.12,2023-01-29,2023-02-08,Cameron,10,8654.462,2023,1,1,2023-01,8654.462,8628.341999999999,Low (1–5%)
2024-08-11,West,Chair,12,248.13,Store A,Retail,0.05,Alice,2828.682,Cash,FREESHIP,0,REG100946,Cust 2789,26.03,2024-08-11,2024-08-17,Wendy,6,2828.682,2024,8,3,2024-08,2828.682,2802.6519999999996,Low (1–5%)
2023-11-25,North,Phone,2,482.1,Store C,Retail,0.0,Carlos,964.2,Online,FREESHIP,0,REG100947,Cust 3527,45.35,2023-11-25,2023-11-30,Ryan,5,964.2,2023,11,4,2023-11,964.2,918.85,No Discount
2025-03-04,North,Monitor,18,382.01,Store D,Wholesale,0.1,Alice,6188.562000000001,Online,SAVE10,0,REG100948,Cust 9538,36.55,2025-03-04,2025-03-08,Ryan,4,6188.562000000001,2025,3,1,2025-03,6188.562000000001,6152.012000000001,Mid (6–10%)
2025-02-21,North,Phone,13,135.98,Store C,Wholesale,0.0,Frank,1767.74,Online,WINTER15,0,REG100949,Cust 7195,28.35,2025-02-21,2025-03-01,Ryan,8,1767.7399999999998,2025,2,1,2025-02,1767.74,1739.39,No Discount
2025-02-26,East,Desk,9,562.54,Store A,Wholesale,0.0,Alice,5062.86,Credit Card,FREESHIP,0,REG100950,Cust 8929,30.27,2025-02-26,2025-02-28,Eric,2,5062.86,2025,2,1,2025-02,5062.86,5032.589999999999,No Discount
2024-03-29,East,Monitor,6,509.48,Store B,Wholesale,0.0,Alice,3056.88,Debit Card,WINTER15,0,REG100951,Cust 8931,35.92,2024-03-29,2024-04-06,Eric,8,3056.88,2024,3,1,2024-03,3056.88,3020.96,No Discount
2025-05-28,West,Desk,3,470.09,Store B,Wholesale,0.0,Eva,1410.27,Gift Card,None,0,REG100952,Cust 1424,38.29,2025-05-28,2025-06-01,Wendy,4,1410.27,2025,5,2,2025-05,1410.27,1371.98,No Discount
2024-05-24,West,Printer,10,280.8,Store C,Retail,0.0,Alice,2808.0,Credit Card,SAVE10,0,REG100953,Cust 6723,49.98,2024-05-24,2024-05-30,Wendy,6,2808.0,2024,5,2,2024-05,2808.0,2758.02,No Discount
2023-05-12,South,Chair,9,251.43,Store C,Retail,0.1,Frank,2036.583,Credit Card,None,0,REG100954,Cust 8850,22.57,2023-05-12,2023-05-17,Sophie,5,2036.5829999999999,2023,5,2,2023-05,2036.583,2014.0130000000001,Mid (6–10%)
2023-10-11,South,Phone,4,408.28,Store A,Retail,0.15,Alice,1388.152,Cash,WINTER15,0,REG100955,Cust 1722,5.38,2023-10-11,2023-10-15,Sophie,4,1388.1519999999998,2023,10,4,2023-10,1388.152,1382.772,High (11–15%)
2024-01-25,North,Printer,2,27.43,Store B,Retail,0.15,Frank,46.631,Online,WINTER15,0,REG100956,Cust 1211,6.15,2024-01-25,2024-02-01,Ryan,7,46.631,2024,1,1,2024-01,46.631,40.481,High (11–15%)
2023-02-03,East,Phone,11,321.72,Store A,Retail,0.1,Carlos,3185.028,Online,WINTER15,1,REG100957,Cust 9384,17.94,2023-02-03,2023-02-06,Eric,3,3185.0280000000002,2023,2,1,2023-02,0.0,-17.94,Mid (6–10%)
2024-07-08,North,Desk,5,186.32,Store A,Wholesale,0.1,Carlos,838.4399999999999,Gift Card,WINTER15,0,REG100958,Cust 3809,17.09,2024-07-08,2024-07-14,Ryan,6,838.4399999999999,2024,7,3,2024-07,838.4399999999999,821.3499999999999,Mid (6–10%)
2025-05-31,South,Monitor,3,390.28,Store B,Retail,0.0,Frank,1170.84,Online,WINTER15,1,REG100959,Cust 9338,45.22,2025-05-31,2025-06-10,Sophie,10,1170.84,2025,5,2,2025-05,0.0,-45.22,No Discount
2023-11-09,South,Monitor,13,174.9,Store A,Wholesale,0.15,Carlos,1932.645,Online,WINTER15,0,REG100960,Cust 1822,31.26,2023-11-09,2023-11-12,Sophie,3,1932.6450000000002,2023,11,4,2023-11,1932.645,1901.385,High (11–15%)
2023-07-06,North,Chair,8,419.13,Store A,Retail,0.1,Alice,3017.736,Online,None,1,REG100961,Cust 8260,11.02,2023-07-06,2023-07-10,Ryan,4,3017.736,2023,7,3,2023-07,0.0,-11.02,Mid (6–10%)
2023-07-14,North,Chair,12,116.96,Store D,Wholesale,0.0,Alice,1403.52,Gift Card,WINTER15,0,REG100962,Cust 7088,22.04,2023-07-14,2023-07-22,Ryan,8,1403.52,2023,7,3,2023-07,1403.52,1381.48,No Discount
2023-11-13,West,Chair,11,323.72,Store A,Wholesale,0.1,Bob,3204.828,Gift Card,WINTER15,0,REG100963,Cust 4969,7.52,2023-11-13,2023-11-15,Wendy,2,3204.828,2023,11,4,2023-11,3204.828,3197.308,Mid (6–10%)
2025-02-02,West,Tablet,11,155.49,Store D,Retail,0.05,Frank,1624.8705,Cash,None,0,REG100964,Cust 9046,47.01,2025-02-02,2025-02-12,Wendy,10,1624.8705,2025,2,1,2025-02,1624.8705,1577.8605,Low (1–5%)
2024-05-06,South,Printer,20,270.2,Store A,Wholesale,0.0,Diana,5404.0,Credit Card,WINTER15,0,REG100965,Cust 6859,6.8,2024-05-06,2024-05-15,Sophie,9,5404.0,2024,5,2,2024-05,5404.0,5397.2,No Discount
2024-10-17,South,Printer,15,482.08,Store D,Retail,0.1,Eva,6508.08,Debit Card,FREESHIP,1,REG100966,Cust 2800,13.35,2024-10-17,2024-10-19,Sophie,2,6508.08,2024,10,4,2024-10,0.0,-13.35,Mid (6–10%)
2025-01-29,North,Laptop,11,431.51,Store C,Wholesale,0.1,Carlos,4271.949,Debit Card,SAVE10,0,REG100967,Cust 1146,22.83,2025-01-29,2025-02-05,Ryan,7,4271.949,2025,1,1,2025-01,4271.949,4249.119,Mid (6–10%)
2025-03-23,Central,Chair,5,302.76,Store D,Wholesale,0.0,Carlos,1513.8,Gift Card,FREESHIP,1,REG100968,Cust 6447,46.69,2025-03-23,2025-03-29,Cameron,6,1513.8,2025,3,1,2025-03,0.0,-46.69,No Discount
2024-04-11,West,Chair,19,344.92,Store C,Wholesale,0.0,Eva,6553.48,Cash,WINTER15,0,REG100969,Cust 8519,6.91,2024-04-11,2024-04-20,Wendy,9,6553.4800000000005,2024,4,2,2024-04,6553.48,6546.57,No Discount
2024-05-03,Central,Chair,7,511.46,Store C,Retail,0.1,Eva,3222.198,Cash,FREESHIP,0,REG100970,Cust 3422,19.2,2024-05-03,2024-05-12,Cameron,9,3222.198,2024,5,2,2024-05,3222.198,3202.998,Mid (6–10%)
2024-10-14,East,Monitor,7,150.6,Store A,Wholesale,0.15,Bob,896.07,Cash,WINTER15,1,REG100971,Cust 9638,15.52,2024-10-14,2024-10-21,Eric,7,896.07,2024,10,4,2024-10,0.0,-15.52,High (11–15%)
2024-02-08,West,Phone,8,158.02,Store C,Wholesale,0.15,Diana,1074.536,Credit Card,FREESHIP,0,REG100972,Cust 6438,47.43,2024-02-08,2024-02-13,Wendy,5,1074.536,2024,2,1,2024-02,1074.536,1027.106,High (11–15%)
2023-05-10,Central,Tablet,2,536.18,Store B,Retail,0.1,Frank,965.1239999999999,Credit Card,FREESHIP,0,REG100973,Cust 1724,34.75,2023-05-10,2023-05-13,Cameron,3,965.1239999999999,2023,5,2,2023-05,965.1239999999999,930.3739999999999,Mid (6–10%)
2023-03-03,North,Chair,16,571.26,Store C,Wholesale,0.15,Bob,7769.136,Gift Card,SAVE10,0,REG100974,Cust 7808,6.13,2023-03-03,2023-03-12,Ryan,9,7769.1359999999995,2023,3,1,2023-03,7769.136,7763.006,High (11–15%)
2025-05-21,Central,Tablet,12,134.42,Store D,Retail,0.1,Diana,1451.736,Gift Card,FREESHIP,0,REG100975,Cust 3045,33.98,2025-05-21,2025-05-27,Cameron,6,1451.736,2025,5,2,2025-05,1451.736,1417.756,Mid (6–10%)
2025-04-30,Central,Laptop,5,563.7,Store A,Retail,0.0,Bob,2818.5,Online,SAVE10,0,REG100976,Cust 7348,29.28,2025-04-30,2025-05-07,Cameron,7,2818.5,2025,4,2,2025-04,2818.5,2789.22,No Discount
2023-04-02,North,Phone,11,546.57,Store D,Retail,0.15,Bob,5110.4295,Credit Card,SAVE10,1,REG100977,Cust 5666,24.77,2023-04-02,2023-04-04,Ryan,2,5110.4295,2023,4,2,2023-04,0.0,-24.77,High (11–15%)
2024-08-26,North,Monitor,9,364.88,Store C,Wholesale,0.05,Bob,3119.724,Cash,SAVE10,0,REG100978,Cust 4002,40.26,2024-08-26,2024-09-05,Ryan,10,3119.7239999999997,2024,8,3,2024-08,3119.724,3079.464,Low (1–5%)
2023-11-10,South,Monitor,7,368.27,Store C,Wholesale,0.15,Carlos,2191.2065,Online,WINTER15,0,REG100979,Cust 6675,28.98,2023-11-10,2023-11-20,Sophie,10,2191.2065,2023,11,4,2023-11,2191.2065,2162.2264999999998,High (11–15%)
2025-01-27,Central,Printer,20,537.28,Store C,Wholesale,0.0,Frank,10745.6,Online,None,1,REG100980,Cust 5462,15.6,2025-01-27,2025-02-02,Cameron,6,10745.599999999999,2025,1,1,2025-01,0.0,-15.6,No Discount
2024-04-26,South,Phone,3,103.09,Store D,Wholesale,0.0,Carlos,309.27,Gift Card,SAVE10,1,REG100981,Cust 3471,46.47,2024-04-26,2024-04-30,Sophie,4,309.27,2024,4,2,2024-04,0.0,-46.47,No Discount
2023-11-27,East,Tablet,9,97.56,Store A,Wholesale,0.0,Alice,878.04,Online,None,0,REG100982,Cust 1603,48.84,2023-11-27,2023-12-01,Eric,4,878.04,2023,11,4,2023-11,878.04,829.1999999999999,No Discount
2023-03-30,Central,Tablet,10,338.75,Store A,Wholesale,0.15,Carlos,2879.375,Cash,WINTER15,1,REG100983,Cust 7758,36.56,2023-03-30,2023-04-06,Cameron,7,2879.375,2023,3,1,2023-03,0.0,-36.56,High (11–15%)
2024-03-04,North,Desk,2,239.04,Store A,Wholesale,0.0,Bob,478.08,Debit Card,SAVE10,1,REG100984,Cust 3396,43.84,2024-03-04,2024-03-11,Ryan,7,478.08,2024,3,1,2024-03,0.0,-43.84,No Discount
2023-07-11,South,Laptop,14,362.44,Store C,Wholesale,0.1,Bob,4566.744,Cash,WINTER15,0,REG100985,Cust 4797,36.73,2023-07-11,2023-07-15,Sophie,4,4566.744,2023,7,3,2023-07,4566.744,4530.014,Mid (6–10%)
2024-09-20,West,Monitor,6,551.13,Store D,Retail,0.0,Carlos,3306.78,Gift Card,FREESHIP,0,REG100986,Cust 1113,14.67,2024-09-20,2024-09-29,Wendy,9,3306.7799999999997,2024,9,3,2024-09,3306.78,3292.11,No Discount
2025-02-18,West,Laptop,1,82.06,Store D,Retail,0.1,Eva,73.854,Credit Card,FREESHIP,0,REG100987,Cust 8843,11.11,2025-02-18,2025-02-24,Wendy,6,73.854,2025,2,1,2025-02,73.854,62.744,Mid (6–10%)
2024-07-16,East,Tablet,7,498.46,Store C,Wholesale,0.15,Carlos,2965.837,Gift Card,None,0,REG100988,Cust 7505,42.72,2024-07-16,2024-07-20,Eric,4,2965.8369999999995,2024,7,3,2024-07,2965.837,2923.117,High (11–15%)
2023-11-23,East,Chair,2,253.41,Store D,Retail,0.1,Frank,456.138,Cash,FREESHIP,0,REG100989,Cust 9490,49.64,2023-11-23,2023-11-25,Eric,2,456.138,2023,11,4,2023-11,456.138,406.498,Mid (6–10%)
2023-09-07,South,Phone,16,144.07,Store D,Wholesale,0.1,Eva,2074.608,Debit Card,FREESHIP,0,REG100990,Cust 8631,7.33,2023-09-07,2023-09-09,Sophie,2,2074.608,2023,9,3,2023-09,2074.608,2067.2780000000002,Mid (6–10%)
2024-02-01,West,Monitor,11,201.09,Store C,Retail,0.15,Carlos,1880.1915,Cash,None,1,REG100991,Cust 6986,48.42,2024-02-01,2024-02-04,Wendy,3,1880.1915000000001,2024,2,1,2024-02,0.0,-48.42,High (11–15%)
2025-05-08,South,Chair,11,585.45,Store D,Wholesale,0.1,Alice,5795.955000000001,Credit Card,WINTER15,0,REG100992,Cust 9636,36.59,2025-05-08,2025-05-12,Sophie,4,5795.955000000001,2025,5,2,2025-05,5795.955000000001,5759.365000000001,Mid (6–10%)
2025-01-17,North,Laptop,3,448.77,Store A,Retail,0.0,Alice,1346.31,Online,FREESHIP,0,REG100993,Cust 7367,28.5,2025-01-17,2025-01-24,Ryan,7,1346.31,2025,1,1,2025-01,1346.31,1317.81,No Discount
2023-09-02,East,Monitor,9,184.43,Store D,Wholesale,0.0,Carlos,1659.87,Online,WINTER15,0,REG100994,Cust 1943,30.78,2023-09-02,2023-09-08,Eric,6,1659.8700000000001,2023,9,3,2023-09,1659.87,1629.09,No Discount
2023-06-23,Central,Laptop,16,594.1,Store D,Retail,0.0,Bob,9505.6,Gift Card,FREESHIP,0,REG100995,Cust 6368,18.2,2023-06-23,2023-07-01,Cameron,8,9505.6,2023,6,2,2023-06,9505.6,9487.4,No Discount
2024-01-20,East,Laptop,19,482.07,Store B,Wholesale,0.1,Bob,8243.397,Credit Card,None,0,REG100996,Cust 9724,25.96,2024-01-20,2024-01-26,Eric,6,8243.397,2024,1,1,2024-01,8243.397,8217.437000000002,Mid (6–10%)
2024-06-26,East,Chair,20,75.45,Store B,Wholesale,0.05,Eva,1433.55,Credit Card,SAVE10,0,REG100997,Cust 1983,44.77,2024-06-26,2024-07-06,Eric,10,1433.55,2024,6,2,2024-06,1433.55,1388.78,Low (1–5%)
2024-12-12,Central,Monitor,2,494.22,Store C,Retail,0.1,Carlos,889.5960000000001,Gift Card,FREESHIP,0,REG100998,Cust 8723,13.45,2024-12-12,2024-12-17,Cameron,5,889.5960000000001,2024,12,4,2024-12,889.5960000000001,876.1460000000001,Mid (6–10%)
2024-02-21,East,Laptop,15,112.82,Store B,Wholesale,0.05,Frank,1607.685,Credit Card,WINTER15,0,REG100999,Cust 1901,18.21,2024-02-21,2024-03-01,Eric,9,1607.685,2024,2,1,2024-02,1607.685,1589.475,Low (1–5%)
2023-07-18,East,Desk,3,121.56,Store D,Wholesale,0.0,Eva,364.68,Debit Card,WINTER15,0,REG101000,Cust 9682,29.06,2023-07-18,2023-07-25,Eric,7,364.68,2023,7,3,2023-07,364.68,335.62,No Discount
2024-10-02,North,Desk,12,465.94,Store D,Wholesale,0.0,Alice,5591.28,Credit Card,WINTER15,0,REG101001,Cust 5413,34.16,2024-10-02,2024-10-06,Ryan,4,5591.28,2024,10,4,2024-10,5591.28,5557.12,No Discount
2024-12-01,West,Phone,12,187.8,Store D,Wholesale,0.15,Diana,1915.56,Online,FREESHIP,0,REG101002,Cust 9590,17.74,2024-12-01,2024-12-04,Wendy,3,1915.5600000000002,2024,12,4,2024-12,1915.56,1897.82,High (11–15%)
2024-09-03,East,Desk,1,561.3,Store D,Retail,0.15,Frank,477.105,Gift Card,None,0,REG101003,Cust 9379,5.19,2024-09-03,2024-09-12,Eric,9,477.10499999999996,2024,9,3,2024-09,477.105,471.915,High (11–15%)
2025-02-22,West,Printer,7,178.26,Store C,Retail,0.15,Bob,1060.647,Online,FREESHIP,0,REG101004,Cust 4722,44.91,2025-02-22,2025-03-01,Wendy,7,1060.647,2025,2,1,2025-02,1060.647,1015.737,High (11–15%)
2025-05-11,West,Monitor,20,552.83,Store D,Retail,0.15,Eva,9398.11,Online,FREESHIP,1,REG101005,Cust 7152,20.5,2025-05-11,2025-05-13,Wendy,2,9398.11,2025,5,2,2025-05,0.0,-20.5,High (11–15%)
2024-12-20,Central,Tablet,2,458.25,Store B,Wholesale,0.0,Eva,916.5,Gift Card,SAVE10,0,REG101006,Cust 7255,25.94,2024-12-20,2024-12-29,Cameron,9,916.5,2024,12,4,2024-12,916.5,890.56,No Discount
2023-04-18,East,Laptop,2,129.43,Store D,Retail,0.05,Alice,245.917,Debit Card,FREESHIP,0,REG101007,Cust 9593,6.91,2023-04-18,2023-04-21,Eric,3,245.917,2023,4,2,2023-04,245.917,239.007,Low (1–5%)
2024-08-29,East,Printer,19,448.21,Store C,Wholesale,0.1,Alice,7664.391,Debit Card,WINTER15,0,REG101008,Cust 3829,30.71,2024-08-29,2024-09-03,Eric,5,7664.391,2024,8,3,2024-08,7664.391,7633.681,Mid (6–10%)
2023-09-03,North,Desk,16,440.48,Store B,Retail,0.05,Frank,6695.296,Cash,FREESHIP,1,REG101009,Cust 2561,26.87,2023-09-03,2023-09-10,Ryan,7,6695.296,2023,9,3,2023-09,0.0,-26.87,Low (1–5%)
2025-05-19,East,Laptop,8,262.62,Store C,Wholesale,0.0,Alice,2100.96,Cash,FREESHIP,1,REG101010,Cust 8387,36.73,2025-05-19,2025-05-24,Eric,5,2100.96,2025,5,2,2025-05,0.0,-36.73,No Discount
2023-06-18,East,Tablet,15,124.91,Store A,Wholesale,0.1,Eva,1686.285,Gift Card,FREESHIP,0,REG101011,Cust 2860,31.95,2023-06-18,2023-06-26,Eric,8,1686.2849999999999,2023,6,2,2023-06,1686.285,1654.335,Mid (6–10%)
2025-06-18,West,Monitor,9,391.0,Store D,Wholesale,0.1,Eva,3167.1,Debit Card,WINTER15,0,REG101012,Cust 7794,46.76,2025-06-18,2025-06-22,Wendy,4,3167.1,2025,6,2,2025-06,3167.1,3120.3399999999997,Mid (6–10%)
2024-09-29,South,Laptop,12,204.15,Store C,Retail,0.05,Alice,2327.31,Debit Card,FREESHIP,1,REG101013,Cust 6075,26.4,2024-09-29,2024-10-07,Sophie,8,2327.31,2024,9,3,2024-09,0.0,-26.4,Low (1–5%)
2024-02-25,East,Laptop,20,13.64,Store C,Retail,0.15,Frank,231.88,Credit Card,SAVE10,0,REG101014,Cust 4337,33.6,2024-02-25,2024-03-04,Eric,8,231.88,2024,2,1,2024-02,231.88,198.28,High (11–15%)
2024-03-21,North,Printer,14,524.9,Store C,Wholesale,0.05,Alice,6981.169999999999,Cash,FREESHIP,1,REG101015,Cust 2540,20.23,2024-03-21,2024-03-30,Ryan,9,6981.169999999999,2024,3,1,2024-03,0.0,-20.23,Low (1–5%)
2024-02-03,North,Laptop,8,143.95,Store B,Retail,0.1,Diana,1036.44,Cash,SAVE10,0,REG101016,Cust 3944,28.09,2024-02-03,2024-02-09,Ryan,6,1036.44,2024,2,1,2024-02,1036.44,1008.35,Mid (6–10%)
2023-11-21,South,Laptop,2,576.84,Store D,Retail,0.1,Frank,1038.312,Credit Card,FREESHIP,0,REG101017,Cust 8876,43.32,2023-11-21,2023-11-24,Sophie,3,1038.3120000000001,2023,11,4,2023-11,1038.312,994.9919999999998,Mid (6–10%)
2023-01-10,West,Chair,14,250.98,Store C,Retail,0.0,Eva,3513.72,Debit Card,None,0,REG101018,Cust 3286,14.94,2023-01-10,2023-01-18,Wendy,8,3513.72,2023,1,1,2023-01,3513.72,3498.7799999999997,No Discount
2023-02-06,Central,Phone,7,335.41,Store C,Retail,0.0,Bob,2347.87,Online,SAVE10,0,REG101019,Cust 4990,18.91,2023-02-06,2023-02-10,Cameron,4,2347.8700000000003,2023,2,1,2023-02,2347.87,2328.96,No Discount
2025-04-10,North,Printer,11,204.5,Store A,Retail,0.0,Eva,2249.5,Debit Card,WINTER15,0,REG101020,Cust 8706,13.82,2025-04-10,2025-04-20,Ryan,10,2249.5,2025,4,2,2025-04,2249.5,2235.68,No Discount
2024-02-14,East,Tablet,1,542.63,Store A,Retail,0.05,Carlos,515.4984999999999,Credit Card,None,0,REG101021,Cust 2608,33.2,2024-02-14,2024-02-21,Eric,7,515.4984999999999,2024,2,1,2024-02,515.4984999999999,482.29849999999993,Low (1–5%)
2025-05-26,East,Phone,1,204.54,Store D,Retail,0.1,Carlos,184.086,Online,None,1,REG101022,Cust 3290,17.76,2025-05-26,2025-05-29,Eric,3,184.08599999999998,2025,5,2,2025-05,0.0,-17.76,Mid (6–10%)
2023-09-12,West,Chair,10,419.58,Store A,Wholesale,0.15,Eva,3566.43,Debit Card,FREESHIP,0,REG101023,Cust 3892,13.09,2023-09-12,2023-09-19,Wendy,7,3566.43,2023,9,3,2023-09,3566.43,3553.3399999999997,High (11–15%)
2023-05-17,East,Desk,7,87.88,Store C,Wholesale,0.15,Alice,522.886,Online,WINTER15,1,REG101024,Cust 6979,22.2,2023-05-17,2023-05-26,Eric,9,522.886,2023,5,2,2023-05,0.0,-22.2,High (11–15%)
2024-01-29,West,Printer,7,386.88,Store B,Wholesale,0.05,Carlos,2572.752,Cash,SAVE10,0,REG101025,Cust 9375,38.46,2024-01-29,2024-01-31,Wendy,2,2572.752,2024,1,1,2024-01,2572.752,2534.292,Low (1–5%)
2025-05-09,North,Desk,4,242.8,Store D,Wholesale,0.05,Diana,922.64,Debit Card,FREESHIP,0,REG101026,Cust 9311,30.03,2025-05-09,2025-05-18,Ryan,9,922.64,2025,5,2,2025-05,922.64,892.61,Low (1–5%)
2024-04-05,East,Printer,4,410.59,Store A,Retail,0.0,Eva,1642.36,Cash,None,0,REG101027,Cust 4097,17.36,2024-04-05,2024-04-09,Eric,4,1642.36,2024,4,2,2024-04,1642.36,1625.0,No Discount
2024-08-01,South,Chair,3,10.93,Store D,Wholesale,0.15,Eva,27.8715,Cash,FREESHIP,0,REG101028,Cust 6145,19.01,2024-08-01,2024-08-10,Sophie,9,27.871499999999997,2024,8,3,2024-08,27.8715,8.8615,High (11–15%)
2024-07-10,South,Chair,20,150.16,Store C,Wholesale,0.0,Bob,3003.2,Cash,None,0,REG101029,Cust 8124,41.66,2024-07-10,2024-07-12,Sophie,2,3003.2,2024,7,3,2024-07,3003.2,2961.54,No Discount
2024-06-15,East,Chair,1,394.41,Store B,Retail,0.1,Alice,354.9690000000001,Gift Card,WINTER15,0,REG101030,Cust 7826,6.37,2024-06-15,2024-06-20,Eric,5,354.96900000000005,2024,6,2,2024-06,354.9690000000001,348.5990000000001,Mid (6–10%)
2024-05-22,East,Monitor,6,535.38,Store C,Wholesale,0.15,Alice,2730.438,Online,None,0,REG101031,Cust 3472,48.66,2024-05-22,2024-05-29,Eric,7,2730.4379999999996,2024,5,2,2024-05,2730.438,2681.7780000000002,High (11–15%)
2024-01-14,East,Monitor,19,407.82,Store D,Retail,0.05,Diana,7361.151,Gift Card,FREESHIP,0,REG101032,Cust 4266,38.98,2024-01-14,2024-01-18,Eric,4,7361.151,2024,1,1,2024-01,7361.151,7322.171,Low (1–5%)
2024-10-31,North,Tablet,16,120.83,Store B,Retail,0.05,Carlos,1836.616,Cash,WINTER15,1,REG101033,Cust 8492,39.64,2024-10-31,2024-11-02,Ryan,2,1836.616,2024,10,4,2024-10,0.0,-39.64,Low (1–5%)
2024-04-23,West,Printer,7,39.53,Store D,Retail,0.1,Carlos,249.039,Debit Card,WINTER15,0,REG101034,Cust 7354,18.16,2024-04-23,2024-04-29,Wendy,6,249.03900000000004,2024,4,2,2024-04,249.039,230.879,Mid (6–10%)
2023-06-14,South,Tablet,2,224.08,Store A,Retail,0.05,Frank,425.752,Credit Card,WINTER15,0,REG101035,Cust 6672,47.35,2023-06-14,2023-06-20,Sophie,6,425.752,2023,6,2,2023-06,425.752,378.402,Low (1–5%)
2024-02-28,North,Printer,11,382.08,Store D,Wholesale,0.05,Frank,3992.736,Cash,WINTER15,0,REG101036,Cust 5589,5.95,2024-02-28,2024-03-02,Ryan,3,3992.736,2024,2,1,2024-02,3992.736,3986.786,Low (1–5%)
2024-06-19,South,Printer,9,88.49,Store D,Wholesale,0.05,Diana,756.5894999999999,Online,None,0,REG101037,Cust 2770,35.6,2024-06-19,2024-06-26,Sophie,7,756.5894999999999,2024,6,2,2024-06,756.5894999999999,720.9894999999999,Low (1–5%)
2023-03-18,Central,Tablet,20,139.1,Store C,Wholesale,0.05,Carlos,2642.9,Online,FREESHIP,0,REG101038,Cust 7206,30.22,2023-03-18,2023-03-20,Cameron,2,2642.9,2023,3,1,2023-03,2642.9,2612.6800000000003,Low (1–5%)
2023-03-21,West,Desk,19,322.35,Store D,Wholesale,0.1,Alice,5512.185,Debit Card,WINTER15,0,REG101039,Cust 1580,30.06,2023-03-21,2023-03-31,Wendy,10,5512.185,2023,3,1,2023-03,5512.185,5482.125,Mid (6–10%)
2024-05-28,East,Printer,16,334.55,Store B,Wholesale,0.1,Eva,4817.52,Credit Card,SAVE10,0,REG101040,Cust 5313,37.42,2024-05-28,2024-06-01,Eric,4,4817.52,2024,5,2,2024-05,4817.52,4780.1,Mid (6–10%)
2023-03-27,West,Desk,20,332.48,Store B,Wholesale,0.0,Eva,6649.6,Online,SAVE10,1,REG101041,Cust 4209,7.79,2023-03-27,2023-03-30,Wendy,3,6649.6,2023,3,1,2023-03,0.0,-7.79,No Discount
2023-06-19,Central,Printer,1,123.4,Store A,Retail,0.0,Eva,123.4,Cash,None,1,REG101042,Cust 5861,12.63,2023-06-19,2023-06-25,Cameron,6,123.4,2023,6,2,2023-06,0.0,-12.63,No Discount
2023-10-31,South,Laptop,3,88.26,Store D,Wholesale,0.05,Bob,251.541,Debit Card,FREESHIP,0,REG101043,Cust 6348,46.45,2023-10-31,2023-11-07,Sophie,7,251.54100000000003,2023,10,4,2023-10,251.541,205.091,Low (1–5%)
2023-07-11,West,Phone,13,50.51,Store D,Wholesale,0.1,Alice,590.967,Debit Card,WINTER15,0,REG101044,Cust 5210,40.57,2023-07-11,2023-07-18,Wendy,7,590.967,2023,7,3,2023-07,590.967,550.3969999999999,Mid (6–10%)
2023-05-19,South,Monitor,11,237.99,Store D,Wholesale,0.05,Bob,2486.9955,Debit Card,FREESHIP,0,REG101045,Cust 7325,44.7,2023-05-19,2023-05-28,Sophie,9,2486.9955,2023,5,2,2023-05,2486.9955,2442.2955,Low (1–5%)
2023-08-05,North,Chair,7,294.95,Store D,Wholesale,0.0,Frank,2064.65,Online,FREESHIP,0,REG101046,Cust 5818,15.78,2023-08-05,2023-08-10,Ryan,5,2064.65,2023,8,3,2023-08,2064.65,2048.87,No Discount
2023-03-24,West,Desk,8,384.3,Store C,Wholesale,0.1,Frank,2766.96,Gift Card,FREESHIP,0,REG101047,Cust 7773,48.83,2023-03-24,2023-04-03,Wendy,10,2766.96,2023,3,1,2023-03,2766.96,2718.13,Mid (6–10%)
2025-02-14,West,Monitor,1,378.35,Store C,Wholesale,0.05,Diana,359.4325,Cash,FREESHIP,0,REG101048,Cust 3960,20.97,2025-02-14,2025-02-17,Wendy,3,359.4325,2025,2,1,2025-02,359.4325,338.4625,Low (1–5%)
2024-12-14,North,Desk,1,461.35,Store D,Retail,0.0,Bob,461.35,Debit Card,FREESHIP,1,REG101049,Cust 4496,43.74,2024-12-14,2024-12-16,Ryan,2,461.35,2024,12,4,2024-12,0.0,-43.74,No Discount
2023-06-28,South,Printer,20,354.9,Store A,Wholesale,0.0,Bob,7098.0,Gift Card,WINTER15,0,REG101050,Cust 3875,43.24,2023-06-28,2023-07-01,Sophie,3,7098.0,2023,6,2,2023-06,7098.0,7054.76,No Discount
2023-01-24,West,Desk,7,438.41,Store C,Retail,0.1,Diana,2761.983,Debit Card,SAVE10,1,REG101051,Cust 7232,47.77,2023-01-24,2023-01-28,Wendy,4,2761.983,2023,1,1,2023-01,0.0,-47.77,Mid (6–10%)
2024-06-21,Central,Tablet,14,542.6,Store C,Retail,0.05,Eva,7216.58,Debit Card,None,0,REG101052,Cust 2137,44.76,2024-06-21,2024-06-30,Cameron,9,7216.58,2024,6,2,2024-06,7216.58,7171.82,Low (1–5%)
2025-04-09,North,Printer,3,238.82,Store C,Retail,0.1,Bob,644.8140000000001,Gift Card,WINTER15,0,REG101053,Cust 4537,37.07,2025-04-09,2025-04-18,Ryan,9,644.8140000000001,2025,4,2,2025-04,644.8140000000001,607.744,Mid (6–10%)
2025-01-11,North,Tablet,16,332.19,Store C,Retail,0.1,Eva,4783.536,Credit Card,SAVE10,1,REG101054,Cust 6274,34.97,2025-01-11,2025-01-19,Ryan,8,4783.536,2025,1,1,2025-01,0.0,-34.97,Mid (6–10%)
2024-07-13,Central,Printer,9,454.6,Store D,Wholesale,0.05,Carlos,3886.83,Debit Card,None,0,REG101055,Cust 3810,32.86,2024-07-13,2024-07-20,Cameron,7,3886.83,2024,7,3,2024-07,3886.83,3853.97,Low (1–5%)
2025-01-04,West,Printer,6,540.54,Store A,Retail,0.05,Carlos,3081.078,Debit Card,SAVE10,0,REG101056,Cust 5002,19.77,2025-01-04,2025-01-10,Wendy,6,3081.0779999999995,2025,1,1,2025-01,3081.078,3061.308,Low (1–5%)
2023-10-25,West,Desk,14,147.37,Store D,Wholesale,0.15,Frank,1753.703,Debit Card,WINTER15,1,REG101057,Cust 8551,45.75,2023-10-25,2023-10-31,Wendy,6,1753.7030000000002,2023,10,4,2023-10,0.0,-45.75,High (11–15%)
2023-09-30,South,Laptop,7,421.12,Store D,Wholesale,0.15,Diana,2505.664,Gift Card,None,0,REG101058,Cust 8837,44.49,2023-09-30,2023-10-02,Sophie,2,2505.664,2023,9,3,2023-09,2505.664,2461.1740000000004,High (11–15%)
2023-03-16,North,Phone,20,436.32,Store D,Retail,0.0,Diana,8726.4,Credit Card,FREESHIP,1,REG101059,Cust 6523,37.49,2023-03-16,2023-03-26,Ryan,10,8726.4,2023,3,1,2023-03,0.0,-37.49,No Discount
2023-07-26,North,Laptop,18,436.83,Store A,Wholesale,0.1,Bob,7076.646,Credit Card,SAVE10,0,REG101060,Cust 1947,28.8,2023-07-26,2023-08-02,Ryan,7,7076.646,2023,7,3,2023-07,7076.646,7047.846,Mid (6–10%)
2023-07-10,East,Monitor,2,327.57,Store A,Retail,0.05,Diana,622.3829999999999,Debit Card,None,0,REG101061,Cust 3440,19.49,2023-07-10,2023-07-19,Eric,9,622.3829999999999,2023,7,3,2023-07,622.3829999999999,602.8929999999999,Low (1–5%)
2024-08-06,East,Printer,18,166.92,Store C,Wholesale,0.05,Alice,2854.332,Gift Card,WINTER15,0,REG101062,Cust 4102,9.35,2024-08-06,2024-08-16,Eric,10,2854.332,2024,8,3,2024-08,2854.332,2844.982,Low (1–5%)
2024-07-16,Central,Phone,14,300.38,Store A,Retail,0.1,Alice,3784.788,Online,None,0,REG101063,Cust 4145,38.6,2024-07-16,2024-07-19,Cameron,3,3784.788,2024,7,3,2024-07,3784.788,3746.188,Mid (6–10%)
2024-01-31,North,Printer,5,232.29,Store A,Wholesale,0.0,Alice,1161.45,Online,None,1,REG101064,Cust 5206,42.38,2024-01-31,2024-02-09,Ryan,9,1161.45,2024,1,1,2024-01,0.0,-42.38,No Discount
2023-04-22,Central,Tablet,1,173.44,Store A,Retail,0.0,Bob,173.44,Gift Card,FREESHIP,0,REG101065,Cust 4022,32.83,2023-04-22,2023-04-24,Cameron,2,173.44,2023,4,2,2023-04,173.44,140.61,No Discount
2025-02-04,East,Phone,9,256.14,Store A,Retail,0.15,Frank,1959.471,Credit Card,SAVE10,1,REG101066,Cust 8676,5.21,2025-02-04,2025-02-07,Eric,3,1959.4709999999998,2025,2,1,2025-02,0.0,-5.21,High (11–15%)
2024-08-25,Central,Laptop,12,461.3,Store D,Wholesale,0.15,Diana,4705.26,Gift Card,FREESHIP,0,REG101067,Cust 7492,8.6,2024-08-25,2024-09-03,Cameron,9,4705.26,2024,8,3,2024-08,4705.26,4696.66,High (11–15%)
2023-08-30,East,Phone,1,193.08,Store A,Wholesale,0.05,Frank,183.426,Online,SAVE10,0,REG101068,Cust 3150,23.99,2023-08-30,2023-09-05,Eric,6,183.42600000000002,2023,8,3,2023-08,183.426,159.43599999999998,Low (1–5%)
2023-09-06,West,Chair,3,312.97,Store C,Retail,0.05,Eva,891.9645,Credit Card,None,1,REG101069,Cust 7872,20.06,2023-09-06,2023-09-12,Wendy,6,891.9645,2023,9,3,2023-09,0.0,-20.06,Low (1–5%)
2025-05-13,South,Laptop,6,214.14,Store D,Wholesale,0.05,Diana,1220.598,Cash,FREESHIP,0,REG101070,Cust 8762,44.86,2025-05-13,2025-05-21,Sophie,8,1220.598,2025,5,2,2025-05,1220.598,1175.738,Low (1–5%)
2023-10-29,North,Phone,4,59.8,Store D,Retail,0.1,Frank,215.28,Online,FREESHIP,0,REG101071,Cust 4004,42.59,2023-10-29,2023-11-06,Ryan,8,215.28,2023,10,4,2023-10,215.28,172.69,Mid (6–10%)
2024-06-12,East,Laptop,9,418.0,Store C,Wholesale,0.0,Bob,3762.0,Credit Card,WINTER15,0,REG101072,Cust 2781,30.45,2024-06-12,2024-06-18,Eric,6,3762.0,2024,6,2,2024-06,3762.0,3731.55,No Discount
2023-02-02,South,Chair,1,80.96,Store A,Wholesale,0.0,Bob,80.96,Credit Card,FREESHIP,0,REG101073,Cust 9982,48.07,2023-02-02,2023-02-05,Sophie,3,80.96,2023,2,1,2023-02,80.96,32.88999999999999,No Discount
2023-05-04,East,Phone,20,42.12,Store B,Wholesale,0.15,Alice,716.04,Credit Card,None,0,REG101074,Cust 9561,43.22,2023-05-04,2023-05-12,Eric,8,716.04,2023,5,2,2023-05,716.04,672.8199999999999,High (11–15%)
2023-05-24,West,Monitor,3,366.65,Store D,Wholesale,0.0,Carlos,1099.95,Credit Card,SAVE10,0,REG101075,Cust 3496,33.6,2023-05-24,2023-05-31,Wendy,7,1099.9499999999998,2023,5,2,2023-05,1099.95,1066.3500000000001,No Discount
2023-02-03,West,Monitor,19,534.92,Store D,Retail,0.0,Diana,10163.48,Online,None,0,REG101076,Cust 4085,26.97,2023-02-03,2023-02-13,Wendy,10,10163.48,2023,2,1,2023-02,10163.48,10136.51,No Discount
2023-12-25,East,Chair,1,494.52,Store D,Retail,0.0,Bob,494.52,Credit Card,None,0,REG101077,Cust 1921,43.02,2023-12-25,2024-01-02,Eric,8,494.52,2023,12,4,2023-12,494.52,451.5,No Discount
2023-07-26,East,Monitor,6,344.67,Store D,Wholesale,0.1,Diana,1861.218,Online,SAVE10,1,REG101078,Cust 9053,31.13,2023-07-26,2023-08-01,Eric,6,1861.218,2023,7,3,2023-07,0.0,-31.13,Mid (6–10%)
2024-06-06,Central,Monitor,12,489.14,Store D,Retail,0.15,Bob,4989.228,Online,SAVE10,0,REG101079,Cust 9345,29.31,2024-06-06,2024-06-15,Cameron,9,4989.228,2024,6,2,2024-06,4989.228,4959.918,High (11–15%)
2024-10-13,South,Printer,18,256.23,Store B,Wholesale,0.05,Eva,4381.533,Debit Card,None,0,REG101080,Cust 3559,11.21,2024-10-13,2024-10-18,Sophie,5,4381.533,2024,10,4,2024-10,4381.533,4370.323,Low (1–5%)
2024-11-03,North,Printer,17,99.76,Store C,Wholesale,0.0,Diana,1695.92,Online,FREESHIP,1,REG101081,Cust 1762,21.89,2024-11-03,2024-11-13,Ryan,10,1695.92,2024,11,4,2024-11,0.0,-21.89,No Discount
2024-02-03,North,Printer,14,575.66,Store C,Wholesale,0.1,Frank,7253.316,Credit Card,None,0,REG101082,Cust 7060,32.53,2024-02-03,2024-02-11,Ryan,8,7253.316,2024,2,1,2024-02,7253.316,7220.786,Mid (6–10%)
2023-01-10,East,Chair,6,176.52,Store D,Wholesale,0.15,Alice,900.2520000000001,Online,FREESHIP,0,REG101083,Cust 8796,16.98,2023-01-10,2023-01-13,Eric,3,900.2520000000001,2023,1,1,2023-01,900.2520000000001,883.272,High (11–15%)
2023-10-16,East,Tablet,6,485.66,Store D,Wholesale,0.05,Eva,2768.262,Gift Card,FREESHIP,0,REG101084,Cust 6055,30.62,2023-10-16,2023-10-22,Eric,6,2768.2619999999997,2023,10,4,2023-10,2768.262,2737.6420000000003,Low (1–5%)
2025-03-19,Central,Laptop,8,141.61,Store B,Retail,0.1,Bob,1019.592,Gift Card,WINTER15,0,REG101085,Cust 5779,14.02,2025-03-19,2025-03-24,Cameron,5,1019.5920000000001,2025,3,1,2025-03,1019.592,1005.572,Mid (6–10%)
2024-12-16,West,Desk,9,215.29,Store C,Wholesale,0.1,Alice,1743.849,Credit Card,WINTER15,0,REG101086,Cust 9330,5.84,2024-12-16,2024-12-19,Wendy,3,1743.849,2024,12,4,2024-12,1743.849,1738.009,Mid (6–10%)
2023-08-16,West,Laptop,18,497.22,Store B,Wholesale,0.05,Diana,8502.462000000001,Credit Card,WINTER15,0,REG101087,Cust 5374,17.39,2023-08-16,2023-08-20,Wendy,4,8502.462000000001,2023,8,3,2023-08,8502.462000000001,8485.072000000002,Low (1–5%)
2023-01-10,East,Desk,13,347.73,Store B,Wholesale,0.05,Diana,4294.465499999999,Gift Card,FREESHIP,1,REG101088,Cust 3321,31.81,2023-01-10,2023-01-20,Eric,10,4294.465499999999,2023,1,1,2023-01,0.0,-31.81,Low (1–5%)
2025-05-09,Central,Chair,3,371.21,Store C,Wholesale,0.1,Eva,1002.267,Gift Card,SAVE10,0,REG101089,Cust 6554,20.02,2025-05-09,2025-05-18,Cameron,9,1002.2669999999999,2025,5,2,2025-05,1002.267,982.2470000000001,Mid (6–10%)
2024-04-08,East,Printer,12,434.33,Store A,Wholesale,0.15,Bob,4430.166,Cash,FREESHIP,0,REG101090,Cust 6855,15.33,2024-04-08,2024-04-16,Eric,8,4430.166,2024,4,2,2024-04,4430.166,4414.836,High (11–15%)
2025-05-06,East,Monitor,16,426.65,Store A,Retail,0.1,Diana,6143.76,Gift Card,None,0,REG101091,Cust 9955,10.2,2025-05-06,2025-05-15,Eric,9,6143.76,2025,5,2,2025-05,6143.76,6133.56,Mid (6–10%)
2023-05-21,West,Desk,6,294.97,Store A,Wholesale,0.05,Bob,1681.329,Credit Card,WINTER15,0,REG101092,Cust 3320,48.08,2023-05-21,2023-05-29,Wendy,8,1681.3290000000002,2023,5,2,2023-05,1681.329,1633.249,Low (1–5%)
2023-11-23,Central,Phone,12,130.9,Store D,Retail,0.15,Alice,1335.18,Debit Card,SAVE10,0,REG101093,Cust 8177,34.69,2023-11-23,2023-11-30,Cameron,7,1335.18,2023,11,4,2023-11,1335.18,1300.49,High (11–15%)
2024-03-26,North,Monitor,18,539.98,Store C,Retail,0.15,Eva,8261.694,Cash,FREESHIP,1,REG101094,Cust 1743,34.44,2024-03-26,2024-04-05,Ryan,10,8261.694,2024,3,1,2024-03,0.0,-34.44,High (11–15%)
2024-09-25,South,Desk,12,149.37,Store D,Retail,0.1,Bob,1613.196,Credit Card,None,0,REG101095,Cust 3719,20.21,2024-09-25,2024-10-02,Sophie,7,1613.1960000000001,2024,9,3,2024-09,1613.196,1592.9859999999999,Mid (6–10%)
2023-04-06,East,Chair,5,411.24,Store A,Wholesale,0.15,Bob,1747.77,Cash,WINTER15,1,REG101096,Cust 9323,5.35,2023-04-06,2023-04-10,Eric,4,1747.7699999999998,2023,4,2,2023-04,0.0,-5.35,High (11–15%)
2024-06-24,North,Chair,16,462.86,Store D,Retail,0.05,Bob,7035.472,Cash,None,1,REG101097,Cust 1914,17.43,2024-06-24,2024-06-26,Ryan,2,7035.472,2024,6,2,2024-06,0.0,-17.43,Low (1–5%)
2024-12-15,South,Laptop,17,506.38,Store B,Wholesale,0.0,Carlos,8608.46,Cash,WINTER15,1,REG101098,Cust 5928,33.36,2024-12-15,2024-12-23,Sophie,8,8608.46,2024,12,4,2024-12,0.0,-33.36,No Discount
2024-10-03,North,Desk,19,25.61,Store B,Retail,0.0,Bob,486.59,Gift Card,None,0,REG101099,Cust 1904,30.32,2024-10-03,2024-10-11,Ryan,8,486.59,2024,10,4,2024-10,486.59,456.27,No Discount
2023-09-03,South,Desk,4,467.45,Store C,Wholesale,0.05,Frank,1776.31,Gift Card,WINTER15,0,REG101100,Cust 8062,25.05,2023-09-03,2023-09-13,Sophie,10,1776.31,2023,9,3,2023-09,1776.31,1751.26,Low (1–5%)
2023-01-29,North,Printer,10,140.5,Store B,Retail,0.15,Carlos,1194.25,Online,FREESHIP,0,REG101101,Cust 8150,43.81,2023-01-29,2023-02-05,Ryan,7,1194.25,2023,1,1,2023-01,1194.25,1150.44,High (11–15%)
2024-06-12,North,Phone,8,57.85,Store D,Wholesale,0.0,Frank,462.8,Online,WINTER15,1,REG101102,Cust 3275,49.82,2024-06-12,2024-06-20,Ryan,8,462.8,2024,6,2,2024-06,0.0,-49.82,No Discount
2024-11-24,North,Monitor,9,539.64,Store A,Retail,0.15,Alice,4128.246,Gift Card,None,0,REG101103,Cust 3854,16.08,2024-11-24,2024-12-03,Ryan,9,4128.246,2024,11,4,2024-11,4128.246,4112.166,High (11–15%)
2023-08-15,West,Monitor,18,476.32,Store A,Wholesale,0.0,Diana,8573.76,Credit Card,SAVE10,1,REG101104,Cust 8398,47.43,2023-08-15,2023-08-20,Wendy,5,8573.76,2023,8,3,2023-08,0.0,-47.43,No Discount
2024-08-21,Central,Tablet,11,143.85,Store A,Wholesale,0.1,Eva,1424.115,Debit Card,FREESHIP,0,REG101105,Cust 4026,6.85,2024-08-21,2024-08-30,Cameron,9,1424.115,2024,8,3,2024-08,1424.115,1417.265,Mid (6–10%)
2023-05-24,West,Monitor,4,323.63,Store C,Retail,0.1,Carlos,1165.068,Credit Card,FREESHIP,0,REG101106,Cust 5794,32.92,2023-05-24,2023-06-01,Wendy,8,1165.068,2023,5,2,2023-05,1165.068,1132.148,Mid (6–10%)
2023-04-27,West,Monitor,16,37.4,Store A,Wholesale,0.05,Bob,568.4799999999999,Credit Card,FREESHIP,0,REG101107,Cust 2917,49.55,2023-04-27,2023-05-01,Wendy,4,568.4799999999999,2023,4,2,2023-04,568.4799999999999,518.93,Low (1–5%)
2023-05-21,East,Tablet,1,418.98,Store B,Retail,0.1,Carlos,377.0820000000001,Gift Card,FREESHIP,0,REG101108,Cust 5659,43.72,2023-05-21,2023-05-26,Eric,5,377.08200000000005,2023,5,2,2023-05,377.0820000000001,333.3620000000001,Mid (6–10%)
2025-02-16,East,Monitor,12,108.35,Store A,Wholesale,0.0,Diana,1300.2,Online,FREESHIP,0,REG101109,Cust 1857,42.06,2025-02-16,2025-02-25,Eric,9,1300.1999999999998,2025,2,1,2025-02,1300.2,1258.14,No Discount
2023-08-24,East,Tablet,5,256.42,Store B,Retail,0.0,Alice,1282.1,Gift Card,FREESHIP,0,REG101110,Cust 6718,28.74,2023-08-24,2023-08-29,Eric,5,1282.1000000000001,2023,8,3,2023-08,1282.1,1253.36,No Discount
2024-03-14,East,Desk,16,544.91,Store B,Retail,0.1,Frank,7846.704,Credit Card,FREESHIP,0,REG101111,Cust 8378,39.26,2024-03-14,2024-03-21,Eric,7,7846.704,2024,3,1,2024-03,7846.704,7807.4439999999995,Mid (6–10%)
2024-01-29,North,Desk,19,113.42,Store A,Retail,0.0,Eva,2154.98,Debit Card,WINTER15,0,REG101112,Cust 3069,44.96,2024-01-29,2024-02-07,Ryan,9,2154.98,2024,1,1,2024-01,2154.98,2110.02,No Discount
2024-08-09,South,Phone,10,522.73,Store C,Retail,0.1,Bob,4704.570000000001,Credit Card,None,0,REG101113,Cust 7619,20.06,2024-08-09,2024-08-15,Sophie,6,4704.570000000001,2024,8,3,2024-08,4704.570000000001,4684.51,Mid (6–10%)
2024-07-08,North,Tablet,18,448.03,Store B,Retail,0.15,Frank,6854.858999999999,Cash,WINTER15,1,REG101114,Cust 6167,13.23,2024-07-08,2024-07-17,Ryan,9,6854.8589999999995,2024,7,3,2024-07,0.0,-13.23,High (11–15%)
2024-08-20,North,Monitor,15,208.51,Store A,Retail,0.05,Carlos,2971.267499999999,Gift Card,None,0,REG101115,Cust 2453,37.81,2024-08-20,2024-08-29,Ryan,9,2971.2674999999995,2024,8,3,2024-08,2971.267499999999,2933.457499999999,Low (1–5%)
2023-06-26,Central,Laptop,13,423.64,Store C,Retail,0.1,Alice,4956.588,Debit Card,None,1,REG101116,Cust 8896,23.31,2023-06-26,2023-06-28,Cameron,2,4956.588,2023,6,2,2023-06,0.0,-23.31,Mid (6–10%)
2023-12-23,East,Chair,5,552.26,Store D,Wholesale,0.15,Alice,2347.105,Debit Card,WINTER15,0,REG101117,Cust 8800,26.5,2023-12-23,2023-12-25,Eric,2,2347.105,2023,12,4,2023-12,2347.105,2320.605,High (11–15%)
2023-08-20,Central,Desk,1,182.11,Store A,Retail,0.1,Carlos,163.899,Credit Card,WINTER15,0,REG101118,Cust 1819,7.31,2023-08-20,2023-08-27,Cameron,7,163.89900000000003,2023,8,3,2023-08,163.899,156.589,Mid (6–10%)
2024-10-28,West,Desk,7,466.36,Store D,Wholesale,0.05,Bob,3101.294,Online,SAVE10,1,REG101119,Cust 1300,11.45,2024-10-28,2024-11-06,Wendy,9,3101.294,2024,10,4,2024-10,0.0,-11.45,Low (1–5%)
2024-11-11,East,Printer,15,140.54,Store A,Wholesale,0.1,Eva,1897.29,Credit Card,SAVE10,0,REG101120,Cust 3807,49.91,2024-11-11,2024-11-21,Eric,10,1897.29,2024,11,4,2024-11,1897.29,1847.3799999999999,Mid (6–10%)
2023-12-07,West,Desk,17,460.31,Store A,Retail,0.15,Diana,6651.4795,Online,WINTER15,0,REG101121,Cust 6633,40.18,2023-12-07,2023-12-15,Wendy,8,6651.4795,2023,12,4,2023-12,6651.4795,6611.2995,High (11–15%)
2024-03-23,West,Laptop,5,132.87,Store B,Retail,0.0,Bob,664.35,Debit Card,WINTER15,0,REG101122,Cust 6573,37.91,2024-03-23,2024-04-02,Wendy,10,664.35,2024,3,1,2024-03,664.35,626.44,No Discount
2024-10-29,West,Tablet,12,209.86,Store D,Retail,0.05,Bob,2392.404,Online,WINTER15,0,REG101123,Cust 8600,8.78,2024-10-29,2024-11-02,Wendy,4,2392.404,2024,10,4,2024-10,2392.404,2383.624,Low (1–5%)
2025-06-17,East,Laptop,9,31.35,Store B,Retail,0.1,Diana,253.935,Cash,SAVE10,0,REG101124,Cust 8654,39.32,2025-06-17,2025-06-22,Eric,5,253.93500000000003,2025,6,2,2025-06,253.935,214.615,Mid (6–10%)
2023-03-18,North,Chair,11,335.11,Store C,Retail,0.0,Frank,3686.21,Gift Card,FREESHIP,0,REG101125,Cust 3708,29.95,2023-03-18,2023-03-26,Ryan,8,3686.21,2023,3,1,2023-03,3686.21,3656.26,No Discount
2023-01-19,East,Phone,8,277.43,Store D,Wholesale,0.0,Carlos,2219.44,Online,SAVE10,0,REG101126,Cust 1268,36.38,2023-01-19,2023-01-23,Eric,4,2219.44,2023,1,1,2023-01,2219.44,2183.06,No Discount
2023-07-09,West,Desk,6,287.72,Store A,Retail,0.05,Bob,1640.004,Debit Card,WINTER15,0,REG101127,Cust 5600,17.14,2023-07-09,2023-07-14,Wendy,5,1640.0040000000001,2023,7,3,2023-07,1640.004,1622.8639999999998,Low (1–5%)
2025-03-16,East,Laptop,14,459.61,Store B,Retail,0.05,Frank,6112.813,Online,None,1,REG101128,Cust 2438,43.41,2025-03-16,2025-03-26,Eric,10,6112.813,2025,3,1,2025-03,0.0,-43.41,Low (1–5%)
2025-02-08,North,Tablet,10,396.73,Store B,Retail,0.1,Eva,3570.57,Online,FREESHIP,0,REG101129,Cust 4293,18.13,2025-02-08,2025-02-13,Ryan,5,3570.57,2025,2,1,2025-02,3570.57,3552.44,Mid (6–10%)
2024-04-20,South,Printer,20,516.43,Store B,Retail,0.0,Bob,10328.6,Online,FREESHIP,0,REG101130,Cust 6895,36.23,2024-04-20,2024-04-22,Sophie,2,10328.599999999999,2024,4,2,2024-04,10328.6,10292.37,No Discount
2025-06-05,East,Laptop,1,299.66,Store A,Retail,0.1,Diana,269.694,Cash,SAVE10,0,REG101131,Cust 2616,38.94,2025-06-05,2025-06-07,Eric,2,269.694,2025,6,2,2025-06,269.694,230.75400000000002,Mid (6–10%)
2025-04-25,South,Chair,12,31.72,Store B,Retail,0.0,Alice,380.64,Debit Card,SAVE10,0,REG101132,Cust 5362,30.78,2025-04-25,2025-05-03,Sophie,8,380.64,2025,4,2,2025-04,380.64,349.86,No Discount
2023-09-06,Central,Phone,17,588.58,Store D,Wholesale,0.05,Diana,9505.567000000001,Debit Card,SAVE10,1,REG101133,Cust 1670,25.31,2023-09-06,2023-09-13,Cameron,7,9505.567000000001,2023,9,3,2023-09,0.0,-25.31,Low (1–5%)
2023-09-29,East,Laptop,11,203.15,Store C,Retail,0.1,Eva,2011.185,Online,FREESHIP,0,REG101134,Cust 2254,30.97,2023-09-29,2023-10-02,Eric,3,2011.1850000000002,2023,9,3,2023-09,2011.185,1980.215,Mid (6–10%)
2024-05-21,Central,Monitor,18,139.14,Store A,Wholesale,0.0,Carlos,2504.52,Online,FREESHIP,1,REG101135,Cust 9521,10.56,2024-05-21,2024-05-23,Cameron,2,2504.5199999999995,2024,5,2,2024-05,0.0,-10.56,No Discount
2025-04-13,West,Monitor,2,158.99,Store A,Wholesale,0.0,Bob,317.98,Online,None,0,REG101136,Cust 3921,48.32,2025-04-13,2025-04-19,Wendy,6,317.98,2025,4,2,2025-04,317.98,269.66,No Discount
2024-11-16,East,Chair,3,387.63,Store A,Wholesale,0.0,Diana,1162.89,Credit Card,WINTER15,0,REG101137,Cust 7628,30.08,2024-11-16,2024-11-20,Eric,4,1162.8899999999999,2024,11,4,2024-11,1162.89,1132.8100000000002,No Discount
2024-07-20,North,Desk,5,202.12,Store A,Retail,0.1,Diana,909.5400000000001,Online,FREESHIP,1,REG101138,Cust 2453,45.61,2024-07-20,2024-07-28,Ryan,8,909.5400000000001,2024,7,3,2024-07,0.0,-45.61,Mid (6–10%)
2023-05-20,North,Desk,4,334.57,Store C,Retail,0.15,Carlos,1137.538,Gift Card,None,0,REG101139,Cust 4210,11.49,2023-05-20,2023-05-27,Ryan,7,1137.538,2023,5,2,2023-05,1137.538,1126.048,High (11–15%)
2023-10-22,West,Phone,16,486.71,Store B,Wholesale,0.15,Carlos,6619.255999999999,Online,FREESHIP,1,REG101140,Cust 1951,12.53,2023-10-22,2023-10-26,Wendy,4,6619.255999999999,2023,10,4,2023-10,0.0,-12.53,High (11–15%)
2025-05-18,North,Monitor,2,188.29,Store D,Wholesale,0.15,Bob,320.093,Credit Card,SAVE10,0,REG101141,Cust 9405,32.22,2025-05-18,2025-05-21,Ryan,3,320.09299999999996,2025,5,2,2025-05,320.093,287.87300000000005,High (11–15%)
2024-03-03,South,Laptop,3,260.72,Store B,Wholesale,0.15,Frank,664.836,Online,WINTER15,0,REG101142,Cust 8769,19.41,2024-03-03,2024-03-06,Sophie,3,664.836,2024,3,1,2024-03,664.836,645.426,High (11–15%)
2023-07-23,East,Desk,6,358.27,Store B,Retail,0.1,Frank,1934.658,Gift Card,None,0,REG101143,Cust 9982,7.34,2023-07-23,2023-08-02,Eric,10,1934.658,2023,7,3,2023-07,1934.658,1927.318,Mid (6–10%)
2025-02-09,North,Desk,13,492.66,Store B,Retail,0.1,Frank,5764.122,Gift Card,FREESHIP,0,REG101144,Cust 4068,46.21,2025-02-09,2025-02-14,Ryan,5,5764.122,2025,2,1,2025-02,5764.122,5717.912,Mid (6–10%)
2023-01-17,South,Chair,3,348.38,Store B,Wholesale,0.0,Carlos,1045.14,Gift Card,FREESHIP,0,REG101145,Cust 3523,26.25,2023-01-17,2023-01-23,Sophie,6,1045.1399999999999,2023,1,1,2023-01,1045.14,1018.8900000000001,No Discount
2023-09-17,North,Phone,6,437.59,Store D,Wholesale,0.05,Diana,2494.263,Gift Card,WINTER15,1,REG101146,Cust 3377,39.4,2023-09-17,2023-09-26,Ryan,9,2494.263,2023,9,3,2023-09,0.0,-39.4,Low (1–5%)
2025-02-15,North,Printer,19,118.09,Store D,Wholesale,0.1,Alice,2019.339,Online,SAVE10,0,REG101147,Cust 3125,10.77,2025-02-15,2025-02-23,Ryan,8,2019.3390000000002,2025,2,1,2025-02,2019.339,2008.569,Mid (6–10%)
2023-10-07,West,Tablet,15,188.57,Store C,Wholesale,0.05,Bob,2687.122499999999,Credit Card,FREESHIP,1,REG101148,Cust 4623,38.61,2023-10-07,2023-10-09,Wendy,2,2687.1224999999995,2023,10,4,2023-10,0.0,-38.61,Low (1–5%)
2023-08-08,West,Phone,8,200.74,Store A,Wholesale,0.0,Diana,1605.92,Gift Card,SAVE10,1,REG101149,Cust 4571,30.7,2023-08-08,2023-08-10,Wendy,2,1605.92,2023,8,3,2023-08,0.0,-30.7,No Discount
2023-08-21,East,Laptop,3,142.09,Store C,Wholesale,0.15,Frank,362.3295,Gift Card,WINTER15,0,REG101150,Cust 6453,26.04,2023-08-21,2023-08-27,Eric,6,362.3295,2023,8,3,2023-08,362.3295,336.2895,High (11–15%)
2024-07-07,North,Tablet,15,576.12,Store D,Retail,0.1,Alice,7777.62,Online,WINTER15,0,REG101151,Cust 6982,29.31,2024-07-07,2024-07-11,Ryan,4,7777.62,2024,7,3,2024-07,7777.62,7748.3099999999995,Mid (6–10%)
2025-01-17,South,Desk,9,96.97,Store D,Retail,0.15,Bob,741.8205,Credit Card,WINTER15,1,REG101152,Cust 6824,30.87,2025-01-17,2025-01-24,Sophie,7,741.8205,2025,1,1,2025-01,0.0,-30.87,High (11–15%)
2023-12-06,North,Tablet,17,218.04,Store D,Wholesale,0.15,Bob,3150.678,Cash,None,0,REG101153,Cust 3172,16.0,2023-12-06,2023-12-16,Ryan,10,3150.678,2023,12,4,2023-12,3150.678,3134.678,High (11–15%)
2023-03-01,South,Desk,2,153.33,Store C,Wholesale,0.05,Carlos,291.327,Cash,None,0,REG101154,Cust 8146,31.55,2023-03-01,2023-03-04,Sophie,3,291.327,2023,3,1,2023-03,291.327,259.777,Low (1–5%)
2025-02-11,North,Printer,8,316.12,Store B,Wholesale,0.1,Diana,2276.064,Gift Card,WINTER15,0,REG101155,Cust 3299,6.28,2025-02-11,2025-02-15,Ryan,4,2276.0640000000003,2025,2,1,2025-02,2276.064,2269.7839999999997,Mid (6–10%)
2023-06-20,Central,Printer,13,153.57,Store B,Wholesale,0.05,Carlos,1896.5895,Gift Card,None,0,REG101156,Cust 6476,27.98,2023-06-20,2023-06-25,Cameron,5,1896.5894999999998,2023,6,2,2023-06,1896.5895,1868.6095,Low (1–5%)
2024-02-29,West,Printer,7,208.31,Store C,Wholesale,0.05,Frank,1385.2615,Online,SAVE10,0,REG101157,Cust 9835,26.57,2024-02-29,2024-03-03,Wendy,3,1385.2615,2024,2,1,2024-02,1385.2615,1358.6915000000001,Low (1–5%)
2025-06-30,North,Chair,2,160.96,Store C,Wholesale,0.1,Eva,289.728,Gift Card,WINTER15,0,REG101158,Cust 1003,44.97,2025-06-30,2025-07-05,Ryan,5,289.728,2025,6,2,2025-06,289.728,244.758,Mid (6–10%)
2024-08-19,North,Monitor,3,373.77,Store B,Retail,0.1,Eva,1009.179,Cash,WINTER15,1,REG101159,Cust 9705,17.62,2024-08-19,2024-08-25,Ryan,6,1009.179,2024,8,3,2024-08,0.0,-17.62,Mid (6–10%)
2024-01-15,Central,Printer,20,200.7,Store D,Retail,0.1,Alice,3612.6,Online,FREESHIP,0,REG101160,Cust 3421,29.6,2024-01-15,2024-01-19,Cameron,4,3612.6,2024,1,1,2024-01,3612.6,3583.0,Mid (6–10%)
2024-08-08,Central,Desk,14,115.77,Store B,Wholesale,0.15,Frank,1377.663,Credit Card,SAVE10,1,REG101161,Cust 1690,20.12,2024-08-08,2024-08-11,Cameron,3,1377.663,2024,8,3,2024-08,0.0,-20.12,High (11–15%)
2024-10-05,West,Phone,12,535.41,Store C,Retail,0.1,Frank,5782.428,Gift Card,None,0,REG101162,Cust 2507,27.82,2024-10-05,2024-10-07,Wendy,2,5782.428,2024,10,4,2024-10,5782.428,5754.608,Mid (6–10%)
2024-01-13,South,Desk,12,103.59,Store A,Retail,0.1,Frank,1118.772,Debit Card,FREESHIP,0,REG101163,Cust 9880,48.11,2024-01-13,2024-01-21,Sophie,8,1118.772,2024,1,1,2024-01,1118.772,1070.662,Mid (6–10%)
2023-03-29,West,Laptop,18,176.32,Store B,Wholesale,0.05,Diana,3015.072,Debit Card,None,0,REG101164,Cust 3972,36.35,2023-03-29,2023-04-04,Wendy,6,3015.0719999999997,2023,3,1,2023-03,3015.072,2978.722,Low (1–5%)
2023-10-19,North,Printer,5,112.44,Store D,Retail,0.1,Bob,505.9800000000001,Credit Card,None,1,REG101165,Cust 8280,7.46,2023-10-19,2023-10-23,Ryan,4,505.9800000000001,2023,10,4,2023-10,0.0,-7.46,Mid (6–10%)
2023-10-23,West,Chair,20,19.3,Store C,Wholesale,0.0,Bob,386.0,Debit Card,SAVE10,0,REG101166,Cust 4205,47.23,2023-10-23,2023-11-01,Wendy,9,386.0,2023,10,4,2023-10,386.0,338.77,No Discount
2023-03-24,South,Phone,9,233.11,Store B,Retail,0.05,Eva,1993.0905,Debit Card,WINTER15,0,REG101167,Cust 2579,31.43,2023-03-24,2023-03-28,Sophie,4,1993.0905,2023,3,1,2023-03,1993.0905,1961.6605,Low (1–5%)
2024-08-09,West,Printer,17,66.48,Store C,Wholesale,0.15,Eva,960.6360000000001,Gift Card,WINTER15,1,REG101168,Cust 7265,10.79,2024-08-09,2024-08-14,Wendy,5,960.6360000000001,2024,8,3,2024-08,0.0,-10.79,High (11–15%)
2023-04-26,South,Laptop,17,504.63,Store A,Wholesale,0.1,Carlos,7720.838999999999,Online,WINTER15,1,REG101169,Cust 1199,48.33,2023-04-26,2023-05-06,Sophie,10,7720.838999999999,2023,4,2,2023-04,0.0,-48.33,Mid (6–10%)
2024-03-04,West,Tablet,11,97.84,Store B,Retail,0.05,Alice,1022.428,Debit Card,SAVE10,1,REG101170,Cust 2928,45.97,2024-03-04,2024-03-12,Wendy,8,1022.428,2024,3,1,2024-03,0.0,-45.97,Low (1–5%)
2023-02-14,East,Tablet,7,468.14,Store A,Retail,0.15,Bob,2785.433,Cash,SAVE10,0,REG101171,Cust 9447,47.56,2023-02-14,2023-02-17,Eric,3,2785.433,2023,2,1,2023-02,2785.433,2737.873,High (11–15%)
2023-04-28,West,Tablet,20,476.69,Store B,Wholesale,0.05,Bob,9057.109999999999,Online,WINTER15,0,REG101172,Cust 9095,10.2,2023-04-28,2023-05-03,Wendy,5,9057.109999999999,2023,4,2,2023-04,9057.109999999999,9046.909999999998,Low (1–5%)
2024-03-03,North,Phone,2,160.73,Store A,Wholesale,0.15,Frank,273.241,Cash,FREESHIP,0,REG101173,Cust 7587,20.18,2024-03-03,2024-03-11,Ryan,8,273.241,2024,3,1,2024-03,273.241,253.06099999999998,High (11–15%)
2024-09-04,West,Tablet,9,228.98,Store D,Retail,0.15,Frank,1751.697,Online,WINTER15,0,REG101174,Cust 2611,45.79,2024-09-04,2024-09-08,Wendy,4,1751.6969999999997,2024,9,3,2024-09,1751.697,1705.907,High (11–15%)
2024-12-30,East,Tablet,19,336.5,Store B,Wholesale,0.0,Alice,6393.5,Online,WINTER15,0,REG101175,Cust 8284,27.43,2024-12-30,2025-01-07,Eric,8,6393.5,2024,12,4,2024-12,6393.5,6366.07,No Discount
2024-02-10,East,Printer,18,411.59,Store A,Wholesale,0.0,Bob,7408.62,Credit Card,WINTER15,0,REG101176,Cust 8154,9.62,2024-02-10,2024-02-16,Eric,6,7408.62,2024,2,1,2024-02,7408.62,7399.0,No Discount
2023-09-07,Central,Printer,1,431.49,Store C,Wholesale,0.15,Alice,366.7665,Cash,SAVE10,0,REG101177,Cust 5215,17.53,2023-09-07,2023-09-15,Cameron,8,366.7665,2023,9,3,2023-09,366.7665,349.2365,High (11–15%)
2023-08-11,East,Laptop,18,495.39,Store A,Wholesale,0.0,Carlos,8917.02,Gift Card,SAVE10,0,REG101178,Cust 5309,14.88,2023-08-11,2023-08-15,Eric,4,8917.02,2023,8,3,2023-08,8917.02,8902.140000000001,No Discount
2023-03-12,West,Phone,4,149.3,Store A,Wholesale,0.1,Diana,537.48,Debit Card,FREESHIP,0,REG101179,Cust 2016,47.84,2023-03-12,2023-03-16,Wendy,4,537.48,2023,3,1,2023-03,537.48,489.64,Mid (6–10%)
2023-03-29,Central,Desk,18,179.97,Store C,Wholesale,0.1,Eva,2915.514,Cash,SAVE10,0,REG101180,Cust 2676,22.15,2023-03-29,2023-03-31,Cameron,2,2915.514,2023,3,1,2023-03,2915.514,2893.364,Mid (6–10%)
2025-02-17,South,Chair,11,381.14,Store B,Retail,0.05,Frank,3982.913,Gift Card,FREESHIP,0,REG101181,Cust 7529,32.83,2025-02-17,2025-02-27,Sophie,10,3982.9129999999996,2025,2,1,2025-02,3982.913,3950.083,Low (1–5%)
2024-01-07,North,Chair,5,454.62,Store C,Wholesale,0.05,Diana,2159.445,Gift Card,None,0,REG101182,Cust 6172,10.19,2024-01-07,2024-01-15,Ryan,8,2159.4449999999997,2024,1,1,2024-01,2159.445,2149.255,Low (1–5%)
2023-01-14,East,Phone,17,226.56,Store A,Wholesale,0.1,Diana,3466.368,Gift Card,WINTER15,1,REG101183,Cust 2527,36.89,2023-01-14,2023-01-20,Eric,6,3466.368,2023,1,1,2023-01,0.0,-36.89,Mid (6–10%)
2024-01-03,West,Laptop,2,132.91,Store A,Wholesale,0.0,Bob,265.82,Debit Card,WINTER15,0,REG101184,Cust 1970,7.76,2024-01-03,2024-01-12,Wendy,9,265.82,2024,1,1,2024-01,265.82,258.06,No Discount
2023-08-25,South,Desk,2,35.69,Store C,Retail,0.0,Eva,71.38,Debit Card,FREESHIP,0,REG101185,Cust 9543,39.89,2023-08-25,2023-08-28,Sophie,3,71.38,2023,8,3,2023-08,71.38,31.489999999999995,No Discount
2025-05-16,North,Desk,6,451.93,Store A,Wholesale,0.15,Eva,2304.843,Cash,WINTER15,1,REG101186,Cust 2957,49.37,2025-05-16,2025-05-25,Ryan,9,2304.843,2025,5,2,2025-05,0.0,-49.37,High (11–15%)
2023-12-30,South,Laptop,7,270.47,Store D,Wholesale,0.05,Diana,1798.6255,Credit Card,WINTER15,1,REG101187,Cust 2852,41.56,2023-12-30,2024-01-03,Sophie,4,1798.6255,2023,12,4,2023-12,0.0,-41.56,Low (1–5%)
2024-10-06,South,Phone,13,55.46,Store A,Retail,0.05,Bob,684.931,Credit Card,FREESHIP,1,REG101188,Cust 6365,18.01,2024-10-06,2024-10-09,Sophie,3,684.931,2024,10,4,2024-10,0.0,-18.01,Low (1–5%)
2023-03-12,Central,Tablet,17,515.12,Store D,Wholesale,0.15,Bob,7443.484,Credit Card,SAVE10,1,REG101189,Cust 9159,32.74,2023-03-12,2023-03-22,Cameron,10,7443.484,2023,3,1,2023-03,0.0,-32.74,High (11–15%)
2024-04-06,North,Phone,1,256.63,Store D,Wholesale,0.0,Carlos,256.63,Gift Card,FREESHIP,0,REG101190,Cust 3252,12.97,2024-04-06,2024-04-08,Ryan,2,256.63,2024,4,2,2024-04,256.63,243.66,No Discount
2023-01-20,North,Tablet,4,423.99,Store B,Retail,0.05,Frank,1611.162,Online,FREESHIP,0,REG101191,Cust 8679,20.05,2023-01-20,2023-01-25,Ryan,5,1611.162,2023,1,1,2023-01,1611.162,1591.112,Low (1–5%)
2024-07-08,West,Laptop,15,77.89,Store B,Wholesale,0.05,Diana,1109.9325,Credit Card,None,0,REG101192,Cust 5547,20.87,2024-07-08,2024-07-12,Wendy,4,1109.9325,2024,7,3,2024-07,1109.9325,1089.0625,Low (1–5%)
2023-10-06,North,Phone,12,11.95,Store A,Retail,0.05,Carlos,136.23,Online,None,0,REG101193,Cust 9438,26.66,2023-10-06,2023-10-16,Ryan,10,136.22999999999996,2023,10,4,2023-10,136.23,109.57,Low (1–5%)
2023-09-11,East,Desk,7,67.05,Store D,Wholesale,0.1,Carlos,422.415,Cash,FREESHIP,0,REG101194,Cust 9092,36.67,2023-09-11,2023-09-18,Eric,7,422.41499999999996,2023,9,3,2023-09,422.415,385.745,Mid (6–10%)
2023-09-14,North,Phone,19,118.15,Store C,Retail,0.15,Frank,1908.1225,Cash,SAVE10,0,REG101195,Cust 7007,12.95,2023-09-14,2023-09-19,Ryan,5,1908.1225,2023,9,3,2023-09,1908.1225,1895.1725,High (11–15%)
2023-11-06,North,Printer,16,114.47,Store B,Wholesale,0.15,Carlos,1556.792,Online,None,0,REG101196,Cust 3001,43.85,2023-11-06,2023-11-11,Ryan,5,1556.792,2023,11,4,2023-11,1556.792,1512.942,High (11–15%)
2024-06-23,North,Monitor,9,36.21,Store C,Wholesale,0.15,Bob,277.0065,Credit Card,FREESHIP,0,REG101197,Cust 5771,6.71,2024-06-23,2024-06-30,Ryan,7,277.00649999999996,2024,6,2,2024-06,277.0065,270.29650000000004,High (11–15%)
2023-03-30,West,Printer,10,52.58,Store B,Wholesale,0.1,Eva,473.22,Cash,WINTER15,0,REG101198,Cust 4317,14.01,2023-03-30,2023-04-09,Wendy,10,473.21999999999997,2023,3,1,2023-03,473.22,459.21000000000004,Mid (6–10%)
2024-10-05,East,Phone,6,272.26,Store A,Retail,0.1,Carlos,1470.204,Debit Card,SAVE10,0,REG101199,Cust 3627,43.67,2024-10-05,2024-10-15,Eric,10,1470.204,2024,10,4,2024-10,1470.204,1426.5339999999999,Mid (6–10%)
2023-03-19,Central,Chair,10,124.97,Store D,Retail,0.15,Eva,1062.245,Gift Card,WINTER15,1,REG101200,Cust 4433,40.23,2023-03-19,2023-03-29,Cameron,10,1062.2450000000001,2023,3,1,2023-03,0.0,-40.23,High (11–15%)
2025-03-17,North,Phone,9,228.62,Store C,Retail,0.05,Eva,1954.701,Gift Card,SAVE10,0,REG101201,Cust 6231,31.43,2025-03-17,2025-03-21,Ryan,4,1954.7009999999998,2025,3,1,2025-03,1954.701,1923.271,Low (1–5%)
2024-12-18,Central,Laptop,20,282.91,Store A,Wholesale,0.15,Frank,4809.47,Debit Card,FREESHIP,0,REG101202,Cust 8987,8.19,2024-12-18,2024-12-28,Cameron,10,4809.47,2024,12,4,2024-12,4809.47,4801.280000000001,High (11–15%)
2025-01-06,West,Tablet,17,129.62,Store D,Retail,0.15,Eva,1873.009,Online,FREESHIP,0,REG101203,Cust 4510,24.28,2025-01-06,2025-01-08,Wendy,2,1873.009,2025,1,1,2025-01,1873.009,1848.729,High (11–15%)
2025-01-14,Central,Monitor,6,162.35,Store B,Wholesale,0.05,Eva,925.3949999999999,Credit Card,SAVE10,1,REG101204,Cust 7003,19.18,2025-01-14,2025-01-20,Cameron,6,925.3949999999999,2025,1,1,2025-01,0.0,-19.18,Low (1–5%)
2023-01-26,South,Printer,14,209.82,Store B,Wholesale,0.0,Eva,2937.48,Cash,SAVE10,0,REG101205,Cust 6546,36.11,2023-01-26,2023-01-30,Sophie,4,2937.48,2023,1,1,2023-01,2937.48,2901.37,No Discount
2024-08-04,North,Laptop,16,293.44,Store D,Wholesale,0.05,Diana,4460.288,Gift Card,SAVE10,0,REG101206,Cust 2951,42.56,2024-08-04,2024-08-14,Ryan,10,4460.288,2024,8,3,2024-08,4460.288,4417.727999999999,Low (1–5%)
2024-02-13,North,Phone,11,185.52,Store D,Wholesale,0.15,Diana,1734.612,Credit Card,WINTER15,0,REG101207,Cust 4673,38.53,2024-02-13,2024-02-16,Ryan,3,1734.612,2024,2,1,2024-02,1734.612,1696.082,High (11–15%)
2023-02-11,Central,Desk,18,268.38,Store D,Wholesale,0.15,Alice,4106.214,Cash,FREESHIP,0,REG101208,Cust 5988,48.38,2023-02-11,2023-02-14,Cameron,3,4106.214,2023,2,1,2023-02,4106.214,4057.834,High (11–15%)
2024-06-17,East,Printer,18,547.05,Store C,Wholesale,0.1,Carlos,8862.21,Cash,FREESHIP,0,REG101209,Cust 3922,10.99,2024-06-17,2024-06-22,Eric,5,8862.21,2024,6,2,2024-06,8862.21,8851.22,Mid (6–10%)
2024-06-06,South,Laptop,1,354.21,Store A,Wholesale,0.15,Carlos,301.0785,Online,None,0,REG101210,Cust 9853,26.16,2024-06-06,2024-06-12,Sophie,6,301.07849999999996,2024,6,2,2024-06,301.0785,274.9185,High (11–15%)
2023-11-26,South,Chair,18,250.93,Store C,Wholesale,0.05,Bob,4290.902999999999,Gift Card,None,0,REG101211,Cust 6168,47.67,2023-11-26,2023-12-02,Sophie,6,4290.902999999999,2023,11,4,2023-11,4290.902999999999,4243.232999999999,Low (1–5%)
2024-04-07,West,Printer,18,587.25,Store C,Wholesale,0.15,Carlos,8984.925,Online,None,0,REG101212,Cust 3175,42.15,2024-04-07,2024-04-09,Wendy,2,8984.925,2024,4,2,2024-04,8984.925,8942.775,High (11–15%)
2023-02-03,West,Desk,2,438.06,Store B,Retail,0.0,Frank,876.12,Online,FREESHIP,1,REG101213,Cust 1813,12.9,2023-02-03,2023-02-09,Wendy,6,876.12,2023,2,1,2023-02,0.0,-12.9,No Discount
2024-11-25,East,Chair,14,6.1,Store C,Wholesale,0.15,Carlos,72.58999999999999,Online,FREESHIP,1,REG101214,Cust 7749,10.18,2024-11-25,2024-11-30,Eric,5,72.58999999999999,2024,11,4,2024-11,0.0,-10.18,High (11–15%)
2024-06-30,North,Laptop,2,80.14,Store D,Wholesale,0.0,Carlos,160.28,Online,FREESHIP,1,REG101215,Cust 3416,13.41,2024-06-30,2024-07-03,Ryan,3,160.28,2024,6,2,2024-06,0.0,-13.41,No Discount
2023-08-02,South,Laptop,11,66.97,Store A,Retail,0.15,Bob,626.1695,Gift Card,FREESHIP,1,REG101216,Cust 7066,20.35,2023-08-02,2023-08-11,Sophie,9,626.1695,2023,8,3,2023-08,0.0,-20.35,High (11–15%)
2024-02-22,South,Chair,6,181.34,Store A,Wholesale,0.0,Alice,1088.04,Cash,FREESHIP,0,REG101217,Cust 5180,27.65,2024-02-22,2024-02-27,Sophie,5,1088.04,2024,2,1,2024-02,1088.04,1060.3899999999999,No Discount
2024-11-29,North,Monitor,15,570.0,Store D,Wholesale,0.05,Frank,8122.5,Gift Card,None,0,REG101218,Cust 6246,7.62,2024-11-29,2024-12-09,Ryan,10,8122.5,2024,11,4,2024-11,8122.5,8114.88,Low (1–5%)
2023-07-21,North,Monitor,9,587.79,Store D,Wholesale,0.15,Bob,4496.5935,Online,None,0,REG101219,Cust 4182,24.64,2023-07-21,2023-07-31,Ryan,10,4496.5935,2023,7,3,2023-07,4496.5935,4471.9535,High (11–15%)
2023-04-14,Central,Phone,6,196.31,Store C,Retail,0.1,Carlos,1060.074,Online,WINTER15,0,REG101220,Cust 6843,38.65,2023-04-14,2023-04-17,Cameron,3,1060.074,2023,4,2,2023-04,1060.074,1021.4240000000001,Mid (6–10%)
2023-02-01,North,Phone,8,430.06,Store B,Wholesale,0.05,Bob,3268.456,Debit Card,SAVE10,0,REG101221,Cust 6844,38.45,2023-02-01,2023-02-05,Ryan,4,3268.4559999999997,2023,2,1,2023-02,3268.456,3230.0060000000003,Low (1–5%)
2024-06-30,East,Monitor,14,429.72,Store A,Retail,0.1,Eva,5414.472,Cash,SAVE10,0,REG101222,Cust 3248,45.78,2024-06-30,2024-07-05,Eric,5,5414.472,2024,6,2,2024-06,5414.472,5368.692,Mid (6–10%)
2023-10-18,Central,Phone,13,127.34,Store D,Wholesale,0.0,Alice,1655.42,Credit Card,WINTER15,0,REG101223,Cust 5226,6.15,2023-10-18,2023-10-21,Cameron,3,1655.42,2023,10,4,2023-10,1655.42,1649.27,No Discount
2024-07-04,East,Monitor,6,421.97,Store B,Wholesale,0.05,Bob,2405.229,Cash,WINTER15,0,REG101224,Cust 9804,41.31,2024-07-04,2024-07-13,Eric,9,2405.2290000000003,2024,7,3,2024-07,2405.229,2363.919,Low (1–5%)
2024-07-04,East,Tablet,5,225.69,Store A,Wholesale,0.15,Carlos,959.1825,Gift Card,WINTER15,0,REG101225,Cust 3990,47.6,2024-07-04,2024-07-12,Eric,8,959.1825,2024,7,3,2024-07,959.1825,911.5825,High (11–15%)
2023-07-27,North,Monitor,10,322.11,Store A,Retail,0.15,Diana,2737.935,Debit Card,WINTER15,0,REG101226,Cust 5106,28.72,2023-07-27,2023-08-02,Ryan,6,2737.9350000000004,2023,7,3,2023-07,2737.935,2709.215,High (11–15%)
2025-03-01,West,Desk,4,209.3,Store B,Retail,0.05,Alice,795.34,Gift Card,None,0,REG101227,Cust 3448,6.89,2025-03-01,2025-03-06,Wendy,5,795.34,2025,3,1,2025-03,795.34,788.45,Low (1–5%)
2023-02-23,Central,Desk,16,326.16,Store C,Wholesale,0.1,Frank,4696.704000000001,Credit Card,None,0,REG101228,Cust 1439,44.3,2023-02-23,2023-02-25,Cameron,2,4696.704000000001,2023,2,1,2023-02,4696.704000000001,4652.404,Mid (6–10%)
2023-01-11,East,Monitor,13,515.42,Store D,Retail,0.0,Bob,6700.459999999999,Online,FREESHIP,0,REG101229,Cust 5342,43.37,2023-01-11,2023-01-20,Eric,9,6700.459999999999,2023,1,1,2023-01,6700.459999999999,6657.089999999999,No Discount
2024-04-16,West,Tablet,7,129.83,Store A,Wholesale,0.0,Carlos,908.8100000000001,Gift Card,WINTER15,0,REG101230,Cust 4564,13.12,2024-04-16,2024-04-20,Wendy,4,908.8100000000001,2024,4,2,2024-04,908.8100000000001,895.69,No Discount
2024-03-09,Central,Monitor,17,376.15,Store C,Retail,0.05,Diana,6074.822499999999,Gift Card,WINTER15,1,REG101231,Cust 6441,31.96,2024-03-09,2024-03-12,Cameron,3,6074.822499999999,2024,3,1,2024-03,0.0,-31.96,Low (1–5%)
2024-10-07,South,Chair,8,385.46,Store A,Wholesale,0.0,Bob,3083.68,Cash,SAVE10,0,REG101232,Cust 7591,8.89,2024-10-07,2024-10-11,Sophie,4,3083.68,2024,10,4,2024-10,3083.68,3074.79,No Discount
2023-10-06,West,Printer,2,474.13,Store D,Wholesale,0.0,Carlos,948.26,Gift Card,FREESHIP,1,REG101233,Cust 9778,14.41,2023-10-06,2023-10-15,Wendy,9,948.26,2023,10,4,2023-10,0.0,-14.41,No Discount
2023-04-08,West,Monitor,15,506.17,Store B,Wholesale,0.05,Alice,7212.9225,Online,None,0,REG101234,Cust 1195,41.73,2023-04-08,2023-04-13,Wendy,5,7212.9225,2023,4,2,2023-04,7212.9225,7171.1925,Low (1–5%)
2024-02-20,South,Phone,1,67.38,Store D,Retail,0.15,Alice,57.273,Credit Card,WINTER15,0,REG101235,Cust 8126,6.14,2024-02-20,2024-02-27,Sophie,7,57.272999999999996,2024,2,1,2024-02,57.273,51.133,High (11–15%)
2023-01-30,West,Chair,15,274.3,Store B,Retail,0.15,Frank,3497.325,Credit Card,None,0,REG101236,Cust 4609,21.56,2023-01-30,2023-02-08,Wendy,9,3497.325,2023,1,1,2023-01,3497.325,3475.765,High (11–15%)
2023-05-12,South,Monitor,2,334.48,Store B,Wholesale,0.0,Alice,668.96,Debit Card,None,0,REG101237,Cust 1449,31.53,2023-05-12,2023-05-20,Sophie,8,668.96,2023,5,2,2023-05,668.96,637.4300000000001,No Discount
2024-01-08,South,Chair,7,562.6,Store A,Retail,0.15,Eva,3347.47,Online,WINTER15,0,REG101238,Cust 3508,19.95,2024-01-08,2024-01-12,Sophie,4,3347.4700000000003,2024,1,1,2024-01,3347.47,3327.52,High (11–15%)
2024-06-05,North,Monitor,7,14.34,Store D,Retail,0.05,Alice,95.36099999999999,Debit Card,WINTER15,0,REG101239,Cust 4826,19.45,2024-06-05,2024-06-08,Ryan,3,95.36099999999999,2024,6,2,2024-06,95.36099999999999,75.91099999999999,Low (1–5%)
2025-05-21,East,Phone,11,34.72,Store B,Wholesale,0.1,Diana,343.728,Gift Card,FREESHIP,0,REG101240,Cust 1232,9.31,2025-05-21,2025-05-23,Eric,2,343.72799999999995,2025,5,2,2025-05,343.728,334.418,Mid (6–10%)
2025-05-21,East,Chair,7,15.06,Store A,Retail,0.0,Alice,105.42,Cash,None,1,REG101241,Cust 9675,46.57,2025-05-21,2025-05-26,Eric,5,105.42,2025,5,2,2025-05,0.0,-46.57,No Discount
2023-03-05,East,Printer,11,488.17,Store B,Wholesale,0.05,Bob,5101.376499999999,Cash,WINTER15,1,REG101242,Cust 5153,37.47,2023-03-05,2023-03-11,Eric,6,5101.376499999999,2023,3,1,2023-03,0.0,-37.47,Low (1–5%)
2024-10-27,South,Tablet,10,268.39,Store B,Retail,0.05,Alice,2549.704999999999,Credit Card,SAVE10,0,REG101243,Cust 6330,25.86,2024-10-27,2024-11-02,Sophie,6,2549.7049999999995,2024,10,4,2024-10,2549.704999999999,2523.844999999999,Low (1–5%)
2025-03-24,North,Tablet,5,64.18,Store C,Retail,0.1,Eva,288.8100000000001,Gift Card,SAVE10,0,REG101244,Cust 8277,21.17,2025-03-24,2025-03-29,Ryan,5,288.81000000000006,2025,3,1,2025-03,288.8100000000001,267.6400000000001,Mid (6–10%)
2024-09-21,West,Phone,15,466.55,Store A,Retail,0.05,Alice,6648.3375,Cash,SAVE10,1,REG101245,Cust 5884,36.68,2024-09-21,2024-09-27,Wendy,6,6648.3375,2024,9,3,2024-09,0.0,-36.68,Low (1–5%)
2025-05-18,North,Desk,8,505.34,Store B,Retail,0.05,Bob,3840.584,Debit Card,None,0,REG101246,Cust 4061,22.88,2025-05-18,2025-05-27,Ryan,9,3840.584,2025,5,2,2025-05,3840.584,3817.7039999999997,Low (1–5%)
2024-07-11,East,Monitor,6,100.75,Store A,Wholesale,0.1,Frank,544.0500000000001,Credit Card,FREESHIP,0,REG101247,Cust 8095,12.98,2024-07-11,2024-07-14,Eric,3,544.0500000000001,2024,7,3,2024-07,544.0500000000001,531.07,Mid (6–10%)
2025-01-27,North,Tablet,8,352.72,Store C,Retail,0.05,Carlos,2680.672,Cash,None,0,REG101248,Cust 2435,30.8,2025-01-27,2025-02-04,Ryan,8,2680.672,2025,1,1,2025-01,2680.672,2649.872,Low (1–5%)
2023-11-26,East,Laptop,9,526.26,Store B,Retail,0.0,Bob,4736.34,Cash,FREESHIP,0,REG101249,Cust 6785,15.47,2023-11-26,2023-12-06,Eric,10,4736.34,2023,11,4,2023-11,4736.34,4720.87,No Discount
2024-06-02,Central,Printer,18,519.42,Store C,Retail,0.15,Eva,7947.125999999999,Cash,WINTER15,0,REG101250,Cust 6485,32.96,2024-06-02,2024-06-04,Cameron,2,7947.125999999999,2024,6,2,2024-06,7947.125999999999,7914.165999999999,High (11–15%)
2023-01-17,North,Chair,18,108.46,Store D,Wholesale,0.05,Frank,1854.666,Online,SAVE10,0,REG101251,Cust 6960,10.72,2023-01-17,2023-01-24,Ryan,7,1854.666,2023,1,1,2023-01,1854.666,1843.946,Low (1–5%)
2025-05-03,North,Desk,13,420.68,Store D,Wholesale,0.05,Frank,5195.398,Online,None,0,REG101252,Cust 1135,24.51,2025-05-03,2025-05-11,Ryan,8,5195.398,2025,5,2,2025-05,5195.398,5170.888,Low (1–5%)
2025-01-05,North,Printer,17,5.91,Store A,Wholesale,0.15,Eva,85.3995,Online,SAVE10,0,REG101253,Cust 6186,44.85,2025-01-05,2025-01-13,Ryan,8,85.3995,2025,1,1,2025-01,85.3995,40.5495,High (11–15%)
2024-02-20,East,Phone,4,452.77,Store B,Retail,0.0,Diana,1811.08,Debit Card,SAVE10,0,REG101254,Cust 8828,32.01,2024-02-20,2024-03-01,Eric,10,1811.08,2024,2,1,2024-02,1811.08,1779.07,No Discount
2023-12-26,North,Monitor,7,157.0,Store A,Wholesale,0.15,Alice,934.15,Online,SAVE10,1,REG101255,Cust 9097,39.72,2023-12-26,2024-01-04,Ryan,9,934.15,2023,12,4,2023-12,0.0,-39.72,High (11–15%)
2023-03-07,North,Printer,11,550.86,Store C,Retail,0.1,Bob,5453.514,Online,FREESHIP,0,REG101256,Cust 4744,21.82,2023-03-07,2023-03-12,Ryan,5,5453.514,2023,3,1,2023-03,5453.514,5431.694,Mid (6–10%)
2024-09-13,North,Chair,5,172.65,Store C,Wholesale,0.15,Alice,733.7624999999999,Cash,SAVE10,0,REG101257,Cust 4287,28.3,2024-09-13,2024-09-22,Ryan,9,733.7624999999999,2024,9,3,2024-09,733.7624999999999,705.4625,High (11–15%)
2024-01-02,East,Tablet,16,145.3,Store B,Wholesale,0.0,Eva,2324.8,Credit Card,FREESHIP,1,REG101258,Cust 2236,29.64,2024-01-02,2024-01-12,Eric,10,2324.8,2024,1,1,2024-01,0.0,-29.64,No Discount
2025-02-08,South,Printer,10,67.38,Store C,Retail,0.1,Diana,606.42,Gift Card,FREESHIP,1,REG101259,Cust 5312,20.58,2025-02-08,2025-02-18,Sophie,10,606.42,2025,2,1,2025-02,0.0,-20.58,Mid (6–10%)
2025-03-04,South,Printer,15,141.13,Store D,Wholesale,0.0,Carlos,2116.95,Cash,SAVE10,0,REG101260,Cust 5096,19.63,2025-03-04,2025-03-12,Sophie,8,2116.95,2025,3,1,2025-03,2116.95,2097.3199999999997,No Discount
2024-03-12,Central,Tablet,1,534.61,Store D,Retail,0.05,Frank,507.8795,Online,SAVE10,0,REG101261,Cust 1162,22.68,2024-03-12,2024-03-21,Cameron,9,507.8795,2024,3,1,2024-03,507.8795,485.1995,Low (1–5%)
2024-07-03,East,Phone,9,560.04,Store D,Retail,0.05,Carlos,4788.342,Gift Card,WINTER15,0,REG101262,Cust 1669,22.81,2024-07-03,2024-07-07,Eric,4,4788.342,2024,7,3,2024-07,4788.342,4765.531999999999,Low (1–5%)
2025-01-05,North,Laptop,8,275.32,Store D,Retail,0.1,Diana,1982.304,Cash,SAVE10,0,REG101263,Cust 6213,18.26,2025-01-05,2025-01-13,Ryan,8,1982.304,2025,1,1,2025-01,1982.304,1964.044,Mid (6–10%)
2024-03-21,East,Phone,3,105.73,Store D,Retail,0.05,Bob,301.3305,Debit Card,FREESHIP,1,REG101264,Cust 7659,12.12,2024-03-21,2024-03-28,Eric,7,301.3305,2024,3,1,2024-03,0.0,-12.12,Low (1–5%)
2025-03-28,Central,Monitor,15,568.81,Store D,Retail,0.1,Frank,7678.934999999999,Gift Card,None,0,REG101265,Cust 2894,8.54,2025-03-28,2025-04-03,Cameron,6,7678.9349999999995,2025,3,1,2025-03,7678.934999999999,7670.394999999999,Mid (6–10%)
2025-04-13,Central,Laptop,20,190.39,Store B,Retail,0.1,Bob,3427.02,Gift Card,SAVE10,0,REG101266,Cust 1457,49.93,2025-04-13,2025-04-18,Cameron,5,3427.02,2025,4,2,2025-04,3427.02,3377.09,Mid (6–10%)
2024-04-30,West,Chair,19,433.39,Store C,Retail,0.05,Bob,7822.689499999999,Online,WINTER15,0,REG101267,Cust 2410,7.59,2024-04-30,2024-05-09,Wendy,9,7822.6894999999995,2024,4,2,2024-04,7822.689499999999,7815.099499999998,Low (1–5%)
2025-02-15,South,Phone,1,92.72,Store C,Wholesale,0.15,Eva,78.812,Debit Card,WINTER15,0,REG101268,Cust 4723,48.46,2025-02-15,2025-02-19,Sophie,4,78.812,2025,2,1,2025-02,78.812,30.351999999999997,High (11–15%)
2025-02-18,West,Laptop,1,263.28,Store D,Wholesale,0.1,Eva,236.952,Credit Card,SAVE10,0,REG101269,Cust 1586,36.28,2025-02-18,2025-02-23,Wendy,5,236.95199999999997,2025,2,1,2025-02,236.952,200.672,Mid (6–10%)
2023-09-08,West,Phone,11,358.59,Store B,Wholesale,0.0,Frank,3944.49,Credit Card,None,0,REG101270,Cust 5049,29.19,2023-09-08,2023-09-10,Wendy,2,3944.49,2023,9,3,2023-09,3944.49,3915.2999999999997,No Discount
2024-02-04,Central,Tablet,18,595.53,Store B,Retail,0.0,Frank,10719.54,Cash,WINTER15,0,REG101271,Cust 9534,42.91,2024-02-04,2024-02-06,Cameron,2,10719.539999999999,2024,2,1,2024-02,10719.54,10676.630000000001,No Discount
2024-11-25,North,Monitor,14,574.32,Store D,Wholesale,0.15,Diana,6834.408,Credit Card,SAVE10,0,REG101272,Cust 5693,12.07,2024-11-25,2024-12-05,Ryan,10,6834.408,2024,11,4,2024-11,6834.408,6822.338000000001,High (11–15%)
2024-12-30,North,Laptop,18,444.13,Store D,Retail,0.0,Frank,7994.34,Cash,SAVE10,0,REG101273,Cust 6950,5.41,2024-12-30,2025-01-02,Ryan,3,7994.34,2024,12,4,2024-12,7994.34,7988.93,No Discount
2023-09-05,West,Tablet,19,431.47,Store A,Retail,0.1,Eva,7378.137000000001,Gift Card,WINTER15,0,REG101274,Cust 7098,49.23,2023-09-05,2023-09-10,Wendy,5,7378.137000000001,2023,9,3,2023-09,7378.137000000001,7328.907000000001,Mid (6–10%)
2023-08-01,West,Printer,19,67.49,Store C,Retail,0.0,Frank,1282.31,Debit Card,SAVE10,0,REG101275,Cust 8300,32.04,2023-08-01,2023-08-11,Wendy,10,1282.31,2023,8,3,2023-08,1282.31,1250.27,No Discount
2023-01-06,Central,Tablet,11,25.67,Store C,Retail,0.15,Carlos,240.0145,Credit Card,SAVE10,0,REG101276,Cust 9557,30.12,2023-01-06,2023-01-08,Cameron,2,240.0145,2023,1,1,2023-01,240.0145,209.8945,High (11–15%)
2025-05-02,Central,Phone,4,368.69,Store D,Wholesale,0.0,Diana,1474.76,Gift Card,WINTER15,0,REG101277,Cust 8787,48.57,2025-05-02,2025-05-06,Cameron,4,1474.76,2025,5,2,2025-05,1474.76,1426.19,No Discount
2023-12-21,West,Monitor,7,257.01,Store D,Retail,0.05,Eva,1709.1165,Credit Card,None,0,REG101278,Cust 9717,35.52,2023-12-21,2023-12-28,Wendy,7,1709.1164999999999,2023,12,4,2023-12,1709.1165,1673.5965,Low (1–5%)
2024-09-10,East,Laptop,14,85.54,Store B,Wholesale,0.0,Frank,1197.56,Gift Card,FREESHIP,0,REG101279,Cust 2719,16.08,2024-09-10,2024-09-14,Eric,4,1197.5600000000002,2024,9,3,2024-09,1197.56,1181.48,No Discount
2024-04-05,Central,Chair,9,267.6,Store D,Retail,0.15,Eva,2047.14,Credit Card,FREESHIP,0,REG101280,Cust 6203,8.48,2024-04-05,2024-04-10,Cameron,5,2047.14,2024,4,2,2024-04,2047.14,2038.66,High (11–15%)
2023-07-26,East,Desk,15,261.85,Store D,Wholesale,0.15,Diana,3338.5875,Online,SAVE10,0,REG101281,Cust 9151,40.68,2023-07-26,2023-07-31,Eric,5,3338.5875,2023,7,3,2023-07,3338.5875,3297.9075000000003,High (11–15%)
2023-11-12,East,Printer,11,199.57,Store A,Retail,0.05,Bob,2085.5065,Debit Card,SAVE10,0,REG101282,Cust 5096,48.94,2023-11-12,2023-11-14,Eric,2,2085.5065,2023,11,4,2023-11,2085.5065,2036.5665,Low (1–5%)
2025-04-18,Central,Phone,5,504.96,Store C,Retail,0.05,Diana,2398.559999999999,Gift Card,FREESHIP,0,REG101283,Cust 4250,22.12,2025-04-18,2025-04-20,Cameron,2,2398.5599999999995,2025,4,2,2025-04,2398.559999999999,2376.439999999999,Low (1–5%)
2023-08-12,South,Chair,8,28.34,Store C,Wholesale,0.05,Alice,215.384,Cash,None,1,REG101284,Cust 1276,23.19,2023-08-12,2023-08-19,Sophie,7,215.384,2023,8,3,2023-08,0.0,-23.19,Low (1–5%)
2024-12-12,West,Printer,17,495.13,Store D,Wholesale,0.1,Alice,7575.489,Online,FREESHIP,1,REG101285,Cust 6063,26.37,2024-12-12,2024-12-21,Wendy,9,7575.489,2024,12,4,2024-12,0.0,-26.37,Mid (6–10%)
2025-05-07,West,Phone,14,142.05,Store D,Retail,0.05,Frank,1889.265,Gift Card,SAVE10,0,REG101286,Cust 7604,33.65,2025-05-07,2025-05-13,Wendy,6,1889.265,2025,5,2,2025-05,1889.265,1855.615,Low (1–5%)
2025-03-10,East,Chair,16,504.36,Store D,Wholesale,0.0,Bob,8069.76,Debit Card,None,1,REG101287,Cust 9402,11.67,2025-03-10,2025-03-13,Eric,3,8069.76,2025,3,1,2025-03,0.0,-11.67,No Discount
2025-06-01,East,Desk,7,122.2,Store B,Retail,0.0,Carlos,855.4,Credit Card,None,0,REG101288,Cust 4398,30.21,2025-06-01,2025-06-10,Eric,9,855.4,2025,6,2,2025-06,855.4,825.1899999999999,No Discount
2025-05-19,West,Chair,7,338.42,Store B,Retail,0.15,Alice,2013.599,Online,FREESHIP,0,REG101289,Cust 8770,5.82,2025-05-19,2025-05-21,Wendy,2,2013.599,2025,5,2,2025-05,2013.599,2007.779,High (11–15%)
2023-02-08,East,Tablet,4,224.75,Store D,Wholesale,0.0,Frank,899.0,Debit Card,None,0,REG101290,Cust 2148,43.86,2023-02-08,2023-02-16,Eric,8,899.0,2023,2,1,2023-02,899.0,855.14,No Discount
2025-04-24,Central,Desk,16,509.71,Store C,Wholesale,0.1,Carlos,7339.824,Cash,None,0,REG101291,Cust 4107,41.78,2025-04-24,2025-05-03,Cameron,9,7339.824,2025,4,2,2025-04,7339.824,7298.044,Mid (6–10%)
2024-09-01,North,Tablet,14,297.56,Store B,Wholesale,0.1,Diana,3749.256,Debit Card,FREESHIP,0,REG101292,Cust 4450,31.44,2024-09-01,2024-09-08,Ryan,7,3749.2560000000003,2024,9,3,2024-09,3749.256,3717.816,Mid (6–10%)
2024-11-07,Central,Printer,13,365.11,Store C,Retail,0.05,Diana,4509.1085,Online,None,0,REG101293,Cust 8233,13.97,2024-11-07,2024-11-13,Cameron,6,4509.1085,2024,11,4,2024-11,4509.1085,4495.1385,Low (1–5%)
2024-11-29,East,Chair,1,139.13,Store C,Wholesale,0.0,Carlos,139.13,Cash,None,1,REG101294,Cust 9012,35.92,2024-11-29,2024-12-02,Eric,3,139.13,2024,11,4,2024-11,0.0,-35.92,No Discount
2023-04-10,West,Chair,6,543.89,Store C,Retail,0.0,Bob,3263.34,Cash,None,1,REG101295,Cust 1496,13.19,2023-04-10,2023-04-20,Wendy,10,3263.34,2023,4,2,2023-04,0.0,-13.19,No Discount
2024-01-10,North,Printer,19,219.7,Store A,Retail,0.0,Alice,4174.3,Cash,FREESHIP,0,REG101296,Cust 9365,15.38,2024-01-10,2024-01-16,Ryan,6,4174.3,2024,1,1,2024-01,4174.3,4158.92,No Discount
2025-05-17,South,Phone,6,94.34,Store C,Retail,0.05,Alice,537.7379999999999,Cash,WINTER15,1,REG101297,Cust 1392,49.26,2025-05-17,2025-05-23,Sophie,6,537.7379999999999,2025,5,2,2025-05,0.0,-49.26,Low (1–5%)
2024-07-26,Central,Laptop,9,486.58,Store A,Retail,0.15,Alice,3722.337,Online,FREESHIP,0,REG101298,Cust 3474,38.72,2024-07-26,2024-07-30,Cameron,4,3722.337,2024,7,3,2024-07,3722.337,3683.617,High (11–15%)
2024-12-26,South,Desk,12,578.86,Store D,Retail,0.15,Frank,5904.371999999999,Cash,FREESHIP,0,REG101299,Cust 2111,25.84,2024-12-26,2025-01-03,Sophie,8,5904.371999999999,2024,12,4,2024-12,5904.371999999999,5878.531999999999,High (11–15%)
2025-01-23,East,Tablet,7,196.88,Store C,Retail,0.0,Diana,1378.16,Debit Card,SAVE10,0,REG101300,Cust 9506,44.92,2025-01-23,2025-01-31,Eric,8,1378.1599999999999,2025,1,1,2025-01,1378.16,1333.24,No Discount
2024-03-25,South,Phone,7,446.32,Store B,Wholesale,0.1,Alice,2811.816,Debit Card,None,0,REG101301,Cust 2341,47.23,2024-03-25,2024-04-01,Sophie,7,2811.816,2024,3,1,2024-03,2811.816,2764.586,Mid (6–10%)
2025-03-04,Central,Tablet,11,447.38,Store D,Wholesale,0.0,Alice,4921.18,Gift Card,SAVE10,0,REG101302,Cust 7035,36.72,2025-03-04,2025-03-11,Cameron,7,4921.18,2025,3,1,2025-03,4921.18,4884.46,No Discount
2023-10-20,South,Desk,14,275.34,Store B,Retail,0.1,Carlos,3469.284,Online,None,1,REG101303,Cust 5935,32.8,2023-10-20,2023-10-24,Sophie,4,3469.2839999999997,2023,10,4,2023-10,0.0,-32.8,Mid (6–10%)
2024-09-19,Central,Desk,2,27.64,Store B,Retail,0.15,Frank,46.988,Credit Card,FREESHIP,0,REG101304,Cust 3291,21.73,2024-09-19,2024-09-28,Cameron,9,46.988,2024,9,3,2024-09,46.988,25.258,High (11–15%)
2023-09-23,North,Monitor,17,439.3,Store B,Retail,0.0,Frank,7468.1,Online,FREESHIP,0,REG101305,Cust 5258,12.87,2023-09-23,2023-09-26,Ryan,3,7468.1,2023,9,3,2023-09,7468.1,7455.2300000000005,No Discount
2024-12-31,East,Printer,15,573.81,Store C,Retail,0.0,Alice,8607.15,Gift Card,SAVE10,0,REG101306,Cust 4715,35.87,2024-12-31,2025-01-02,Eric,2,8607.15,2024,12,4,2024-12,8607.15,8571.279999999999,No Discount
2024-01-23,North,Desk,19,360.06,Store C,Wholesale,0.05,Eva,6499.083,Debit Card,FREESHIP,0,REG101307,Cust 3106,33.19,2024-01-23,2024-01-31,Ryan,8,6499.083,2024,1,1,2024-01,6499.083,6465.893,Low (1–5%)
2023-06-13,East,Laptop,7,535.2,Store C,Retail,0.1,Frank,3371.760000000001,Debit Card,None,0,REG101308,Cust 9606,10.44,2023-06-13,2023-06-23,Eric,10,3371.7600000000007,2023,6,2,2023-06,3371.760000000001,3361.320000000001,Mid (6–10%)
2023-07-01,East,Chair,19,161.13,Store A,Wholesale,0.0,Diana,3061.47,Credit Card,FREESHIP,0,REG101309,Cust 9182,5.46,2023-07-01,2023-07-06,Eric,5,3061.47,2023,7,3,2023-07,3061.47,3056.0099999999998,No Discount
2025-03-22,South,Laptop,11,29.6,Store D,Retail,0.15,Carlos,276.76,Cash,FREESHIP,1,REG101310,Cust 6299,34.96,2025-03-22,2025-03-25,Sophie,3,276.76,2025,3,1,2025-03,0.0,-34.96,High (11–15%)
2025-02-07,South,Laptop,16,172.89,Store B,Wholesale,0.15,Diana,2351.304,Credit Card,FREESHIP,1,REG101311,Cust 9628,41.87,2025-02-07,2025-02-15,Sophie,8,2351.3039999999996,2025,2,1,2025-02,0.0,-41.87,High (11–15%)
2023-10-18,North,Phone,5,48.06,Store A,Wholesale,0.0,Alice,240.3,Gift Card,FREESHIP,0,REG101312,Cust 3831,19.17,2023-10-18,2023-10-26,Ryan,8,240.3,2023,10,4,2023-10,240.3,221.13,No Discount
2024-01-02,Central,Desk,7,55.76,Store C,Wholesale,0.1,Alice,351.288,Online,None,0,REG101313,Cust 7955,38.98,2024-01-02,2024-01-11,Cameron,9,351.288,2024,1,1,2024-01,351.288,312.308,Mid (6–10%)
2025-03-08,South,Laptop,4,24.58,Store B,Wholesale,0.15,Carlos,83.57199999999999,Debit Card,WINTER15,0,REG101314,Cust 3939,39.87,2025-03-08,2025-03-17,Sophie,9,83.57199999999999,2025,3,1,2025-03,83.57199999999999,43.70199999999999,High (11–15%)
2023-07-03,West,Desk,2,504.82,Store D,Retail,0.0,Carlos,1009.64,Debit Card,FREESHIP,0,REG101315,Cust 7916,25.54,2023-07-03,2023-07-08,Wendy,5,1009.64,2023,7,3,2023-07,1009.64,984.1,No Discount
2023-11-15,North,Tablet,17,275.89,Store B,Wholesale,0.1,Bob,4221.117,Gift Card,FREESHIP,0,REG101316,Cust 2477,15.43,2023-11-15,2023-11-22,Ryan,7,4221.117,2023,11,4,2023-11,4221.117,4205.687,Mid (6–10%)
2024-02-10,West,Desk,9,130.57,Store C,Wholesale,0.1,Eva,1057.617,Cash,WINTER15,0,REG101317,Cust 3781,37.14,2024-02-10,2024-02-17,Wendy,7,1057.617,2024,2,1,2024-02,1057.617,1020.477,Mid (6–10%)
2025-04-09,West,Monitor,12,312.72,Store C,Retail,0.0,Eva,3752.64,Gift Card,None,0,REG101318,Cust 2641,18.46,2025-04-09,2025-04-19,Wendy,10,3752.6400000000003,2025,4,2,2025-04,3752.64,3734.18,No Discount
2023-09-09,West,Tablet,18,222.66,Store C,Wholesale,0.05,Alice,3807.486,Gift Card,SAVE10,0,REG101319,Cust 1969,12.91,2023-09-09,2023-09-12,Wendy,3,3807.486,2023,9,3,2023-09,3807.486,3794.576,Low (1–5%)
2023-03-19,East,Phone,13,374.05,Store D,Wholesale,0.05,Diana,4619.5175,Debit Card,FREESHIP,0,REG101320,Cust 4494,26.32,2023-03-19,2023-03-26,Eric,7,4619.5175,2023,3,1,2023-03,4619.5175,4593.1975,Low (1–5%)
2024-12-31,Central,Printer,11,331.29,Store B,Wholesale,0.1,Alice,3279.771,Credit Card,WINTER15,0,REG101321,Cust 8850,6.22,2024-12-31,2025-01-02,Cameron,2,3279.771,2024,12,4,2024-12,3279.771,3273.5510000000004,Mid (6–10%)
2023-11-24,Central,Phone,5,533.52,Store D,Wholesale,0.0,Carlos,2667.6,Credit Card,FREESHIP,1,REG101322,Cust 3061,9.08,2023-11-24,2023-11-26,Cameron,2,2667.6,2023,11,4,2023-11,0.0,-9.08,No Discount
2025-05-15,East,Chair,10,492.24,Store A,Retail,0.0,Alice,4922.4,Gift Card,WINTER15,0,REG101323,Cust 4732,38.89,2025-05-15,2025-05-22,Eric,7,4922.4,2025,5,2,2025-05,4922.4,4883.509999999999,No Discount
2025-04-06,South,Tablet,9,543.57,Store D,Retail,0.15,Diana,4158.3105,Debit Card,SAVE10,0,REG101324,Cust 9889,7.54,2025-04-06,2025-04-11,Sophie,5,4158.3105,2025,4,2,2025-04,4158.3105,4150.7705,High (11–15%)
2024-02-06,South,Desk,17,141.76,Store D,Wholesale,0.1,Bob,2168.928,Cash,WINTER15,1,REG101325,Cust 2165,9.98,2024-02-06,2024-02-14,Sophie,8,2168.9280000000003,2024,2,1,2024-02,0.0,-9.98,Mid (6–10%)
2025-05-14,North,Laptop,12,502.7,Store D,Wholesale,0.1,Alice,5429.16,Credit Card,FREESHIP,0,REG101326,Cust 6121,6.49,2025-05-14,2025-05-20,Ryan,6,5429.16,2025,5,2,2025-05,5429.16,5422.67,Mid (6–10%)
2023-01-13,East,Tablet,10,155.43,Store D,Wholesale,0.05,Frank,1476.585,Gift Card,WINTER15,0,REG101327,Cust 4071,26.49,2023-01-13,2023-01-18,Eric,5,1476.585,2023,1,1,2023-01,1476.585,1450.095,Low (1–5%)
2024-02-19,North,Tablet,18,203.73,Store B,Wholesale,0.0,Carlos,3667.14,Gift Card,SAVE10,1,REG101328,Cust 5249,24.98,2024-02-19,2024-02-28,Ryan,9,3667.14,2024,2,1,2024-02,0.0,-24.98,No Discount
2023-10-07,South,Phone,3,464.11,Store B,Wholesale,0.15,Alice,1183.4805,Gift Card,None,0,REG101329,Cust 4262,27.45,2023-10-07,2023-10-12,Sophie,5,1183.4805,2023,10,4,2023-10,1183.4805,1156.0304999999998,High (11–15%)
2024-09-17,Central,Chair,2,442.03,Store B,Retail,0.15,Carlos,751.4509999999999,Debit Card,WINTER15,0,REG101330,Cust 9314,28.71,2024-09-17,2024-09-19,Cameron,2,751.4509999999999,2024,9,3,2024-09,751.4509999999999,722.7409999999999,High (11–15%)
2023-05-07,North,Phone,7,82.91,Store A,Retail,0.05,Eva,551.3515,Debit Card,WINTER15,1,REG101331,Cust 7703,17.03,2023-05-07,2023-05-17,Ryan,10,551.3515,2023,5,2,2023-05,0.0,-17.03,Low (1–5%)
2023-12-12,North,Phone,13,468.16,Store B,Retail,0.15,Alice,5173.168,Cash,SAVE10,0,REG101332,Cust 8367,29.11,2023-12-12,2023-12-21,Ryan,9,5173.168,2023,12,4,2023-12,5173.168,5144.058,High (11–15%)
2025-03-11,Central,Tablet,3,11.32,Store C,Retail,0.05,Eva,32.262,Online,WINTER15,0,REG101333,Cust 7872,16.39,2025-03-11,2025-03-14,Cameron,3,32.262,2025,3,1,2025-03,32.262,15.872,Low (1–5%)
2024-03-29,East,Chair,1,378.36,Store A,Retail,0.05,Eva,359.442,Cash,None,0,REG101334,Cust 4732,7.59,2024-03-29,2024-04-07,Eric,9,359.442,2024,3,1,2024-03,359.442,351.85200000000003,Low (1–5%)
2024-07-28,West,Tablet,6,61.06,Store D,Wholesale,0.0,Bob,366.36,Debit Card,SAVE10,1,REG101335,Cust 1007,49.09,2024-07-28,2024-08-05,Wendy,8,366.36,2024,7,3,2024-07,0.0,-49.09,No Discount
2024-07-11,South,Tablet,14,98.06,Store A,Wholesale,0.1,Alice,1235.556,Debit Card,SAVE10,1,REG101336,Cust 1946,10.34,2024-07-11,2024-07-21,Sophie,10,1235.5560000000003,2024,7,3,2024-07,0.0,-10.34,Mid (6–10%)
2024-07-05,West,Laptop,16,123.86,Store A,Wholesale,0.15,Alice,1684.496,Gift Card,None,1,REG101337,Cust 6347,18.02,2024-07-05,2024-07-14,Wendy,9,1684.4959999999999,2024,7,3,2024-07,0.0,-18.02,High (11–15%)
2024-03-19,East,Laptop,16,90.3,Store C,Wholesale,0.05,Diana,1372.56,Online,WINTER15,0,REG101338,Cust 6499,25.25,2024-03-19,2024-03-24,Eric,5,1372.56,2024,3,1,2024-03,1372.56,1347.31,Low (1–5%)
2023-12-25,Central,Tablet,18,470.91,Store C,Wholesale,0.1,Eva,7628.742000000001,Gift Card,FREESHIP,0,REG101339,Cust 1420,14.87,2023-12-25,2023-12-29,Cameron,4,7628.742000000001,2023,12,4,2023-12,7628.742000000001,7613.872000000001,Mid (6–10%)
2024-12-03,South,Monitor,12,383.45,Store C,Retail,0.0,Bob,4601.4,Debit Card,FREESHIP,0,REG101340,Cust 6744,11.62,2024-12-03,2024-12-05,Sophie,2,4601.4,2024,12,4,2024-12,4601.4,4589.78,No Discount
2023-09-08,East,Tablet,20,293.94,Store B,Retail,0.15,Alice,4996.98,Credit Card,SAVE10,0,REG101341,Cust 5690,9.29,2023-09-08,2023-09-15,Eric,7,4996.9800000000005,2023,9,3,2023-09,4996.98,4987.69,High (11–15%)
2024-01-05,East,Desk,2,454.01,Store B,Wholesale,0.0,Diana,908.02,Online,WINTER15,0,REG101342,Cust 1265,9.78,2024-01-05,2024-01-07,Eric,2,908.02,2024,1,1,2024-01,908.02,898.24,No Discount
2023-08-03,South,Chair,5,163.55,Store D,Retail,0.05,Frank,776.8625,Cash,None,0,REG101343,Cust 7676,28.9,2023-08-03,2023-08-10,Sophie,7,776.8625,2023,8,3,2023-08,776.8625,747.9625,Low (1–5%)
2025-02-11,North,Monitor,12,141.61,Store B,Wholesale,0.0,Frank,1699.32,Credit Card,WINTER15,0,REG101344,Cust 4442,11.72,2025-02-11,2025-02-21,Ryan,10,1699.3200000000002,2025,2,1,2025-02,1699.32,1687.6,No Discount
2023-06-17,South,Chair,6,332.18,Store B,Wholesale,0.1,Bob,1793.772,Online,WINTER15,0,REG101345,Cust 2975,21.95,2023-06-17,2023-06-21,Sophie,4,1793.772,2023,6,2,2023-06,1793.772,1771.822,Mid (6–10%)
2024-02-05,Central,Monitor,14,463.96,Store D,Retail,0.15,Diana,5521.124,Gift Card,None,0,REG101346,Cust 7832,29.19,2024-02-05,2024-02-14,Cameron,9,5521.124,2024,2,1,2024-02,5521.124,5491.934,High (11–15%)
2024-03-17,South,Desk,10,68.27,Store A,Wholesale,0.15,Diana,580.295,Credit Card,None,0,REG101347,Cust 7753,24.33,2024-03-17,2024-03-27,Sophie,10,580.295,2024,3,1,2024-03,580.295,555.9649999999999,High (11–15%)
2024-02-03,Central,Laptop,8,27.01,Store C,Wholesale,0.05,Eva,205.276,Online,FREESHIP,1,REG101348,Cust 8639,42.65,2024-02-03,2024-02-09,Cameron,6,205.276,2024,2,1,2024-02,0.0,-42.65,Low (1–5%)
2023-03-31,North,Tablet,9,78.8,Store D,Retail,0.1,Alice,638.28,Online,FREESHIP,0,REG101349,Cust 9878,9.29,2023-03-31,2023-04-10,Ryan,10,638.28,2023,3,1,2023-03,638.28,628.99,Mid (6–10%)
2023-08-18,West,Tablet,16,174.68,Store B,Wholesale,0.15,Frank,2375.648,Credit Card,None,0,REG101350,Cust 4205,45.99,2023-08-18,2023-08-22,Wendy,4,2375.648,2023,8,3,2023-08,2375.648,2329.6580000000004,High (11–15%)
2023-09-10,Central,Printer,4,306.06,Store C,Wholesale,0.05,Carlos,1163.028,Gift Card,SAVE10,1,REG101351,Cust 4009,32.75,2023-09-10,2023-09-13,Cameron,3,1163.028,2023,9,3,2023-09,0.0,-32.75,Low (1–5%)
2024-01-29,South,Tablet,12,164.22,Store C,Retail,0.0,Bob,1970.64,Credit Card,FREESHIP,0,REG101352,Cust 6499,21.46,2024-01-29,2024-02-03,Sophie,5,1970.6399999999999,2024,1,1,2024-01,1970.64,1949.18,No Discount
2024-03-21,North,Tablet,20,336.29,Store C,Retail,0.0,Eva,6725.8,Gift Card,FREESHIP,0,REG101353,Cust 4389,25.02,2024-03-21,2024-03-30,Ryan,9,6725.8,2024,3,1,2024-03,6725.8,6700.78,No Discount
2024-08-03,West,Tablet,7,180.25,Store D,Retail,0.1,Diana,1135.575,Gift Card,WINTER15,0,REG101354,Cust 2008,36.79,2024-08-03,2024-08-05,Wendy,2,1135.575,2024,8,3,2024-08,1135.575,1098.785,Mid (6–10%)
2025-05-05,North,Monitor,1,21.75,Store C,Retail,0.0,Alice,21.75,Cash,FREESHIP,0,REG101355,Cust 6509,7.35,2025-05-05,2025-05-14,Ryan,9,21.75,2025,5,2,2025-05,21.75,14.4,No Discount
2023-02-08,West,Tablet,13,149.16,Store C,Retail,0.1,Eva,1745.172,Cash,None,1,REG101356,Cust 4270,20.9,2023-02-08,2023-02-16,Wendy,8,1745.172,2023,2,1,2023-02,0.0,-20.9,Mid (6–10%)
2023-05-26,Central,Chair,7,220.9,Store A,Wholesale,0.15,Bob,1314.355,Gift Card,FREESHIP,0,REG101357,Cust 4414,15.25,2023-05-26,2023-06-05,Cameron,10,1314.355,2023,5,2,2023-05,1314.355,1299.105,High (11–15%)
2024-07-15,East,Chair,1,364.27,Store A,Retail,0.1,Alice,327.843,Debit Card,WINTER15,0,REG101358,Cust 6409,8.91,2024-07-15,2024-07-22,Eric,7,327.843,2024,7,3,2024-07,327.843,318.933,Mid (6–10%)
2024-12-18,North,Monitor,9,306.42,Store C,Wholesale,0.0,Bob,2757.78,Online,None,0,REG101359,Cust 1621,15.81,2024-12-18,2024-12-27,Ryan,9,2757.78,2024,12,4,2024-12,2757.78,2741.9700000000003,No Discount
2024-09-29,North,Tablet,18,589.0,Store B,Wholesale,0.1,Diana,9541.800000000001,Cash,WINTER15,0,REG101360,Cust 6790,37.78,2024-09-29,2024-10-08,Ryan,9,9541.800000000001,2024,9,3,2024-09,9541.800000000001,9504.02,Mid (6–10%)
2024-10-25,South,Desk,16,249.45,Store C,Wholesale,0.1,Alice,3592.08,Cash,FREESHIP,0,REG101361,Cust 4045,20.92,2024-10-25,2024-11-01,Sophie,7,3592.08,2024,10,4,2024-10,3592.08,3571.16,Mid (6–10%)
2025-01-06,North,Monitor,20,440.32,Store C,Retail,0.05,Alice,8366.08,Debit Card,SAVE10,1,REG101362,Cust 1258,6.17,2025-01-06,2025-01-16,Ryan,10,8366.08,2025,1,1,2025-01,0.0,-6.17,Low (1–5%)
2023-11-19,Central,Tablet,3,101.34,Store A,Wholesale,0.0,Carlos,304.02,Debit Card,None,0,REG101363,Cust 8051,23.15,2023-11-19,2023-11-21,Cameron,2,304.02,2023,11,4,2023-11,304.02,280.87,No Discount
2024-04-11,South,Phone,17,311.61,Store A,Retail,0.05,Eva,5032.501499999999,Online,None,1,REG101364,Cust 9371,29.9,2024-04-11,2024-04-17,Sophie,6,5032.501499999999,2024,4,2,2024-04,0.0,-29.9,Low (1–5%)
2024-03-30,South,Monitor,2,441.18,Store B,Retail,0.15,Bob,750.006,Cash,None,1,REG101365,Cust 9881,23.07,2024-03-30,2024-04-06,Sophie,7,750.006,2024,3,1,2024-03,0.0,-23.07,High (11–15%)
2024-11-25,North,Chair,20,286.66,Store D,Retail,0.1,Carlos,5159.880000000001,Debit Card,WINTER15,0,REG101366,Cust 2153,15.54,2024-11-25,2024-11-29,Ryan,4,5159.880000000001,2024,11,4,2024-11,5159.880000000001,5144.340000000001,Mid (6–10%)
2025-01-06,North,Printer,13,483.63,Store A,Retail,0.05,Carlos,5972.830499999999,Cash,FREESHIP,0,REG101367,Cust 9189,18.22,2025-01-06,2025-01-15,Ryan,9,5972.830499999999,2025,1,1,2025-01,5972.830499999999,5954.610499999999,Low (1–5%)
2023-04-15,West,Tablet,8,304.15,Store B,Wholesale,0.05,Carlos,2311.54,Debit Card,None,0,REG101368,Cust 8802,41.73,2023-04-15,2023-04-18,Wendy,3,2311.5399999999995,2023,4,2,2023-04,2311.54,2269.81,Low (1–5%)
2024-02-07,East,Printer,10,452.21,Store A,Retail,0.1,Eva,4069.889999999999,Cash,WINTER15,0,REG101369,Cust 8707,15.87,2024-02-07,2024-02-17,Eric,10,4069.8899999999994,2024,2,1,2024-02,4069.889999999999,4054.019999999999,Mid (6–10%)
2023-06-02,East,Printer,4,248.16,Store B,Retail,0.1,Diana,893.376,Credit Card,None,1,REG101370,Cust 5638,45.11,2023-06-02,2023-06-05,Eric,3,893.376,2023,6,2,2023-06,0.0,-45.11,Mid (6–10%)
2023-08-24,East,Laptop,4,520.0,Store A,Retail,0.0,Eva,2080.0,Credit Card,WINTER15,0,REG101371,Cust 6036,18.25,2023-08-24,2023-09-02,Eric,9,2080.0,2023,8,3,2023-08,2080.0,2061.75,No Discount
2024-12-06,South,Chair,11,571.07,Store A,Retail,0.0,Frank,6281.77,Gift Card,SAVE10,0,REG101372,Cust 5504,12.6,2024-12-06,2024-12-11,Sophie,5,6281.77,2024,12,4,2024-12,6281.77,6269.17,No Discount
2023-12-08,East,Tablet,11,65.57,Store D,Retail,0.1,Diana,649.143,Debit Card,SAVE10,1,REG101373,Cust 1161,30.43,2023-12-08,2023-12-14,Eric,6,649.143,2023,12,4,2023-12,0.0,-30.43,Mid (6–10%)
2023-05-12,South,Tablet,4,397.02,Store A,Wholesale,0.0,Frank,1588.08,Cash,FREESHIP,0,REG101374,Cust 5420,23.25,2023-05-12,2023-05-20,Sophie,8,1588.08,2023,5,2,2023-05,1588.08,1564.83,No Discount
2025-04-24,West,Laptop,10,169.35,Store B,Retail,0.05,Alice,1608.825,Credit Card,WINTER15,0,REG101375,Cust 7745,44.91,2025-04-24,2025-04-27,Wendy,3,1608.8249999999998,2025,4,2,2025-04,1608.825,1563.915,Low (1–5%)
2023-04-23,Central,Tablet,9,340.44,Store D,Retail,0.05,Carlos,2910.762,Debit Card,FREESHIP,1,REG101376,Cust 4365,36.68,2023-04-23,2023-05-03,Cameron,10,2910.7619999999997,2023,4,2,2023-04,0.0,-36.68,Low (1–5%)
2023-01-18,North,Monitor,1,120.2,Store D,Retail,0.05,Carlos,114.19,Online,WINTER15,0,REG101377,Cust 3291,44.99,2023-01-18,2023-01-21,Ryan,3,114.19,2023,1,1,2023-01,114.19,69.19999999999999,Low (1–5%)
2025-05-11,North,Phone,13,169.39,Store B,Wholesale,0.15,Diana,1871.7595,Credit Card,None,0,REG101378,Cust 9020,6.81,2025-05-11,2025-05-21,Ryan,10,1871.7594999999997,2025,5,2,2025-05,1871.7595,1864.9495,High (11–15%)
2024-12-23,West,Tablet,10,170.72,Store A,Wholesale,0.05,Frank,1621.84,Online,FREESHIP,0,REG101379,Cust 2667,29.18,2024-12-23,2025-01-02,Wendy,10,1621.84,2024,12,4,2024-12,1621.84,1592.6599999999999,Low (1–5%)
2023-08-20,West,Desk,9,323.77,Store A,Wholesale,0.15,Carlos,2476.8405,Debit Card,None,0,REG101380,Cust 6158,6.36,2023-08-20,2023-08-28,Wendy,8,2476.8405,2023,8,3,2023-08,2476.8405,2470.4804999999997,High (11–15%)
2025-03-18,Central,Chair,4,481.86,Store B,Wholesale,0.0,Bob,1927.44,Online,FREESHIP,0,REG101381,Cust 7404,21.92,2025-03-18,2025-03-23,Cameron,5,1927.44,2025,3,1,2025-03,1927.44,1905.52,No Discount
2024-01-16,Central,Phone,4,78.05,Store A,Retail,0.0,Carlos,312.2,Credit Card,None,0,REG101382,Cust 8572,14.03,2024-01-16,2024-01-24,Cameron,8,312.2,2024,1,1,2024-01,312.2,298.17,No Discount
2024-05-29,East,Tablet,6,57.4,Store C,Wholesale,0.1,Eva,309.96,Debit Card,FREESHIP,0,REG101383,Cust 1043,26.42,2024-05-29,2024-06-08,Eric,10,309.96,2024,5,2,2024-05,309.96,283.53999999999996,Mid (6–10%)
2025-03-25,South,Laptop,9,454.98,Store B,Wholesale,0.15,Eva,3480.597,Credit Card,None,0,REG101384,Cust 1766,40.76,2025-03-25,2025-03-27,Sophie,2,3480.597,2025,3,1,2025-03,3480.597,3439.837,High (11–15%)
2025-03-22,Central,Desk,11,365.75,Store D,Wholesale,0.05,Bob,3822.0875,Debit Card,FREESHIP,1,REG101385,Cust 4461,8.37,2025-03-22,2025-03-27,Cameron,5,3822.0874999999996,2025,3,1,2025-03,0.0,-8.37,Low (1–5%)
2024-08-17,East,Phone,7,106.88,Store C,Retail,0.05,Diana,710.752,Cash,WINTER15,1,REG101386,Cust 4390,26.12,2024-08-17,2024-08-24,Eric,7,710.752,2024,8,3,2024-08,0.0,-26.12,Low (1–5%)
2024-06-02,South,Printer,2,250.98,Store B,Wholesale,0.1,Eva,451.764,Online,WINTER15,0,REG101387,Cust 9451,18.8,2024-06-02,2024-06-12,Sophie,10,451.764,2024,6,2,2024-06,451.764,432.964,Mid (6–10%)
2023-03-31,South,Monitor,8,591.29,Store C,Retail,0.1,Diana,4257.288,Credit Card,None,1,REG101388,Cust 5335,45.14,2023-03-31,2023-04-10,Sophie,10,4257.288,2023,3,1,2023-03,0.0,-45.14,Mid (6–10%)
2024-05-19,West,Monitor,18,369.79,Store A,Wholesale,0.05,Eva,6323.409,Cash,FREESHIP,1,REG101389,Cust 3487,16.4,2024-05-19,2024-05-23,Wendy,4,6323.409,2024,5,2,2024-05,0.0,-16.4,Low (1–5%)
2023-03-02,West,Desk,15,166.24,Store D,Wholesale,0.1,Diana,2244.24,Debit Card,SAVE10,0,REG101390,Cust 7613,9.86,2023-03-02,2023-03-05,Wendy,3,2244.2400000000002,2023,3,1,2023-03,2244.24,2234.3799999999997,Mid (6–10%)
2023-03-13,North,Printer,12,260.76,Store C,Wholesale,0.15,Carlos,2659.752,Online,None,0,REG101391,Cust 9436,20.92,2023-03-13,2023-03-22,Ryan,9,2659.752,2023,3,1,2023-03,2659.752,2638.832,High (11–15%)
2025-04-16,West,Laptop,10,348.63,Store D,Wholesale,0.05,Diana,3311.985,Credit Card,None,1,REG101392,Cust 2197,42.79,2025-04-16,2025-04-18,Wendy,2,3311.985,2025,4,2,2025-04,0.0,-42.79,Low (1–5%)
2024-06-05,North,Chair,5,473.28,Store A,Retail,0.0,Diana,2366.4,Credit Card,SAVE10,1,REG101393,Cust 5620,30.69,2024-06-05,2024-06-15,Ryan,10,2366.3999999999996,2024,6,2,2024-06,0.0,-30.69,No Discount
2024-09-01,North,Chair,16,401.83,Store B,Retail,0.0,Eva,6429.28,Cash,FREESHIP,0,REG101394,Cust 4101,21.54,2024-09-01,2024-09-05,Ryan,4,6429.28,2024,9,3,2024-09,6429.28,6407.74,No Discount
2024-09-21,North,Phone,10,269.29,Store C,Retail,0.0,Eva,2692.9,Debit Card,SAVE10,0,REG101395,Cust 8828,14.09,2024-09-21,2024-09-30,Ryan,9,2692.9,2024,9,3,2024-09,2692.9,2678.81,No Discount
2025-01-11,North,Desk,4,323.02,Store C,Retail,0.05,Diana,1227.476,Cash,None,0,REG101396,Cust 3187,19.53,2025-01-11,2025-01-16,Ryan,5,1227.4759999999999,2025,1,1,2025-01,1227.476,1207.9460000000001,Low (1–5%)
2023-01-04,West,Monitor,15,439.89,Store D,Retail,0.15,Diana,5608.597499999999,Online,FREESHIP,0,REG101397,Cust 1081,49.71,2023-01-04,2023-01-08,Wendy,4,5608.597499999999,2023,1,1,2023-01,5608.597499999999,5558.887499999999,High (11–15%)
2023-05-02,West,Monitor,16,483.09,Store C,Wholesale,0.05,Alice,7342.967999999999,Debit Card,None,1,REG101398,Cust 5049,37.66,2023-05-02,2023-05-05,Wendy,3,7342.967999999999,2023,5,2,2023-05,0.0,-37.66,Low (1–5%)
2023-07-09,East,Phone,13,27.39,Store B,Retail,0.15,Frank,302.6595,Cash,None,0,REG101399,Cust 5409,22.95,2023-07-09,2023-07-14,Eric,5,302.6595,2023,7,3,2023-07,302.6595,279.7095,High (11–15%)
2025-02-27,East,Monitor,18,432.52,Store D,Retail,0.05,Bob,7396.092,Credit Card,SAVE10,1,REG101400,Cust 2372,34.19,2025-02-27,2025-03-04,Eric,5,7396.092,2025,2,1,2025-02,0.0,-34.19,Low (1–5%)
2024-09-23,West,Printer,3,360.93,Store B,Wholesale,0.15,Diana,920.3715,Debit Card,WINTER15,0,REG101401,Cust 2741,35.61,2024-09-23,2024-09-29,Wendy,6,920.3715,2024,9,3,2024-09,920.3715,884.7615,High (11–15%)
2025-06-22,East,Tablet,5,414.58,Store B,Retail,0.1,Diana,1865.61,Gift Card,None,0,REG101402,Cust 2571,14.98,2025-06-22,2025-07-01,Eric,9,1865.6100000000001,2025,6,2,2025-06,1865.61,1850.6299999999999,Mid (6–10%)
2025-01-19,Central,Tablet,4,68.04,Store C,Wholesale,0.0,Bob,272.16,Online,FREESHIP,0,REG101403,Cust 6301,18.72,2025-01-19,2025-01-28,Cameron,9,272.16,2025,1,1,2025-01,272.16,253.44000000000003,No Discount
2025-02-03,East,Phone,10,407.99,Store C,Retail,0.15,Eva,3467.915,Cash,None,0,REG101404,Cust 7918,49.59,2025-02-03,2025-02-08,Eric,5,3467.915,2025,2,1,2025-02,3467.915,3418.325,High (11–15%)
2023-11-11,East,Tablet,15,274.77,Store D,Retail,0.0,Eva,4121.549999999999,Cash,None,1,REG101405,Cust 3456,19.37,2023-11-11,2023-11-17,Eric,6,4121.549999999999,2023,11,4,2023-11,0.0,-19.37,No Discount
2024-05-08,East,Desk,15,31.81,Store C,Wholesale,0.15,Eva,405.5775,Cash,SAVE10,0,REG101406,Cust 8272,23.61,2024-05-08,2024-05-10,Eric,2,405.5775,2024,5,2,2024-05,405.5775,381.9675,High (11–15%)
2023-09-18,South,Printer,14,268.32,Store D,Retail,0.0,Frank,3756.48,Online,WINTER15,0,REG101407,Cust 7302,43.14,2023-09-18,2023-09-27,Sophie,9,3756.48,2023,9,3,2023-09,3756.48,3713.34,No Discount
2025-04-05,Central,Tablet,19,350.12,Store D,Retail,0.05,Alice,6319.665999999999,Credit Card,FREESHIP,0,REG101408,Cust 6716,48.98,2025-04-05,2025-04-13,Cameron,8,6319.665999999999,2025,4,2,2025-04,6319.665999999999,6270.686,Low (1–5%)
2023-09-13,Central,Desk,9,329.15,Store A,Retail,0.05,Diana,2814.2325,Gift Card,FREESHIP,0,REG101409,Cust 5484,29.41,2023-09-13,2023-09-15,Cameron,2,2814.2324999999996,2023,9,3,2023-09,2814.2325,2784.8225,Low (1–5%)
2024-06-28,East,Monitor,1,577.07,Store C,Wholesale,0.05,Frank,548.2165,Online,WINTER15,0,REG101410,Cust 4652,22.97,2024-06-28,2024-07-06,Eric,8,548.2165,2024,6,2,2024-06,548.2165,525.2465,Low (1–5%)
2023-04-06,Central,Chair,6,544.33,Store B,Wholesale,0.1,Carlos,2939.382000000001,Cash,None,0,REG101411,Cust 1222,11.52,2023-04-06,2023-04-08,Cameron,2,2939.3820000000005,2023,4,2,2023-04,2939.382000000001,2927.862000000001,Mid (6–10%)
2023-05-13,South,Laptop,18,331.45,Store D,Retail,0.15,Alice,5071.184999999999,Cash,WINTER15,1,REG101412,Cust 3559,32.92,2023-05-13,2023-05-18,Sophie,5,5071.1849999999995,2023,5,2,2023-05,0.0,-32.92,High (11–15%)
2025-05-07,East,Laptop,1,421.26,Store D,Retail,0.1,Eva,379.134,Debit Card,FREESHIP,0,REG101413,Cust 1287,36.34,2025-05-07,2025-05-15,Eric,8,379.134,2025,5,2,2025-05,379.134,342.794,Mid (6–10%)
2025-03-22,North,Tablet,4,555.02,Store B,Retail,0.1,Diana,1998.072,Cash,SAVE10,0,REG101414,Cust 5444,45.25,2025-03-22,2025-03-27,Ryan,5,1998.072,2025,3,1,2025-03,1998.072,1952.822,Mid (6–10%)
2024-06-24,South,Laptop,19,254.03,Store C,Wholesale,0.0,Frank,4826.57,Online,SAVE10,1,REG101415,Cust 4018,11.21,2024-06-24,2024-07-02,Sophie,8,4826.57,2024,6,2,2024-06,0.0,-11.21,No Discount
2025-06-29,West,Tablet,9,533.93,Store D,Retail,0.15,Frank,4084.5645,Gift Card,None,0,REG101416,Cust 6355,34.76,2025-06-29,2025-07-03,Wendy,4,4084.5645,2025,6,2,2025-06,4084.5645,4049.8044999999997,High (11–15%)
2024-04-01,West,Desk,7,241.35,Store B,Wholesale,0.1,Diana,1520.505,Credit Card,SAVE10,0,REG101417,Cust 6620,42.43,2024-04-01,2024-04-10,Wendy,9,1520.505,2024,4,2,2024-04,1520.505,1478.075,Mid (6–10%)
2024-06-04,North,Tablet,11,160.37,Store B,Wholesale,0.05,Carlos,1675.8665,Cash,None,0,REG101418,Cust 4092,36.05,2024-06-04,2024-06-14,Ryan,10,1675.8665,2024,6,2,2024-06,1675.8665,1639.8165000000001,Low (1–5%)
2023-03-30,East,Tablet,1,419.1,Store B,Wholesale,0.1,Carlos,377.1900000000001,Gift Card,SAVE10,1,REG101419,Cust 4812,38.81,2023-03-30,2023-04-06,Eric,7,377.19000000000005,2023,3,1,2023-03,0.0,-38.81,Mid (6–10%)
2025-03-26,East,Laptop,13,138.72,Store D,Wholesale,0.15,Carlos,1532.856,Cash,WINTER15,1,REG101420,Cust 8389,17.89,2025-03-26,2025-03-28,Eric,2,1532.8559999999998,2025,3,1,2025-03,0.0,-17.89,High (11–15%)
2023-08-22,West,Monitor,8,461.04,Store B,Retail,0.0,Alice,3688.32,Online,FREESHIP,0,REG101421,Cust 4529,13.62,2023-08-22,2023-08-24,Wendy,2,3688.32,2023,8,3,2023-08,3688.32,3674.7000000000003,No Discount
2024-04-16,South,Phone,6,524.19,Store D,Retail,0.15,Frank,2673.369,Cash,WINTER15,0,REG101422,Cust 2365,31.04,2024-04-16,2024-04-20,Sophie,4,2673.369,2024,4,2,2024-04,2673.369,2642.329,High (11–15%)
2025-05-11,Central,Chair,16,305.21,Store A,Wholesale,0.1,Alice,4395.023999999999,Debit Card,SAVE10,0,REG101423,Cust 6361,33.37,2025-05-11,2025-05-19,Cameron,8,4395.023999999999,2025,5,2,2025-05,4395.023999999999,4361.6539999999995,Mid (6–10%)
2023-12-11,North,Printer,16,438.71,Store C,Retail,0.0,Alice,7019.36,Online,None,0,REG101424,Cust 4228,6.53,2023-12-11,2023-12-21,Ryan,10,7019.36,2023,12,4,2023-12,7019.36,7012.83,No Discount
2023-01-16,North,Printer,10,193.96,Store D,Wholesale,0.1,Alice,1745.64,Gift Card,None,0,REG101425,Cust 3940,41.3,2023-01-16,2023-01-21,Ryan,5,1745.64,2023,1,1,2023-01,1745.64,1704.3400000000001,Mid (6–10%)
2023-05-10,East,Phone,18,580.42,Store A,Wholesale,0.05,Bob,9925.181999999999,Online,SAVE10,0,REG101426,Cust 4392,37.81,2023-05-10,2023-05-17,Eric,7,9925.181999999999,2023,5,2,2023-05,9925.181999999999,9887.372,Low (1–5%)
2024-06-22,Central,Monitor,18,91.55,Store C,Retail,0.1,Alice,1483.11,Debit Card,FREESHIP,0,REG101427,Cust 4404,32.54,2024-06-22,2024-06-29,Cameron,7,1483.11,2024,6,2,2024-06,1483.11,1450.57,Mid (6–10%)
2025-03-29,West,Tablet,13,113.78,Store C,Wholesale,0.1,Eva,1331.226,Online,FREESHIP,0,REG101428,Cust 2981,28.07,2025-03-29,2025-04-07,Wendy,9,1331.226,2025,3,1,2025-03,1331.226,1303.1560000000002,Mid (6–10%)
2023-04-18,North,Tablet,16,477.91,Store A,Wholesale,0.0,Carlos,7646.56,Credit Card,WINTER15,0,REG101429,Cust 3571,21.89,2023-04-18,2023-04-23,Ryan,5,7646.56,2023,4,2,2023-04,7646.56,7624.67,No Discount
2023-02-07,Central,Laptop,14,306.39,Store A,Retail,0.1,Eva,3860.514,Cash,WINTER15,0,REG101430,Cust 2592,38.73,2023-02-07,2023-02-09,Cameron,2,3860.514,2023,2,1,2023-02,3860.514,3821.784,Mid (6–10%)
2025-01-22,East,Tablet,17,8.33,Store A,Retail,0.05,Eva,134.5295,Cash,None,0,REG101431,Cust 6209,43.29,2025-01-22,2025-01-25,Eric,3,134.5295,2025,1,1,2025-01,134.5295,91.23950000000002,Low (1–5%)
2023-07-04,East,Phone,6,346.86,Store C,Retail,0.05,Eva,1977.102,Gift Card,FREESHIP,0,REG101432,Cust 6600,29.18,2023-07-04,2023-07-12,Eric,8,1977.1019999999999,2023,7,3,2023-07,1977.102,1947.922,Low (1–5%)
2023-07-31,Central,Desk,14,223.26,Store B,Wholesale,0.1,Alice,2813.076,Credit Card,WINTER15,0,REG101433,Cust 6899,12.88,2023-07-31,2023-08-03,Cameron,3,2813.076,2023,7,3,2023-07,2813.076,2800.196,Mid (6–10%)
2023-04-20,North,Desk,6,529.1,Store D,Wholesale,0.0,Eva,3174.6,Debit Card,WINTER15,0,REG101434,Cust 1563,5.13,2023-04-20,2023-04-27,Ryan,7,3174.6000000000004,2023,4,2,2023-04,3174.6,3169.47,No Discount
2024-10-08,Central,Tablet,11,97.34,Store D,Wholesale,0.1,Carlos,963.666,Debit Card,SAVE10,0,REG101435,Cust 6733,10.61,2024-10-08,2024-10-11,Cameron,3,963.666,2024,10,4,2024-10,963.666,953.056,Mid (6–10%)
2024-01-25,East,Chair,11,422.89,Store B,Retail,0.1,Frank,4186.611,Credit Card,SAVE10,0,REG101436,Cust 7635,45.89,2024-01-25,2024-01-27,Eric,2,4186.611,2024,1,1,2024-01,4186.611,4140.721,Mid (6–10%)
2024-12-16,South,Monitor,4,557.17,Store C,Wholesale,0.05,Frank,2117.246,Credit Card,None,0,REG101437,Cust 4354,32.16,2024-12-16,2024-12-25,Sophie,9,2117.2459999999996,2024,12,4,2024-12,2117.246,2085.0860000000002,Low (1–5%)
2024-10-24,Central,Printer,9,459.65,Store B,Retail,0.1,Bob,3723.165,Gift Card,WINTER15,1,REG101438,Cust 1462,22.24,2024-10-24,2024-11-01,Cameron,8,3723.1649999999995,2024,10,4,2024-10,0.0,-22.24,Mid (6–10%)
2023-11-16,West,Monitor,8,493.35,Store A,Retail,0.1,Alice,3552.12,Cash,FREESHIP,1,REG101439,Cust 1376,12.86,2023-11-16,2023-11-20,Wendy,4,3552.1200000000003,2023,11,4,2023-11,0.0,-12.86,Mid (6–10%)
2024-03-31,South,Laptop,13,428.59,Store D,Retail,0.0,Bob,5571.67,Cash,FREESHIP,0,REG101440,Cust 6542,23.89,2024-03-31,2024-04-08,Sophie,8,5571.67,2024,3,1,2024-03,5571.67,5547.78,No Discount
2023-02-13,East,Laptop,7,242.11,Store C,Wholesale,0.05,Eva,1610.0315,Debit Card,WINTER15,0,REG101441,Cust 1186,47.19,2023-02-13,2023-02-18,Eric,5,1610.0314999999998,2023,2,1,2023-02,1610.0315,1562.8415,Low (1–5%)
2023-09-20,South,Tablet,17,477.38,Store C,Retail,0.05,Alice,7709.687,Gift Card,FREESHIP,0,REG101442,Cust 4386,35.28,2023-09-20,2023-09-27,Sophie,7,7709.687,2023,9,3,2023-09,7709.687,7674.407,Low (1–5%)
2023-06-27,South,Chair,3,261.6,Store D,Retail,0.05,Diana,745.5600000000001,Cash,WINTER15,0,REG101443,Cust 6708,42.11,2023-06-27,2023-07-07,Sophie,10,745.5600000000001,2023,6,2,2023-06,745.5600000000001,703.45,Low (1–5%)
2025-04-02,Central,Laptop,6,416.2,Store A,Wholesale,0.05,Alice,2372.34,Cash,WINTER15,1,REG101444,Cust 6354,44.14,2025-04-02,2025-04-06,Cameron,4,2372.3399999999997,2025,4,2,2025-04,0.0,-44.14,Low (1–5%)
2025-04-16,North,Printer,15,99.66,Store A,Wholesale,0.0,Eva,1494.9,Cash,FREESHIP,0,REG101445,Cust 3477,27.55,2025-04-16,2025-04-26,Ryan,10,1494.8999999999999,2025,4,2,2025-04,1494.9,1467.3500000000001,No Discount
2024-07-09,Central,Laptop,16,55.56,Store D,Wholesale,0.15,Frank,755.616,Cash,None,1,REG101446,Cust 6646,17.81,2024-07-09,2024-07-17,Cameron,8,755.616,2024,7,3,2024-07,0.0,-17.81,High (11–15%)
2025-06-23,East,Phone,20,243.47,Store A,Wholesale,0.05,Alice,4625.929999999999,Gift Card,FREESHIP,1,REG101447,Cust 4250,32.28,2025-06-23,2025-07-03,Eric,10,4625.929999999999,2025,6,2,2025-06,0.0,-32.28,Low (1–5%)
2024-06-09,East,Tablet,11,185.59,Store B,Retail,0.1,Carlos,1837.341,Gift Card,None,0,REG101448,Cust 5351,45.19,2024-06-09,2024-06-18,Eric,9,1837.3410000000001,2024,6,2,2024-06,1837.341,1792.1509999999998,Mid (6–10%)
2023-12-01,Central,Desk,11,347.38,Store C,Wholesale,0.05,Eva,3630.121,Credit Card,FREESHIP,0,REG101449,Cust 6284,24.8,2023-12-01,2023-12-03,Cameron,2,3630.1209999999996,2023,12,4,2023-12,3630.121,3605.321,Low (1–5%)
2024-07-24,West,Tablet,15,318.03,Store D,Retail,0.05,Diana,4531.9275,Gift Card,WINTER15,1,REG101450,Cust 9099,24.38,2024-07-24,2024-07-30,Wendy,6,4531.9275,2024,7,3,2024-07,0.0,-24.38,Low (1–5%)
2023-04-12,West,Chair,15,242.35,Store D,Wholesale,0.15,Diana,3089.9625,Cash,WINTER15,1,REG101451,Cust 3944,14.92,2023-04-12,2023-04-19,Wendy,7,3089.9625,2023,4,2,2023-04,0.0,-14.92,High (11–15%)
2024-12-17,North,Desk,3,82.09,Store B,Retail,0.15,Eva,209.3295,Gift Card,WINTER15,1,REG101452,Cust 6124,12.63,2024-12-17,2024-12-26,Ryan,9,209.3295,2024,12,4,2024-12,0.0,-12.63,High (11–15%)
2024-08-08,South,Monitor,10,285.73,Store D,Wholesale,0.15,Eva,2428.705,Cash,WINTER15,1,REG101453,Cust 8533,26.68,2024-08-08,2024-08-14,Sophie,6,2428.705,2024,8,3,2024-08,0.0,-26.68,High (11–15%)
2024-09-15,East,Laptop,17,341.52,Store C,Wholesale,0.1,Eva,5225.256,Credit Card,FREESHIP,0,REG101454,Cust 1135,16.67,2024-09-15,2024-09-22,Eric,7,5225.256,2024,9,3,2024-09,5225.256,5208.586,Mid (6–10%)
2023-10-08,South,Tablet,14,216.4,Store D,Wholesale,0.1,Diana,2726.64,Debit Card,WINTER15,0,REG101455,Cust 5638,40.74,2023-10-08,2023-10-10,Sophie,2,2726.64,2023,10,4,2023-10,2726.64,2685.9,Mid (6–10%)
2025-05-23,South,Phone,16,231.76,Store B,Retail,0.15,Bob,3151.936,Online,WINTER15,1,REG101456,Cust 1333,9.42,2025-05-23,2025-05-27,Sophie,4,3151.9359999999997,2025,5,2,2025-05,0.0,-9.42,High (11–15%)
2023-01-02,South,Laptop,7,61.47,Store C,Retail,0.15,Eva,365.7465,Online,FREESHIP,0,REG101457,Cust 2394,14.44,2023-01-02,2023-01-12,Sophie,10,365.74649999999997,2023,1,1,2023-01,365.7465,351.3065,High (11–15%)
2023-10-19,North,Desk,15,434.44,Store B,Wholesale,0.0,Bob,6516.6,Debit Card,None,1,REG101458,Cust 8495,33.86,2023-10-19,2023-10-28,Ryan,9,6516.6,2023,10,4,2023-10,0.0,-33.86,No Discount
2025-04-25,West,Chair,16,484.01,Store A,Wholesale,0.0,Alice,7744.16,Online,SAVE10,1,REG101459,Cust 3988,9.65,2025-04-25,2025-05-01,Wendy,6,7744.16,2025,4,2,2025-04,0.0,-9.65,No Discount
2024-03-31,Central,Desk,2,55.08,Store C,Wholesale,0.0,Frank,110.16,Credit Card,FREESHIP,0,REG101460,Cust 4664,9.85,2024-03-31,2024-04-04,Cameron,4,110.16,2024,3,1,2024-03,110.16,100.31,No Discount
2025-01-31,North,Printer,13,223.44,Store B,Retail,0.15,Carlos,2469.012,Credit Card,None,1,REG101461,Cust 5086,38.46,2025-01-31,2025-02-07,Ryan,7,2469.0119999999997,2025,1,1,2025-01,0.0,-38.46,High (11–15%)
2025-03-27,East,Phone,11,548.08,Store D,Wholesale,0.05,Eva,5727.436,Cash,None,0,REG101462,Cust 8858,25.82,2025-03-27,2025-04-06,Eric,10,5727.436,2025,3,1,2025-03,5727.436,5701.616,Low (1–5%)
2025-01-19,Central,Desk,11,133.64,Store D,Wholesale,0.0,Diana,1470.04,Debit Card,None,1,REG101463,Cust 8796,30.18,2025-01-19,2025-01-24,Cameron,5,1470.04,2025,1,1,2025-01,0.0,-30.18,No Discount
2024-05-16,North,Chair,19,368.85,Store C,Retail,0.1,Bob,6307.335000000001,Gift Card,FREESHIP,0,REG101464,Cust 2496,35.37,2024-05-16,2024-05-21,Ryan,5,6307.335000000001,2024,5,2,2024-05,6307.335000000001,6271.965000000001,Mid (6–10%)
2023-09-04,Central,Chair,14,115.98,Store A,Wholesale,0.0,Bob,1623.72,Debit Card,None,0,REG101465,Cust 5465,31.85,2023-09-04,2023-09-06,Cameron,2,1623.72,2023,9,3,2023-09,1623.72,1591.8700000000001,No Discount
2023-12-17,South,Monitor,9,55.04,Store B,Retail,0.15,Alice,421.056,Online,None,0,REG101466,Cust 2311,31.09,2023-12-17,2023-12-23,Sophie,6,421.056,2023,12,4,2023-12,421.056,389.966,High (11–15%)
2024-01-15,Central,Monitor,4,159.54,Store A,Wholesale,0.05,Alice,606.252,Credit Card,FREESHIP,0,REG101467,Cust 4575,32.36,2024-01-15,2024-01-21,Cameron,6,606.252,2024,1,1,2024-01,606.252,573.8919999999999,Low (1–5%)
2024-12-19,Central,Laptop,15,150.15,Store C,Retail,0.0,Frank,2252.25,Online,WINTER15,0,REG101468,Cust 8054,35.94,2024-12-19,2024-12-29,Cameron,10,2252.25,2024,12,4,2024-12,2252.25,2216.31,No Discount
2023-12-16,North,Chair,9,57.93,Store C,Wholesale,0.0,Bob,521.37,Gift Card,FREESHIP,1,REG101469,Cust 2553,28.73,2023-12-16,2023-12-18,Ryan,2,521.37,2023,12,4,2023-12,0.0,-28.73,No Discount
2025-05-14,Central,Laptop,4,438.58,Store D,Retail,0.05,Alice,1666.604,Online,WINTER15,0,REG101470,Cust 7547,5.1,2025-05-14,2025-05-18,Cameron,4,1666.6039999999998,2025,5,2,2025-05,1666.604,1661.5040000000001,Low (1–5%)
2023-06-30,South,Monitor,6,536.24,Store D,Retail,0.0,Diana,3217.44,Cash,WINTER15,0,REG101471,Cust 8150,35.32,2023-06-30,2023-07-02,Sophie,2,3217.44,2023,6,2,2023-06,3217.44,3182.12,No Discount
2025-06-30,South,Phone,20,444.77,Store B,Wholesale,0.1,Diana,8005.86,Online,None,1,REG101472,Cust 5635,20.05,2025-06-30,2025-07-07,Sophie,7,8005.86,2025,6,2,2025-06,0.0,-20.05,Mid (6–10%)
2025-03-14,Central,Printer,10,212.1,Store B,Retail,0.15,Eva,1802.85,Gift Card,WINTER15,0,REG101473,Cust 4360,47.93,2025-03-14,2025-03-22,Cameron,8,1802.85,2025,3,1,2025-03,1802.85,1754.9199999999998,High (11–15%)
2023-04-18,South,Phone,9,509.44,Store B,Retail,0.15,Eva,3897.216,Credit Card,SAVE10,0,REG101474,Cust 1624,13.0,2023-04-18,2023-04-27,Sophie,9,3897.216,2023,4,2,2023-04,3897.216,3884.216,High (11–15%)
2024-09-11,West,Monitor,8,236.17,Store C,Wholesale,0.15,Frank,1605.956,Cash,WINTER15,0,REG101475,Cust 6593,22.88,2024-09-11,2024-09-19,Wendy,8,1605.956,2024,9,3,2024-09,1605.956,1583.0759999999998,High (11–15%)
2023-11-21,Central,Printer,1,147.4,Store D,Retail,0.0,Carlos,147.4,Cash,SAVE10,1,REG101476,Cust 9072,40.47,2023-11-21,2023-11-28,Cameron,7,147.4,2023,11,4,2023-11,0.0,-40.47,No Discount
2024-02-29,West,Tablet,8,279.74,Store B,Retail,0.05,Alice,2126.024,Gift Card,FREESHIP,0,REG101477,Cust 1116,33.1,2024-02-29,2024-03-07,Wendy,7,2126.024,2024,2,1,2024-02,2126.024,2092.924,Low (1–5%)
2023-05-11,West,Laptop,3,304.61,Store B,Wholesale,0.05,Bob,868.1385,Cash,SAVE10,0,REG101478,Cust 8458,47.14,2023-05-11,2023-05-15,Wendy,4,868.1385,2023,5,2,2023-05,868.1385,820.9985,Low (1–5%)
2024-09-11,South,Tablet,9,238.32,Store C,Retail,0.0,Diana,2144.88,Cash,WINTER15,1,REG101479,Cust 5409,8.5,2024-09-11,2024-09-20,Sophie,9,2144.88,2024,9,3,2024-09,0.0,-8.5,No Discount
2024-08-16,West,Printer,16,483.37,Store B,Retail,0.1,Alice,6960.528,Debit Card,None,0,REG101480,Cust 8847,42.52,2024-08-16,2024-08-22,Wendy,6,6960.528,2024,8,3,2024-08,6960.528,6918.008,Mid (6–10%)
2025-05-30,North,Monitor,6,159.53,Store A,Retail,0.05,Bob,909.321,Gift Card,None,0,REG101481,Cust 7857,48.6,2025-05-30,2025-06-07,Ryan,8,909.321,2025,5,2,2025-05,909.321,860.721,Low (1–5%)
2023-08-22,East,Desk,19,280.6,Store A,Wholesale,0.1,Frank,4798.26,Gift Card,FREESHIP,0,REG101482,Cust 7810,35.94,2023-08-22,2023-08-28,Eric,6,4798.26,2023,8,3,2023-08,4798.26,4762.320000000001,Mid (6–10%)
2024-01-23,East,Tablet,2,389.98,Store D,Wholesale,0.05,Carlos,740.962,Debit Card,SAVE10,1,REG101483,Cust 5665,24.55,2024-01-23,2024-01-25,Eric,2,740.962,2024,1,1,2024-01,0.0,-24.55,Low (1–5%)
2023-03-16,North,Monitor,17,485.3,Store D,Retail,0.15,Diana,7012.585,Cash,WINTER15,0,REG101484,Cust 8015,37.94,2023-03-16,2023-03-23,Ryan,7,7012.585,2023,3,1,2023-03,7012.585,6974.645,High (11–15%)
2025-05-16,South,Laptop,4,472.24,Store D,Retail,0.0,Alice,1888.96,Gift Card,FREESHIP,1,REG101485,Cust 7211,6.78,2025-05-16,2025-05-21,Sophie,5,1888.96,2025,5,2,2025-05,0.0,-6.78,No Discount
2023-05-23,East,Monitor,8,143.53,Store D,Wholesale,0.0,Alice,1148.24,Cash,WINTER15,0,REG101486,Cust 8705,9.1,2023-05-23,2023-05-29,Eric,6,1148.24,2023,5,2,2023-05,1148.24,1139.14,No Discount
2024-06-16,North,Chair,5,159.92,Store B,Wholesale,0.0,Carlos,799.5999999999999,Cash,SAVE10,0,REG101487,Cust 2905,10.86,2024-06-16,2024-06-23,Ryan,7,799.5999999999999,2024,6,2,2024-06,799.5999999999999,788.7399999999999,No Discount
2025-01-28,Central,Monitor,13,447.34,Store A,Wholesale,0.05,Frank,5524.648999999999,Cash,SAVE10,0,REG101488,Cust 5777,38.93,2025-01-28,2025-02-04,Cameron,7,5524.648999999999,2025,1,1,2025-01,5524.648999999999,5485.718999999999,Low (1–5%)
2024-11-27,South,Phone,13,196.8,Store B,Retail,0.1,Diana,2302.56,Cash,None,0,REG101489,Cust 6695,10.12,2024-11-27,2024-12-07,Sophie,10,2302.56,2024,11,4,2024-11,2302.56,2292.44,Mid (6–10%)
2023-10-09,Central,Chair,3,485.81,Store A,Wholesale,0.1,Eva,1311.687,Debit Card,SAVE10,0,REG101490,Cust 1977,19.46,2023-10-09,2023-10-11,Cameron,2,1311.6870000000001,2023,10,4,2023-10,1311.687,1292.2269999999999,Mid (6–10%)
2024-07-21,West,Phone,16,183.62,Store A,Wholesale,0.05,Bob,2791.024,Gift Card,WINTER15,0,REG101491,Cust 7979,6.56,2024-07-21,2024-07-31,Wendy,10,2791.024,2024,7,3,2024-07,2791.024,2784.464,Low (1–5%)
2024-07-03,East,Monitor,2,373.07,Store A,Retail,0.05,Diana,708.833,Credit Card,FREESHIP,0,REG101492,Cust 2437,26.9,2024-07-03,2024-07-07,Eric,4,708.833,2024,7,3,2024-07,708.833,681.933,Low (1–5%)
2024-09-24,West,Monitor,17,527.68,Store B,Wholesale,0.0,Diana,8970.56,Gift Card,FREESHIP,0,REG101493,Cust 2516,29.19,2024-09-24,2024-10-02,Wendy,8,8970.56,2024,9,3,2024-09,8970.56,8941.369999999999,No Discount
2025-01-14,East,Tablet,5,201.29,Store D,Wholesale,0.0,Carlos,1006.45,Online,FREESHIP,0,REG101494,Cust 6791,49.13,2025-01-14,2025-01-21,Eric,7,1006.4499999999999,2025,1,1,2025-01,1006.45,957.32,No Discount
2025-02-17,West,Desk,13,134.56,Store D,Retail,0.05,Carlos,1661.816,Credit Card,WINTER15,0,REG101495,Cust 5227,35.63,2025-02-17,2025-02-22,Wendy,5,1661.8159999999998,2025,2,1,2025-02,1661.816,1626.186,Low (1–5%)
2024-01-11,South,Chair,18,209.75,Store C,Wholesale,0.15,Frank,3209.175,Debit Card,FREESHIP,0,REG101496,Cust 5559,45.93,2024-01-11,2024-01-17,Sophie,6,3209.1749999999997,2024,1,1,2024-01,3209.175,3163.2450000000003,High (11–15%)
2024-07-27,East,Desk,1,272.5,Store A,Wholesale,0.0,Eva,272.5,Gift Card,WINTER15,0,REG101497,Cust 8981,35.56,2024-07-27,2024-08-03,Eric,7,272.5,2024,7,3,2024-07,272.5,236.94,No Discount
2024-12-03,Central,Monitor,14,262.67,Store A,Retail,0.05,Carlos,3493.511,Gift Card,SAVE10,0,REG101498,Cust 1824,24.53,2024-12-03,2024-12-10,Cameron,7,3493.511,2024,12,4,2024-12,3493.511,3468.9809999999998,Low (1–5%)
2025-05-09,West,Chair,13,221.39,Store D,Wholesale,0.0,Frank,2878.07,Debit Card,FREESHIP,1,REG101499,Cust 1935,21.05,2025-05-09,2025-05-13,Wendy,4,2878.0699999999997,2025,5,2,2025-05,0.0,-21.05,No Discount
